[Licensing::Module] Trying to connect to existing licensing client channel...
Built from '6000.3/staging' branch; Version is '6000.3.12f1 (fca03ac9b0d5) revision 16556090'; Using compiler version '194234433'; Build Type 'Release'
OS: 'Windows 11  (10.0.26200) Professional' Language: 'ru' Physical Memory: 16305 MB
[Licensing::IpcConnector] Successfully connected to: "LicenseClient-buhar" at "2026-04-23T21:58:37.9361904Z"
BatchMode: 1, IsHumanControllingUs: 0, StartBugReporterOnCrash: 0, Is64bit: 1
System  architecture: x64
Process architecture: x64
Date: 2026-04-23T21:58:37Z

COMMAND LINE ARGUMENTS:
D:\unityEditors\6000.3.12f1\Editor\Unity.exe
-adb2
-batchMode
-noUpm
-name
AssetImportWorker0
-projectPath
C:/Users/buhar/Documents/GitHub/unity-game
-logFile
Logs/AssetImportWorker0.log
-srvPort
51231
-licensingIpc
LicenseClient-buhar
-job-worker-count
7
-background-job-worker-count
8
-gc-helper-count
1
-name
AssetImport
Successfully changed project path to: C:/Users/buhar/Documents/GitHub/unity-game
C:/Users/buhar/Documents/GitHub/unity-game
[UnityMemory] Configuration Parameters - Can be set up in boot.config
    "memorysetup-temp-allocator-size-nav-mesh-worker=65536"
    "memorysetup-temp-allocator-size-audio-worker=65536"
    "memorysetup-temp-allocator-size-gfx=262144"
    "memorysetup-allocator-temp-initial-block-size-main=262144"
    "memorysetup-allocator-temp-initial-block-size-worker=262144"
    "memorysetup-temp-allocator-size-background-worker=32768"
    "memorysetup-temp-allocator-size-job-worker=262144"
    "memorysetup-temp-allocator-size-preload-manager=33554432"
    "memorysetup-temp-allocator-size-gi-baking-worker=262144"
    "memorysetup-temp-allocator-size-gi-baking-worker=262144"
    "memorysetup-temp-allocator-size-gi-baking-worker=262144"
    "memorysetup-temp-allocator-size-gi-baking-worker=262144"
    "memorysetup-temp-allocator-size-gi-baking-worker=262144"
    "memorysetup-bucket-allocator-granularity=16"
    "memorysetup-bucket-allocator-bucket-count=8"
    "memorysetup-bucket-allocator-block-size=33554432"
    "memorysetup-bucket-allocator-block-count=8"
    "memorysetup-main-allocator-block-size=16777216"
    "memorysetup-thread-allocator-block-size=16777216"
    "memorysetup-gfx-main-allocator-block-size=16777216"
    "memorysetup-gfx-thread-allocator-block-size=16777216"
    "memorysetup-cache-allocator-block-size=4194304"
    "memorysetup-typetree-allocator-block-size=2097152"
    "memorysetup-profiler-bucket-allocator-granularity=16"
    "memorysetup-profiler-bucket-allocator-bucket-count=8"
    "memorysetup-profiler-bucket-allocator-block-size=33554432"
    "memorysetup-profiler-bucket-allocator-block-count=8"
    "memorysetup-profiler-allocator-block-size=16777216"
    "memorysetup-profiler-editor-allocator-block-size=1048576"
    "memorysetup-temp-allocator-size-main=16777216"
    "memorysetup-job-temp-allocator-block-size=2097152"
    "memorysetup-job-temp-allocator-block-size-background=1048576"
    "memorysetup-job-temp-allocator-reduction-small-platforms=262144"
    "memorysetup-temp-allocator-size-cloud-worker=32768"
Player connection [13224]  Target information:

Player connection [13224]  * "[IP] 192.168.1.4 [Port] 0 [Flags] 2 [Guid] 666002447 [EditorId] 666002447 [Version] 1048832 [Id] WindowsEditor(7,MyHome) [Debug] 1 [PackageName] WindowsEditor [ProjectName] Editor" 

Player connection [13224]  * "[IP] 26.140.49.209 [Port] 0 [Flags] 2 [Guid] 666002447 [EditorId] 666002447 [Version] 1048832 [Id] WindowsEditor(7,MyHome) [Debug] 1 [PackageName] WindowsEditor [ProjectName] Editor" 

Player connection [13224] Host joined multi-casting on [225.0.0.222:54997]...
Player connection [13224] Host joined alternative multi-casting on [225.0.0.222:34997]...
JobSystem: Creating JobQueue using job-worker-count value 7
Input System module state changed to: Initialized.
[Physics::Module] Initialized fallback backend.
[Physics::Module] Id: 0xdecafbad
Library Redirect Path: Library/
[Physics::Module] Selected backend.
[Physics::Module] Name: PhysX
[Physics::Module] Id: 0xf2b8ea05
[Physics::Module] SDK Version: 4.1.2
[Physics::Module] Integration Version: 1.0.0
[Physics::Module] Threading Mode: Multi-Threaded
Refreshing native plugins compatible for Editor in 2.94 ms, found 3 plugins.
Preloading 0 native plugins for Editor in 0.00 ms.
Initialize engine version: 6000.3.12f1 (fca03ac9b0d5)
[Subsystems] Discovering subsystems at path D:/unityEditors/6000.3.12f1/Editor/Data/Resources/UnitySubsystems
[Subsystems] Discovering subsystems at path C:/Users/buhar/Documents/GitHub/unity-game/Assets
GfxDevice: creating device client; kGfxThreadingModeNonThreaded
Direct3D:
    Version:  Direct3D 11.0 [level 11.1]
    Renderer: NVIDIA GeForce RTX 2060 (ID=0x1f03)
    Vendor:   NVIDIA
    VRAM:     12061 MB
    Driver:   32.0.15.9621
Initialize mono
Mono path[0] = 'D:/unityEditors/6000.3.12f1/Editor/Data/Managed'
Mono path[1] = 'D:/unityEditors/6000.3.12f1/Editor/Data/MonoBleedingEdge/lib/mono/unityjit-win32'
Mono config path = 'D:/unityEditors/6000.3.12f1/Editor/Data/MonoBleedingEdge/etc'
Using monoOptions --debugger-agent=transport=dt_socket,embedding=1,server=y,suspend=n,address=127.0.0.1:56104
Begin MonoManager ReloadAssembly
Registering precompiled unity dll's ...
Register platform support module: D:/unityEditors/6000.3.12f1/Editor/Data/PlaybackEngines/WindowsStandaloneSupport/UnityEditor.WindowsStandalone.Extensions.dll
Registered in 0.001103 seconds.
- Loaded All Assemblies, in  0.415 seconds
Native extension for WindowsStandalone target not found
[Licensing::Client] Error: HandshakeResponse reported an error:
	ResponseCode: 505
	ResponseStatus: Unsupported protocol version '1.18.1'.
[Licensing::Module] Error: Failed to handshake to channel: "LicenseClient-buhar"
[Licensing::IpcConnector] LicenseClient-buhar channel disconnected successfully.
[Licensing::IpcConnector] Successfully connected to: "LicenseClient-buhar-6000.3.12" at "2026-04-23T21:58:39.0846437Z"
Package Manager log level set to [2]
[Package Manager] Failed to launch server process. Reason: Unity was launched with the -noUpm command-line argument
[Package Manager] Unable to send message (not connected to server process).
[Package Manager] Cannot connect to Unity Package Manager local server
ScheduleIndexationOnStartup MainProcess:False IndexOnStartup:True
Mono: successfully reloaded assembly
- Finished resetting the current domain, in  0.432 seconds
Domain Reload Profiling: 847ms
	BeginReloadAssembly (136ms)
		ExecutionOrderSort (0ms)
		DisableScriptedObjects (0ms)
		BackupInstance (0ms)
		ReleaseScriptingObjects (0ms)
		CreateAndSetChildDomain (1ms)
	RebuildCommonClasses (39ms)
	RebuildNativeTypeToScriptingClass (16ms)
	initialDomainReloadingComplete (42ms)
	LoadAllAssembliesAndSetupDomain (182ms)
		LoadAssemblies (135ms)
		RebuildTransferFunctionScriptingTraits (0ms)
		AnalyzeDomain (179ms)
			TypeCache.Refresh (177ms)
				TypeCache.ScanAssembly (162ms)
			BuildScriptInfoCaches (0ms)
			ResolveRequiredComponents (0ms)
	FinalizeReload (432ms)
		ReleaseScriptCaches (0ms)
		RebuildScriptCaches (0ms)
		SetupLoadedEditorAssemblies (390ms)
			LogAssemblyErrors (0ms)
			InitializePlatformSupportModulesInManaged (49ms)
			SetLoadedEditorAssemblies (4ms)
			BeforeProcessingInitializeOnLoad (93ms)
			ProcessInitializeOnLoadAttributes (154ms)
			ProcessInitializeOnLoadMethodAttributes (90ms)
			AfterProcessingInitializeOnLoad (0ms)
			EditorAssembliesLoaded (0ms)
		ExecutionOrderSort2 (0ms)
		AwakeInstancesAfterBackupRestoration (0ms)
========================================================================
Worker process is ready to serve import requests
Import Worker Mode flag is 0x00
Begin MonoManager ReloadAssembly
[Licensing::Module] Licensing is not yet initialized.
[Licensing::Client] Handshaking with LicensingClient:
  Version:                 1.18.1+9fbee8e
  Session Id:              c18be166f6a740f89b7e4edfdc31d1ae
  Correlation Id:          7619c68a25aa90dd9f52a090342b4dc5
  External correlation Id: 7396752411620591335
  Machine Id:              9KEhwMiSjncci1TrFyVoGi62g20=
[Licensing::Module] Successfully connected to LicensingClient on channel: "LicenseClient-buhar-6000.3.12" (connect: 0.00s, validation: 0.01s, handshake: 1.02s)
[Licensing::IpcConnector] Successfully connected to: "LicenseClient-buhar-6000.3.12-notifications" at "2026-04-23T21:58:40.1102601Z"
[Licensing::Module] Licensing Background thread has ended after 2.17s
[Licensing::Module] Licensing is initialized (took 0.55s).
[Licensing::Client] Successfully resolved entitlement details
[Licensing::Module] License group:
  Id: 10171580425170-UnityPersXXXX
  Product: Unity Personal
  Type: Assigned
  Expiration: Unlimited
- Loaded All Assemblies, in  1.224 seconds
Refreshing native plugins compatible for Editor in 0.72 ms, found 3 plugins.
Native extension for WindowsStandalone target not found
[Package Manager] Failed to launch server process. Reason: Unity was launched with the -noUpm command-line argument
[Package Manager] Unable to send message (not connected to server process).
[Package Manager] Cannot connect to Unity Package Manager local server
[Package Manager] Failed to launch server process. Reason: Unity was launched with the -noUpm command-line argument
[Package Manager] Unable to send message (not connected to server process).
[Package Manager] Cannot connect to Unity Package Manager local server
ScheduleIndexationOnStartup MainProcess:False IndexOnStartup:True
Mono: successfully reloaded assembly
- Finished resetting the current domain, in  0.600 seconds
Domain Reload Profiling: 1822ms
	BeginReloadAssembly (726ms)
		ExecutionOrderSort (0ms)
		DisableScriptedObjects (5ms)
		BackupInstance (0ms)
		ReleaseScriptingObjects (0ms)
		CreateAndSetChildDomain (27ms)
	RebuildCommonClasses (41ms)
	RebuildNativeTypeToScriptingClass (14ms)
	initialDomainReloadingComplete (33ms)
	LoadAllAssembliesAndSetupDomain (408ms)
		LoadAssemblies (294ms)
		RebuildTransferFunctionScriptingTraits (0ms)
		AnalyzeDomain (216ms)
			TypeCache.Refresh (160ms)
				TypeCache.ScanAssembly (147ms)
			BuildScriptInfoCaches (46ms)
			ResolveRequiredComponents (7ms)
	FinalizeReload (600ms)
		ReleaseScriptCaches (0ms)
		RebuildScriptCaches (0ms)
		SetupLoadedEditorAssemblies (475ms)
			LogAssemblyErrors (0ms)
			InitializePlatformSupportModulesInManaged (2ms)
			SetLoadedEditorAssemblies (3ms)
			BeforeProcessingInitializeOnLoad (123ms)
			ProcessInitializeOnLoadAttributes (306ms)
			ProcessInitializeOnLoadMethodAttributes (38ms)
			AfterProcessingInitializeOnLoad (3ms)
			EditorAssembliesLoaded (0ms)
		ExecutionOrderSort2 (0ms)
		AwakeInstancesAfterBackupRestoration (6ms)
Launched and connected shader compiler UnityShaderCompiler.exe after 0.03 seconds
Refreshing native plugins compatible for Editor in 0.81 ms, found 3 plugins.
Preloading 0 native plugins for Editor in 0.00 ms.
Unloading 1 Unused Serialized files (Serialized files now loaded: 0)
Unloading 3770 unused Assets / (1.1 MB). Loaded Objects now: 4370.
Memory consumption went from 95.2 MB to 94.1 MB.
Total: 6.748100 ms (FindLiveObjects: 0.523100 ms CreateObjectMapping: 0.287900 ms MarkObjects: 4.742100 ms  DeleteObjects: 1.193900 ms)

========================================================================
Received Import Request.
  Time since last request: 20271.646167 seconds.
  path: Assets/Sprites/LoadScenes/scen 1/Безымянный-20158.png
  artifactKey: Guid(17b4b18f4da024c77b9e33616b1aafbf) Importer(2089858483,b0f066a214c2f5e87bad3c948f4d605d)
Start importing Assets/Sprites/LoadScenes/scen 1/Безымянный-20158.png using Guid(17b4b18f4da024c77b9e33616b1aafbf) Importer(2089858483,b0f066a214c2f5e87bad3c948f4d605d) (ScriptedImporter) -> (artifact id: '11371c6fe6c8f7c2cf5595c47cd9fba4') in 0.1368575 seconds
Number of updated asset objects reloaded before import = 0Number of asset objects unloaded after import = 3

========================================================================
Received Import Request.
  Time since last request: 0.000016 seconds.
  path: Assets/TextMesh Pro
  artifactKey: Guid(f54d1bd14bd3ca042bd867b519fee8cc) Importer(2089858483,b0f066a214c2f5e87bad3c948f4d605d)
Start importing Assets/TextMesh Pro using Guid(f54d1bd14bd3ca042bd867b519fee8cc) Importer(2089858483,b0f066a214c2f5e87bad3c948f4d605d) (ScriptedImporter) -> (artifact id: 'cb60da15d16c67b3e4583a15e7d6409f') in 0.009647 seconds
Number of updated asset objects reloaded before import = 0Number of asset objects unloaded after import = 1

========================================================================
Received Import Request.
  Time since last request: 0.000082 seconds.
  path: Assets/Prefabs/Rooms/CafeMaterials/Material.051.mat
  artifactKey: Guid(beea06e7fdf0b4321b4bfa394fbaf1af) Importer(2089858483,b0f066a214c2f5e87bad3c948f4d605d)
Start importing Assets/Prefabs/Rooms/CafeMaterials/Material.051.mat using Guid(beea06e7fdf0b4321b4bfa394fbaf1af) Importer(2089858483,b0f066a214c2f5e87bad3c948f4d605d) (ScriptedImporter) -> (artifact id: 'af3a439aff8d1c9bdfb2c13c88dd4e53') in 0.0309887 seconds
Number of updated asset objects reloaded before import = 0Number of asset objects unloaded after import = 1

========================================================================
Received Import Request.
  Time since last request: 0.000059 seconds.
  path: Assets/Scripts/Camera/MoveDirectionalPoint.cs
  artifactKey: Guid(41bf0982ff5f346b3b194a6fb64636e0) Importer(2089858483,b0f066a214c2f5e87bad3c948f4d605d)
Start importing Assets/Scripts/Camera/MoveDirectionalPoint.cs using Guid(41bf0982ff5f346b3b194a6fb64636e0) Importer(2089858483,b0f066a214c2f5e87bad3c948f4d605d) (ScriptedImporter) -> (artifact id: '7511081b724e8ce008522e07f486ff6d') in 0.0106104 seconds
Number of updated asset objects reloaded before import = 0Number of asset objects unloaded after import = 0

========================================================================
Received Import Request.
  Time since last request: 0.000064 seconds.
  path: Assets/Prefabs/Rooms/RoomsMaterials/Material.098.mat
  artifactKey: Guid(4291db37f9c544d34a259a222457ff4a) Importer(2089858483,b0f066a214c2f5e87bad3c948f4d605d)
Start importing Assets/Prefabs/Rooms/RoomsMaterials/Material.098.mat using Guid(4291db37f9c544d34a259a222457ff4a) Importer(2089858483,b0f066a214c2f5e87bad3c948f4d605d) (ScriptedImporter) -> (artifact id: 'dff1866526ff696706b4fd30c88ee50a') in 0.0104249 seconds
Number of updated asset objects reloaded before import = 0Number of asset objects unloaded after import = 1

========================================================================
Received Import Request.
  Time since last request: 0.000069 seconds.
  path: Assets/Prefabs/Rooms/CafeMaterials/7191_on_off.mat
  artifactKey: Guid(cffcda8eb6b2a438aa4601c313fb4657) Importer(2089858483,b0f066a214c2f5e87bad3c948f4d605d)
Start importing Assets/Prefabs/Rooms/CafeMaterials/7191_on_off.mat using Guid(cffcda8eb6b2a438aa4601c313fb4657) Importer(2089858483,b0f066a214c2f5e87bad3c948f4d605d) (ScriptedImporter) -> (artifact id: '7765fdcd5ee4bca6b4e7cd7c0ab6573f') in 0.0120301 seconds
Number of updated asset objects reloaded before import = 0Number of asset objects unloaded after import = 1

========================================================================
Received Import Request.
  Time since last request: 0.000077 seconds.
  path: Assets/Prefabs/Rooms/RoomsMaterials/M_table_coffee 1.mat
  artifactKey: Guid(a47984c2d1e5d4ca18a14e4f089d419c) Importer(2089858483,b0f066a214c2f5e87bad3c948f4d605d)
Start importing Assets/Prefabs/Rooms/RoomsMaterials/M_table_coffee 1.mat using Guid(a47984c2d1e5d4ca18a14e4f089d419c) Importer(2089858483,b0f066a214c2f5e87bad3c948f4d605d) (ScriptedImporter) -> (artifact id: 'd8ce90c977ef6464123d199e4243627a') in 0.0105058 seconds
Number of updated asset objects reloaded before import = 0Number of asset objects unloaded after import = 1

========================================================================
Received Import Request.
  Time since last request: 0.000086 seconds.
  path: Assets/Prefabs/Rooms/RoomsMaterials/M_sunflower_stalk 1.mat
  artifactKey: Guid(e6176298aa5494b28920704da09f547c) Importer(2089858483,b0f066a214c2f5e87bad3c948f4d605d)
Start importing Assets/Prefabs/Rooms/RoomsMaterials/M_sunflower_stalk 1.mat using Guid(e6176298aa5494b28920704da09f547c) Importer(2089858483,b0f066a214c2f5e87bad3c948f4d605d) (ScriptedImporter) -> (artifact id: '6b37ba04e7c74acf692469d9202beb8d') in 0.0107558 seconds
Number of updated asset objects reloaded before import = 0Number of asset objects unloaded after import = 1

========================================================================
Received Import Request.
  Time since last request: 0.000048 seconds.
  path: Assets/QuickOutline/Resources/Shaders/OutlineMask.shader
  artifactKey: Guid(341b058cd7dee4f5cba5cc59a513619e) Importer(2089858483,b0f066a214c2f5e87bad3c948f4d605d)
Start importing Assets/QuickOutline/Resources/Shaders/OutlineMask.shader using Guid(341b058cd7dee4f5cba5cc59a513619e) Importer(2089858483,b0f066a214c2f5e87bad3c948f4d605d) (ScriptedImporter) -> (artifact id: '586badd117a4588bb33cac2f47e3122e') in 0.0139632 seconds
Number of updated asset objects reloaded before import = 0Number of asset objects unloaded after import = 1

========================================================================
Received Import Request.
  Time since last request: 0.000053 seconds.
  path: Assets/Scenes/City.unity
  artifactKey: Guid(3171bee089b5b4973b9c154f7d34cecc) Importer(2089858483,b0f066a214c2f5e87bad3c948f4d605d)
Start importing Assets/Scenes/City.unity using Guid(3171bee089b5b4973b9c154f7d34cecc) Importer(2089858483,b0f066a214c2f5e87bad3c948f4d605d) (ScriptedImporter) -> (artifact id: 'dfef03c27d059dff815a13b49b7825bb') in 0.0107326 seconds
Number of updated asset objects reloaded before import = 0Number of asset objects unloaded after import = 1

========================================================================
Received Import Request.
  Time since last request: 0.000027 seconds.
  path: Assets/Prefabs/Rooms/RoomsMaterials/Material_52 1.mat
  artifactKey: Guid(b76bcbb91757f48809fcd3b5a9e8311f) Importer(2089858483,b0f066a214c2f5e87bad3c948f4d605d)
Start importing Assets/Prefabs/Rooms/RoomsMaterials/Material_52 1.mat using Guid(b76bcbb91757f48809fcd3b5a9e8311f) Importer(2089858483,b0f066a214c2f5e87bad3c948f4d605d) (ScriptedImporter) -> (artifact id: 'fa153ef6ce69d237ff160b33e3717b1e') in 0.0127401 seconds
Number of updated asset objects reloaded before import = 0Number of asset objects unloaded after import = 1

========================================================================
Received Import Request.
  Time since last request: 0.000048 seconds.
  path: Assets/Prefabs/Rooms/CafeMaterials/Material.020.mat
  artifactKey: Guid(cfde5653112c94ca1a8eff3a8df1c278) Importer(2089858483,b0f066a214c2f5e87bad3c948f4d605d)
Start importing Assets/Prefabs/Rooms/CafeMaterials/Material.020.mat using Guid(cfde5653112c94ca1a8eff3a8df1c278) Importer(2089858483,b0f066a214c2f5e87bad3c948f4d605d) (ScriptedImporter) -> (artifact id: 'a19e04eed2ab3aef83b8e87bde0c5388') in 0.0106284 seconds
Number of updated asset objects reloaded before import = 0Number of asset objects unloaded after import = 1

========================================================================
Received Import Request.
  Time since last request: 0.000106 seconds.
  path: Assets/Prefabs/Network/Icons/free-icon-cloud-server-3470445.png
  artifactKey: Guid(ff2e8088cc9f34c36b654880bf248eb7) Importer(2089858483,b0f066a214c2f5e87bad3c948f4d605d)
Start importing Assets/Prefabs/Network/Icons/free-icon-cloud-server-3470445.png using Guid(ff2e8088cc9f34c36b654880bf248eb7) Importer(2089858483,b0f066a214c2f5e87bad3c948f4d605d) (ScriptedImporter) -> (artifact id: '3059207029780de61f7baf21d4d7a9c3') in 0.0140429 seconds
Number of updated asset objects reloaded before import = 0Number of asset objects unloaded after import = 3

========================================================================
Received Import Request.
  Time since last request: 0.000064 seconds.
  path: Assets/Prefabs/Rooms/RoomsMaterials/M_tray 1.mat
  artifactKey: Guid(a3fd13a57d7234444bff974d9605d0a8) Importer(2089858483,b0f066a214c2f5e87bad3c948f4d605d)
Start importing Assets/Prefabs/Rooms/RoomsMaterials/M_tray 1.mat using Guid(a3fd13a57d7234444bff974d9605d0a8) Importer(2089858483,b0f066a214c2f5e87bad3c948f4d605d) (ScriptedImporter) -> (artifact id: '0e9cf3e5fd4585385d63b62f49c34abd') in 0.0127662 seconds
Number of updated asset objects reloaded before import = 0Number of asset objects unloaded after import = 1

========================================================================
Received Import Request.
  Time since last request: 0.000063 seconds.
  path: Assets/Prefabs/Rooms/RoomsMaterials/Material.014 2.mat
  artifactKey: Guid(a16d151ddb9484a09882fcd0ed7e5ee4) Importer(2089858483,b0f066a214c2f5e87bad3c948f4d605d)
Start importing Assets/Prefabs/Rooms/RoomsMaterials/Material.014 2.mat using Guid(a16d151ddb9484a09882fcd0ed7e5ee4) Importer(2089858483,b0f066a214c2f5e87bad3c948f4d605d) (ScriptedImporter) -> (artifact id: '3e34761349c887ab82be37d55c309e42') in 0.0097962 seconds
Number of updated asset objects reloaded before import = 0Number of asset objects unloaded after import = 1

========================================================================
Received Import Request.
  Time since last request: 0.000080 seconds.
  path: Assets/Prefabs/Rooms/CafeMaterials/Material.053.mat
  artifactKey: Guid(ac7ceb4ec89964a15aae2d1a3816dc32) Importer(2089858483,b0f066a214c2f5e87bad3c948f4d605d)
Start importing Assets/Prefabs/Rooms/CafeMaterials/Material.053.mat using Guid(ac7ceb4ec89964a15aae2d1a3816dc32) Importer(2089858483,b0f066a214c2f5e87bad3c948f4d605d) (ScriptedImporter) -> (artifact id: 'ab586d21fd42114c7e5ad3c707e79ffa') in 0.0124195 seconds
Number of updated asset objects reloaded before import = 0Number of asset objects unloaded after import = 1

========================================================================
Received Import Request.
  Time since last request: 0.000079 seconds.
  path: Assets/VFX/Skybox/Sky.mat
  artifactKey: Guid(667b741df9e28410c8c81c2061f51ca5) Importer(2089858483,b0f066a214c2f5e87bad3c948f4d605d)
Start importing Assets/VFX/Skybox/Sky.mat using Guid(667b741df9e28410c8c81c2061f51ca5) Importer(2089858483,b0f066a214c2f5e87bad3c948f4d605d) (ScriptedImporter) -> (artifact id: '484916348ecf80005d787559a26d1382') in 0.0117544 seconds
Number of updated asset objects reloaded before import = 0Number of asset objects unloaded after import = 1

========================================================================
Received Import Request.
  Time since last request: 0.000068 seconds.
  path: Assets/Prefabs/Rooms/CafeMaterials/Metal.007.mat
  artifactKey: Guid(ff86802248386484b8e9f5a0a8a5a58d) Importer(2089858483,b0f066a214c2f5e87bad3c948f4d605d)
Start importing Assets/Prefabs/Rooms/CafeMaterials/Metal.007.mat using Guid(ff86802248386484b8e9f5a0a8a5a58d) Importer(2089858483,b0f066a214c2f5e87bad3c948f4d605d) (ScriptedImporter) -> (artifact id: '7eb4fc6b03add0eb745b5a606f5ecfa4') in 0.0101688 seconds
Number of updated asset objects reloaded before import = 0Number of asset objects unloaded after import = 1

========================================================================
Received Import Request.
  Time since last request: 0.000026 seconds.
  path: Assets/Prefabs/Rooms/RoomsMaterials/Material.100.mat
  artifactKey: Guid(fde2ed80ff1bd4d8bb1f1eece5c13936) Importer(2089858483,b0f066a214c2f5e87bad3c948f4d605d)
Start importing Assets/Prefabs/Rooms/RoomsMaterials/Material.100.mat using Guid(fde2ed80ff1bd4d8bb1f1eece5c13936) Importer(2089858483,b0f066a214c2f5e87bad3c948f4d605d) (ScriptedImporter) -> (artifact id: '843802d1ea8d5bd9579c5f226db144a2') in 0.0112965 seconds
Number of updated asset objects reloaded before import = 0Number of asset objects unloaded after import = 1

========================================================================
Received Import Request.
  Time since last request: 0.000077 seconds.
  path: Assets/Prefabs/Rooms/RoomsMaterials/Material.005 1.mat
  artifactKey: Guid(cca2f763b7e7a4b8ea50a2283e35e305) Importer(2089858483,b0f066a214c2f5e87bad3c948f4d605d)
Start importing Assets/Prefabs/Rooms/RoomsMaterials/Material.005 1.mat using Guid(cca2f763b7e7a4b8ea50a2283e35e305) Importer(2089858483,b0f066a214c2f5e87bad3c948f4d605d) (ScriptedImporter) -> (artifact id: '251edb623554161e6e48e7a596d0f100') in 0.0103295 seconds
Number of updated asset objects reloaded before import = 0Number of asset objects unloaded after import = 1

========================================================================
Received Import Request.
  Time since last request: 0.000076 seconds.
  path: Assets/Prefabs/Rooms/CafeMaterials/Procedural coffee bean.mat
  artifactKey: Guid(d0f3636b7be014bdf92b93f27fecca8c) Importer(2089858483,b0f066a214c2f5e87bad3c948f4d605d)
Start importing Assets/Prefabs/Rooms/CafeMaterials/Procedural coffee bean.mat using Guid(d0f3636b7be014bdf92b93f27fecca8c) Importer(2089858483,b0f066a214c2f5e87bad3c948f4d605d) (ScriptedImporter) -> (artifact id: 'cce359907f998df2c6f26961da7a72f1') in 0.0107459 seconds
Number of updated asset objects reloaded before import = 0Number of asset objects unloaded after import = 1

========================================================================
Received Import Request.
  Time since last request: 0.000058 seconds.
  path: Assets/Scenes/Scene3.unity
  artifactKey: Guid(ab16aec84b3324c4bb02a49d1b134ae2) Importer(2089858483,b0f066a214c2f5e87bad3c948f4d605d)
Start importing Assets/Scenes/Scene3.unity using Guid(ab16aec84b3324c4bb02a49d1b134ae2) Importer(2089858483,b0f066a214c2f5e87bad3c948f4d605d) (ScriptedImporter) -> (artifact id: '22f11f7dde792f58c81261370c674509') in 0.0112319 seconds
Number of updated asset objects reloaded before import = 0Number of asset objects unloaded after import = 1

========================================================================
Received Import Request.
  Time since last request: 0.000095 seconds.
  path: Assets/New Terrain.asset
  artifactKey: Guid(dc08e353e97fe4cf5906a6c78f87e02e) Importer(815301076,1909f56bfc062723c751e8b465ee728b)
Start importing Assets/New Terrain.asset using Guid(dc08e353e97fe4cf5906a6c78f87e02e) Importer(815301076,1909f56bfc062723c751e8b465ee728b) (PreviewImporter) -> (artifact id: '69f7d19812b89eed01c8246781ebd1ab') in 0.0217341 seconds
Number of updated asset objects reloaded before import = 0Number of asset objects unloaded after import = 1

========================================================================
Received Import Request.
  Time since last request: 0.000020 seconds.
  path: Assets/Prefabs/Rooms/CafeMaterials/gold.mat
  artifactKey: Guid(47d635066f82143bcb7e8724108381fd) Importer(2089858483,b0f066a214c2f5e87bad3c948f4d605d)
Start importing Assets/Prefabs/Rooms/CafeMaterials/gold.mat using Guid(47d635066f82143bcb7e8724108381fd) Importer(2089858483,b0f066a214c2f5e87bad3c948f4d605d) (ScriptedImporter) -> (artifact id: 'a22552550ca49183c41bfc521c822451') in 0.010839 seconds
Number of updated asset objects reloaded before import = 0Number of asset objects unloaded after import = 1

========================================================================
Received Import Request.
  Time since last request: 0.000054 seconds.
  path: Assets/Sprites/LoadScenes/scen 1/Безымянный-20033.png
  artifactKey: Guid(77dfc7d2688e6416db48732ab5c0528b) Importer(2089858483,b0f066a214c2f5e87bad3c948f4d605d)
Start importing Assets/Sprites/LoadScenes/scen 1/Безымянный-20033.png using Guid(77dfc7d2688e6416db48732ab5c0528b) Importer(2089858483,b0f066a214c2f5e87bad3c948f4d605d) (ScriptedImporter) -> (artifact id: 'c67eb1a23f6241167ee6c48973c1c74c') in 0.0153465 seconds
Number of updated asset objects reloaded before import = 0Number of asset objects unloaded after import = 3

========================================================================
Received Import Request.
  Time since last request: 0.000023 seconds.
  path: Assets/Prefabs/Rooms/RoomsMaterials/M_door 2.mat
  artifactKey: Guid(a53e592bd06ab402583420aa7d155624) Importer(2089858483,b0f066a214c2f5e87bad3c948f4d605d)
Start importing Assets/Prefabs/Rooms/RoomsMaterials/M_door 2.mat using Guid(a53e592bd06ab402583420aa7d155624) Importer(2089858483,b0f066a214c2f5e87bad3c948f4d605d) (ScriptedImporter) -> (artifact id: 'cf8ed7ca8a2016a596345c305589ebfc') in 0.0101834 seconds
Number of updated asset objects reloaded before import = 0Number of asset objects unloaded after import = 1

========================================================================
Received Import Request.
  Time since last request: 0.000103 seconds.
  path: Assets/Prefabs/Rooms/RoomsMaterials/M_side_table_handle 1.mat
  artifactKey: Guid(83b7931aacd5e45a8af66b88149ab0f1) Importer(2089858483,b0f066a214c2f5e87bad3c948f4d605d)
Start importing Assets/Prefabs/Rooms/RoomsMaterials/M_side_table_handle 1.mat using Guid(83b7931aacd5e45a8af66b88149ab0f1) Importer(2089858483,b0f066a214c2f5e87bad3c948f4d605d) (ScriptedImporter) -> (artifact id: 'c998f526c5e60534e446cdd33114f181') in 0.0110323 seconds
Number of updated asset objects reloaded before import = 0Number of asset objects unloaded after import = 1

========================================================================
Received Import Request.
  Time since last request: 0.000044 seconds.
  path: Assets/Prefabs/Rooms/CafeMaterials/Light Zebrano Wood.mat
  artifactKey: Guid(cae3378d55286434ba668db15577893e) Importer(2089858483,b0f066a214c2f5e87bad3c948f4d605d)
Start importing Assets/Prefabs/Rooms/CafeMaterials/Light Zebrano Wood.mat using Guid(cae3378d55286434ba668db15577893e) Importer(2089858483,b0f066a214c2f5e87bad3c948f4d605d) (ScriptedImporter) -> (artifact id: 'cb6dfb7225abbd892961ca237b6630c9') in 0.010381 seconds
Number of updated asset objects reloaded before import = 0Number of asset objects unloaded after import = 1

========================================================================
Received Import Request.
  Time since last request: 0.000021 seconds.
  path: Assets/Prefabs/Rooms/RoomsMaterials/comp_desk_remote.mat
  artifactKey: Guid(39f354976e7c64129803dcb309786f3a) Importer(2089858483,b0f066a214c2f5e87bad3c948f4d605d)
Start importing Assets/Prefabs/Rooms/RoomsMaterials/comp_desk_remote.mat using Guid(39f354976e7c64129803dcb309786f3a) Importer(2089858483,b0f066a214c2f5e87bad3c948f4d605d) (ScriptedImporter) -> (artifact id: '8352a12e9388b3fb7a453c7426869f16') in 0.0116418 seconds
Number of updated asset objects reloaded before import = 0Number of asset objects unloaded after import = 1

========================================================================
Received Import Request.
  Time since last request: 0.000096 seconds.
  path: Assets/Prefabs/Rooms/RoomsMaterials/Material.033.mat
  artifactKey: Guid(4473ede063899462bb1b899fa8eb8799) Importer(2089858483,b0f066a214c2f5e87bad3c948f4d605d)
Start importing Assets/Prefabs/Rooms/RoomsMaterials/Material.033.mat using Guid(4473ede063899462bb1b899fa8eb8799) Importer(2089858483,b0f066a214c2f5e87bad3c948f4d605d) (ScriptedImporter) -> (artifact id: '76bf483d1f4afc8eab27d4e9961773fe') in 0.0098682 seconds
Number of updated asset objects reloaded before import = 0Number of asset objects unloaded after import = 1

========================================================================
Received Import Request.
  Time since last request: 0.000061 seconds.
  path: Assets/Prefabs/Rooms/RoomsMaterials/M_window_frames_001.mat
  artifactKey: Guid(1ac4fa95906964df6bba26e893ab122a) Importer(2089858483,b0f066a214c2f5e87bad3c948f4d605d)
Start importing Assets/Prefabs/Rooms/RoomsMaterials/M_window_frames_001.mat using Guid(1ac4fa95906964df6bba26e893ab122a) Importer(2089858483,b0f066a214c2f5e87bad3c948f4d605d) (ScriptedImporter) -> (artifact id: 'dc1cc5ef3b49b3c3da87ae9c14391017') in 0.0106387 seconds
Number of updated asset objects reloaded before import = 0Number of asset objects unloaded after import = 1

========================================================================
Received Import Request.
  Time since last request: 0.000059 seconds.
  path: Assets/Prefabs/Rooms/RoomsMaterials/comp_desk 1.mat
  artifactKey: Guid(fe7f75ea7140b4bad96460bf99510d03) Importer(2089858483,b0f066a214c2f5e87bad3c948f4d605d)
Start importing Assets/Prefabs/Rooms/RoomsMaterials/comp_desk 1.mat using Guid(fe7f75ea7140b4bad96460bf99510d03) Importer(2089858483,b0f066a214c2f5e87bad3c948f4d605d) (ScriptedImporter) -> (artifact id: '017682e17a8d0579c1b32d23e4a1c9ae') in 0.0115455 seconds
Number of updated asset objects reloaded before import = 0Number of asset objects unloaded after import = 1

========================================================================
Received Import Request.
  Time since last request: 0.000071 seconds.
  path: Assets/Prefabs/Rooms/RoomsMaterials/lamp_cloth 1.mat
  artifactKey: Guid(2ba059b5bef5c424b9c2f098d688b685) Importer(2089858483,b0f066a214c2f5e87bad3c948f4d605d)
Start importing Assets/Prefabs/Rooms/RoomsMaterials/lamp_cloth 1.mat using Guid(2ba059b5bef5c424b9c2f098d688b685) Importer(2089858483,b0f066a214c2f5e87bad3c948f4d605d) (ScriptedImporter) -> (artifact id: '827348ad3ee51f828606912e107ce1ff') in 0.0113503 seconds
Number of updated asset objects reloaded before import = 0Number of asset objects unloaded after import = 1

========================================================================
Received Import Request.
  Time since last request: 0.000091 seconds.
  path: Assets/Sprites/LoadScenes/scen 1/Безымянный-20014.png
  artifactKey: Guid(04165968d20764341b42036a06a5207e) Importer(2089858483,b0f066a214c2f5e87bad3c948f4d605d)
Start importing Assets/Sprites/LoadScenes/scen 1/Безымянный-20014.png using Guid(04165968d20764341b42036a06a5207e) Importer(2089858483,b0f066a214c2f5e87bad3c948f4d605d) (ScriptedImporter) -> (artifact id: '77afded4381d5ca95c19157800fa92a5') in 0.0159858 seconds
Number of updated asset objects reloaded before import = 0Number of asset objects unloaded after import = 3

========================================================================
Received Import Request.
  Time since last request: 0.000028 seconds.
  path: Assets/Sprites/LoadScenes/scen 1/Безымянный-20090.png
  artifactKey: Guid(ac210eaa280b04023abe5381b5045b5f) Importer(2089858483,b0f066a214c2f5e87bad3c948f4d605d)
Start importing Assets/Sprites/LoadScenes/scen 1/Безымянный-20090.png using Guid(ac210eaa280b04023abe5381b5045b5f) Importer(2089858483,b0f066a214c2f5e87bad3c948f4d605d) (ScriptedImporter) -> (artifact id: '3b05f15fd791cd240ce5de8d298c2c7f') in 0.0191901 seconds
Number of updated asset objects reloaded before import = 0Number of asset objects unloaded after import = 3

========================================================================
Received Import Request.
  Time since last request: 0.000015 seconds.
  path: Assets/Prefabs/Rooms/CafeMaterials/Black plastic.mat
  artifactKey: Guid(99280d31497c94aa7b82dc866872a110) Importer(2089858483,b0f066a214c2f5e87bad3c948f4d605d)
Start importing Assets/Prefabs/Rooms/CafeMaterials/Black plastic.mat using Guid(99280d31497c94aa7b82dc866872a110) Importer(2089858483,b0f066a214c2f5e87bad3c948f4d605d) (ScriptedImporter) -> (artifact id: 'c8d631f25f01f00989f2f029ebb41cf8') in 0.0098405 seconds
Number of updated asset objects reloaded before import = 0Number of asset objects unloaded after import = 1

========================================================================
Received Import Request.
  Time since last request: 0.000058 seconds.
  path: Assets/Prefabs/Rooms/RoomsMaterials/Material.043 2.mat
  artifactKey: Guid(a063aab4bf7924663a036fdcf968cb97) Importer(2089858483,b0f066a214c2f5e87bad3c948f4d605d)
Start importing Assets/Prefabs/Rooms/RoomsMaterials/Material.043 2.mat using Guid(a063aab4bf7924663a036fdcf968cb97) Importer(2089858483,b0f066a214c2f5e87bad3c948f4d605d) (ScriptedImporter) -> (artifact id: 'f9320e7a6a5014a0d3f86f2b8729dc35') in 0.0114978 seconds
Number of updated asset objects reloaded before import = 0Number of asset objects unloaded after import = 1

========================================================================
Received Import Request.
  Time since last request: 0.000018 seconds.
  path: Assets/Prefabs/Rooms/RoomsMaterials/Material.071 2.mat
  artifactKey: Guid(737a0e6c83bc94ac3ab96782a1d967ab) Importer(2089858483,b0f066a214c2f5e87bad3c948f4d605d)
Start importing Assets/Prefabs/Rooms/RoomsMaterials/Material.071 2.mat using Guid(737a0e6c83bc94ac3ab96782a1d967ab) Importer(2089858483,b0f066a214c2f5e87bad3c948f4d605d) (ScriptedImporter) -> (artifact id: 'c4e20e4c6df65c9520c3a17e10e81dee') in 0.0103824 seconds
Number of updated asset objects reloaded before import = 0Number of asset objects unloaded after import = 1

========================================================================
Received Import Request.
  Time since last request: 0.000056 seconds.
  path: Assets/Sprites/LoadScenes/scen 1/Безымянный-20149.png
  artifactKey: Guid(af06e66b4111a4dc9b502ecb792d7f48) Importer(2089858483,b0f066a214c2f5e87bad3c948f4d605d)
Start importing Assets/Sprites/LoadScenes/scen 1/Безымянный-20149.png using Guid(af06e66b4111a4dc9b502ecb792d7f48) Importer(2089858483,b0f066a214c2f5e87bad3c948f4d605d) (ScriptedImporter) -> (artifact id: '22cbafc60806191824807eb8c20c0cea') in 0.0143221 seconds
Number of updated asset objects reloaded before import = 0Number of asset objects unloaded after import = 3

========================================================================
Received Import Request.
  Time since last request: 0.000024 seconds.
  path: Assets/Prefabs/Rooms/RoomsMaterials/Material.037 2.mat
  artifactKey: Guid(dd4d4e03a2dd94f6ab6e706d35939ceb) Importer(2089858483,b0f066a214c2f5e87bad3c948f4d605d)
Start importing Assets/Prefabs/Rooms/RoomsMaterials/Material.037 2.mat using Guid(dd4d4e03a2dd94f6ab6e706d35939ceb) Importer(2089858483,b0f066a214c2f5e87bad3c948f4d605d) (ScriptedImporter) -> (artifact id: '2201e5dee93742edc550cbc10c8d2179') in 0.0108457 seconds
Number of updated asset objects reloaded before import = 0Number of asset objects unloaded after import = 1

========================================================================
Received Import Request.
  Time since last request: 0.000020 seconds.
  path: Assets/Prefabs/Rooms/RoomsMaterials/Material.078 1.mat
  artifactKey: Guid(d041368d0e57e488fa2506d413917680) Importer(2089858483,b0f066a214c2f5e87bad3c948f4d605d)
Start importing Assets/Prefabs/Rooms/RoomsMaterials/Material.078 1.mat using Guid(d041368d0e57e488fa2506d413917680) Importer(2089858483,b0f066a214c2f5e87bad3c948f4d605d) (ScriptedImporter) -> (artifact id: 'ca1ee9f772dfc122b5e0c724cf441583') in 0.0113267 seconds
Number of updated asset objects reloaded before import = 0Number of asset objects unloaded after import = 1

========================================================================
Received Import Request.
  Time since last request: 0.000059 seconds.
  path: Assets/Prefabs/Rooms/CafeMaterials/wire_135006006.mat
  artifactKey: Guid(b3dccb7be512745f6b1fc9608cc9430d) Importer(2089858483,b0f066a214c2f5e87bad3c948f4d605d)
Start importing Assets/Prefabs/Rooms/CafeMaterials/wire_135006006.mat using Guid(b3dccb7be512745f6b1fc9608cc9430d) Importer(2089858483,b0f066a214c2f5e87bad3c948f4d605d) (ScriptedImporter) -> (artifact id: '485dd94e3ef48599500601720ba7b9bf') in 0.0092986 seconds
Number of updated asset objects reloaded before import = 0Number of asset objects unloaded after import = 1

========================================================================
Received Import Request.
  Time since last request: 0.000024 seconds.
  path: Assets/Sprites/city/gorod/gorod_00104.png
  artifactKey: Guid(ffa9e8a32ad6945dfa68246b29e8ac80) Importer(2089858483,b0f066a214c2f5e87bad3c948f4d605d)
Start importing Assets/Sprites/city/gorod/gorod_00104.png using Guid(ffa9e8a32ad6945dfa68246b29e8ac80) Importer(2089858483,b0f066a214c2f5e87bad3c948f4d605d) (ScriptedImporter) -> (artifact id: '6ed2299dc9065c07f248c923b1cfa7a1') in 0.0216222 seconds
Number of updated asset objects reloaded before import = 0Number of asset objects unloaded after import = 3

========================================================================
Received Import Request.
  Time since last request: 0.000020 seconds.
  path: Assets/Sprites/LoadScenes/scen 1/Безымянный-20068.png
  artifactKey: Guid(fed6cd6c46b7f4887a90c16d6c3c4d0f) Importer(2089858483,b0f066a214c2f5e87bad3c948f4d605d)
Start importing Assets/Sprites/LoadScenes/scen 1/Безымянный-20068.png using Guid(fed6cd6c46b7f4887a90c16d6c3c4d0f) Importer(2089858483,b0f066a214c2f5e87bad3c948f4d605d) (ScriptedImporter) -> (artifact id: '98c113ff9474225beafadfd0aef85d49') in 0.0148888 seconds
Number of updated asset objects reloaded before import = 0Number of asset objects unloaded after import = 3

========================================================================
Received Import Request.
  Time since last request: 0.000017 seconds.
  path: Assets/Prefabs/Rooms/RoomsMaterials/Material.033 2.mat
  artifactKey: Guid(620e5643ab1e14e53b8468be59c7420c) Importer(2089858483,b0f066a214c2f5e87bad3c948f4d605d)
Start importing Assets/Prefabs/Rooms/RoomsMaterials/Material.033 2.mat using Guid(620e5643ab1e14e53b8468be59c7420c) Importer(2089858483,b0f066a214c2f5e87bad3c948f4d605d) (ScriptedImporter) -> (artifact id: 'a21ea5f07efdba7504d87f17bcb717f2') in 0.0132552 seconds
Number of updated asset objects reloaded before import = 0Number of asset objects unloaded after import = 1

========================================================================
Received Import Request.
  Time since last request: 0.000051 seconds.
  path: Assets/Prefabs/Rooms/RoomsMaterials/chair_top.002.mat
  artifactKey: Guid(f1dd2e690d97e488fb99bd2f6a9acc30) Importer(2089858483,b0f066a214c2f5e87bad3c948f4d605d)
Start importing Assets/Prefabs/Rooms/RoomsMaterials/chair_top.002.mat using Guid(f1dd2e690d97e488fb99bd2f6a9acc30) Importer(2089858483,b0f066a214c2f5e87bad3c948f4d605d) (ScriptedImporter) -> (artifact id: '38e894f7583540ac63fce14130fef978') in 0.0098547 seconds
Number of updated asset objects reloaded before import = 0Number of asset objects unloaded after import = 1

========================================================================
Received Import Request.
  Time since last request: 0.000085 seconds.
  path: Assets/Prefabs/Network/lineMaterial.mat
  artifactKey: Guid(87f589789226d46948639b6dafa8d799) Importer(2089858483,b0f066a214c2f5e87bad3c948f4d605d)
Start importing Assets/Prefabs/Network/lineMaterial.mat using Guid(87f589789226d46948639b6dafa8d799) Importer(2089858483,b0f066a214c2f5e87bad3c948f4d605d) (ScriptedImporter) -> (artifact id: 'e8d475269a94e24d76150fe2214b39c7') in 0.0112079 seconds
Number of updated asset objects reloaded before import = 0Number of asset objects unloaded after import = 1

========================================================================
Received Import Request.
  Time since last request: 0.000055 seconds.
  path: Assets/Prefabs/Rooms/RoomsMaterials/Material.062 2.mat
  artifactKey: Guid(de3f80878d71b45cbb3d3fa9ebe31c02) Importer(2089858483,b0f066a214c2f5e87bad3c948f4d605d)
Start importing Assets/Prefabs/Rooms/RoomsMaterials/Material.062 2.mat using Guid(de3f80878d71b45cbb3d3fa9ebe31c02) Importer(2089858483,b0f066a214c2f5e87bad3c948f4d605d) (ScriptedImporter) -> (artifact id: '5250435a959e12dab01226d72ba5eb6c') in 0.0096705 seconds
Number of updated asset objects reloaded before import = 0Number of asset objects unloaded after import = 1

========================================================================
Received Import Request.
  Time since last request: 0.000070 seconds.
  path: Assets/Sprites/city/gorod/gorod_00117.png
  artifactKey: Guid(4c840748dcd644b82858f0a8d42656ac) Importer(2089858483,b0f066a214c2f5e87bad3c948f4d605d)
Start importing Assets/Sprites/city/gorod/gorod_00117.png using Guid(4c840748dcd644b82858f0a8d42656ac) Importer(2089858483,b0f066a214c2f5e87bad3c948f4d605d) (ScriptedImporter) -> (artifact id: 'de718ff2042e23d2c4147e3940a1dae5') in 0.0216029 seconds
Number of updated asset objects reloaded before import = 0Number of asset objects unloaded after import = 3

========================================================================
Received Import Request.
  Time since last request: 0.000024 seconds.
  path: Assets/Prefabs/Rooms/RoomsMaterials/Material.046 2.mat
  artifactKey: Guid(53f21659be9124d2fa83f8d959b22fb2) Importer(2089858483,b0f066a214c2f5e87bad3c948f4d605d)
Start importing Assets/Prefabs/Rooms/RoomsMaterials/Material.046 2.mat using Guid(53f21659be9124d2fa83f8d959b22fb2) Importer(2089858483,b0f066a214c2f5e87bad3c948f4d605d) (ScriptedImporter) -> (artifact id: '2364db732f3e0a3a3a9f731b9d96e793') in 0.0102329 seconds
Number of updated asset objects reloaded before import = 0Number of asset objects unloaded after import = 1

========================================================================
Received Import Request.
  Time since last request: 0.000073 seconds.
  path: Assets/Sprites/LoadScenes/scen 1/Безымянный-20012.png
  artifactKey: Guid(9ac384ea23007491fbf59fdbf66c02fa) Importer(2089858483,b0f066a214c2f5e87bad3c948f4d605d)
Start importing Assets/Sprites/LoadScenes/scen 1/Безымянный-20012.png using Guid(9ac384ea23007491fbf59fdbf66c02fa) Importer(2089858483,b0f066a214c2f5e87bad3c948f4d605d) (ScriptedImporter) -> (artifact id: '2d9e82d968d9bc2f916af2ec1a6894e0') in 0.0157498 seconds
Number of updated asset objects reloaded before import = 0Number of asset objects unloaded after import = 3

========================================================================
Received Import Request.
  Time since last request: 0.000020 seconds.
  path: Assets/Sprites/city/gorod/gorod_00002.png
  artifactKey: Guid(60c9a4e9897804344ade98a5e488ab31) Importer(2089858483,b0f066a214c2f5e87bad3c948f4d605d)
Start importing Assets/Sprites/city/gorod/gorod_00002.png using Guid(60c9a4e9897804344ade98a5e488ab31) Importer(2089858483,b0f066a214c2f5e87bad3c948f4d605d) (ScriptedImporter) -> (artifact id: '2d401820ef85c174d85f206167e70fa8') in 0.0223023 seconds
Number of updated asset objects reloaded before import = 0Number of asset objects unloaded after import = 3

========================================================================
Received Import Request.
  Time since last request: 0.000025 seconds.
  path: Assets/Prefabs/Rooms/CafeMaterials/Material.025.mat
  artifactKey: Guid(8915341ff562549ea89c8dfd1cd66ee6) Importer(2089858483,b0f066a214c2f5e87bad3c948f4d605d)
Start importing Assets/Prefabs/Rooms/CafeMaterials/Material.025.mat using Guid(8915341ff562549ea89c8dfd1cd66ee6) Importer(2089858483,b0f066a214c2f5e87bad3c948f4d605d) (ScriptedImporter) -> (artifact id: '6f7e1eeeeae1535e40305296662d0e56') in 0.0108849 seconds
Number of updated asset objects reloaded before import = 0Number of asset objects unloaded after import = 1

========================================================================
Received Import Request.
  Time since last request: 0.000084 seconds.
  path: Assets/QuickOutline/Scripts/Outline.cs
  artifactKey: Guid(5fea29bb7c508c244a1f805a5fd3fc4d) Importer(2089858483,b0f066a214c2f5e87bad3c948f4d605d)
Start importing Assets/QuickOutline/Scripts/Outline.cs using Guid(5fea29bb7c508c244a1f805a5fd3fc4d) Importer(2089858483,b0f066a214c2f5e87bad3c948f4d605d) (ScriptedImporter) -> (artifact id: '398109f502fedbddeb1c49b2d57bf20f') in 0.0098966 seconds
Number of updated asset objects reloaded before import = 0Number of asset objects unloaded after import = 0

========================================================================
Received Import Request.
  Time since last request: 0.000112 seconds.
  path: Assets/Prefabs/Rooms/CafeMaterials/Material #155.mat
  artifactKey: Guid(6f5e24600fd2a4a529d4c2b31fbb4076) Importer(2089858483,b0f066a214c2f5e87bad3c948f4d605d)
Start importing Assets/Prefabs/Rooms/CafeMaterials/Material #155.mat using Guid(6f5e24600fd2a4a529d4c2b31fbb4076) Importer(2089858483,b0f066a214c2f5e87bad3c948f4d605d) (ScriptedImporter) -> (artifact id: 'b6b7366d1839ebcc61ca46a4063e6a86') in 0.0103847 seconds
Number of updated asset objects reloaded before import = 0Number of asset objects unloaded after import = 1

========================================================================
Received Import Request.
  Time since last request: 0.000071 seconds.
  path: Assets/Sprites/LoadScenes/scen 1/Безымянный-20118.png
  artifactKey: Guid(20f205f331ce64213b3014663d4dabf9) Importer(2089858483,b0f066a214c2f5e87bad3c948f4d605d)
Start importing Assets/Sprites/LoadScenes/scen 1/Безымянный-20118.png using Guid(20f205f331ce64213b3014663d4dabf9) Importer(2089858483,b0f066a214c2f5e87bad3c948f4d605d) (ScriptedImporter) -> (artifact id: '406cb8e9eecc6ac19a21869d6c5e31af') in 0.0159408 seconds
Number of updated asset objects reloaded before import = 0Number of asset objects unloaded after import = 3

========================================================================
Received Import Request.
  Time since last request: 0.000025 seconds.
  path: Assets/Prefabs/Rooms/RoomsMaterials/Material.037 1.mat
  artifactKey: Guid(c278a800509fd42aab1015b0dc2e4a18) Importer(2089858483,b0f066a214c2f5e87bad3c948f4d605d)
Start importing Assets/Prefabs/Rooms/RoomsMaterials/Material.037 1.mat using Guid(c278a800509fd42aab1015b0dc2e4a18) Importer(2089858483,b0f066a214c2f5e87bad3c948f4d605d) (ScriptedImporter) -> (artifact id: 'b1022dfe6545a55554bed0caeed721db') in 0.0113926 seconds
Number of updated asset objects reloaded before import = 0Number of asset objects unloaded after import = 1

========================================================================
Received Import Request.
  Time since last request: 0.000109 seconds.
  path: Assets/Prefabs/Rooms/OfficeMaterials/Cabinet_Wood.001.mat
  artifactKey: Guid(e04bd76fe2b4d43db8eac10557135d02) Importer(2089858483,b0f066a214c2f5e87bad3c948f4d605d)
Start importing Assets/Prefabs/Rooms/OfficeMaterials/Cabinet_Wood.001.mat using Guid(e04bd76fe2b4d43db8eac10557135d02) Importer(2089858483,b0f066a214c2f5e87bad3c948f4d605d) (ScriptedImporter) -> (artifact id: 'e51eed74177ad2f46f8414c37a7f9c4a') in 0.0119535 seconds
Number of updated asset objects reloaded before import = 0Number of asset objects unloaded after import = 1

========================================================================
Received Import Request.
  Time since last request: 0.000187 seconds.
  path: Assets/Prefabs/Rooms/RoomsMaterials/Material.083.mat
  artifactKey: Guid(c2b8c81854dd04b7db6e282674e9d1c9) Importer(2089858483,b0f066a214c2f5e87bad3c948f4d605d)
Start importing Assets/Prefabs/Rooms/RoomsMaterials/Material.083.mat using Guid(c2b8c81854dd04b7db6e282674e9d1c9) Importer(2089858483,b0f066a214c2f5e87bad3c948f4d605d) (ScriptedImporter) -> (artifact id: '6229b772b5b8a21de1b2653b2c6b9836') in 0.0105629 seconds
Number of updated asset objects reloaded before import = 0Number of asset objects unloaded after import = 1

========================================================================
Received Import Request.
  Time since last request: 0.000097 seconds.
  path: Assets/Prefabs/Rooms/CafeMaterials/Metal.010.mat
  artifactKey: Guid(5f0ac6b45c04140dea3e3eff28c91cb8) Importer(2089858483,b0f066a214c2f5e87bad3c948f4d605d)
Start importing Assets/Prefabs/Rooms/CafeMaterials/Metal.010.mat using Guid(5f0ac6b45c04140dea3e3eff28c91cb8) Importer(2089858483,b0f066a214c2f5e87bad3c948f4d605d) (ScriptedImporter) -> (artifact id: 'e59ac7267ee3bfa7f6723eb482c86ec9') in 0.0113874 seconds
Number of updated asset objects reloaded before import = 0Number of asset objects unloaded after import = 1

========================================================================
Received Import Request.
  Time since last request: 0.000082 seconds.
  path: Assets/TextMesh Pro/Resources/LineBreaking Following Characters.txt
  artifactKey: Guid(fade42e8bc714b018fac513c043d323b) Importer(2089858483,b0f066a214c2f5e87bad3c948f4d605d)
Start importing Assets/TextMesh Pro/Resources/LineBreaking Following Characters.txt using Guid(fade42e8bc714b018fac513c043d323b) Importer(2089858483,b0f066a214c2f5e87bad3c948f4d605d) (ScriptedImporter) -> (artifact id: '1efcd91c90cd29177bf87a7b0aceed92') in 0.0090562 seconds
Number of updated asset objects reloaded before import = 0Number of asset objects unloaded after import = 1

========================================================================
Received Import Request.
  Time since last request: 0.000107 seconds.
  path: Assets/Prefabs/Rooms/CafeMaterials/TOILET-plastic.mat
  artifactKey: Guid(ca4f9d37dde6d4f40903cf0e9e7569a3) Importer(2089858483,b0f066a214c2f5e87bad3c948f4d605d)
Start importing Assets/Prefabs/Rooms/CafeMaterials/TOILET-plastic.mat using Guid(ca4f9d37dde6d4f40903cf0e9e7569a3) Importer(2089858483,b0f066a214c2f5e87bad3c948f4d605d) (ScriptedImporter) -> (artifact id: '5b275a3432fda41789f8b3bcfbaefb86') in 0.0111807 seconds
Number of updated asset objects reloaded before import = 0Number of asset objects unloaded after import = 1

========================================================================
Received Import Request.
  Time since last request: 0.000060 seconds.
  path: Assets/Prefabs/Rooms/RoomsMaterials/Material.088.mat
  artifactKey: Guid(5d426f071651743699893ee3fc39fcea) Importer(2089858483,b0f066a214c2f5e87bad3c948f4d605d)
Start importing Assets/Prefabs/Rooms/RoomsMaterials/Material.088.mat using Guid(5d426f071651743699893ee3fc39fcea) Importer(2089858483,b0f066a214c2f5e87bad3c948f4d605d) (ScriptedImporter) -> (artifact id: '80b1189fc266f5e36865e7d77a1d510f') in 0.009082 seconds
Number of updated asset objects reloaded before import = 0Number of asset objects unloaded after import = 1

========================================================================
Received Import Request.
  Time since last request: 0.000058 seconds.
  path: Assets/Sprites/city/gorod/gorod_00018.png
  artifactKey: Guid(809ea03e09e7b4535a175d526a12cee1) Importer(2089858483,b0f066a214c2f5e87bad3c948f4d605d)
Start importing Assets/Sprites/city/gorod/gorod_00018.png using Guid(809ea03e09e7b4535a175d526a12cee1) Importer(2089858483,b0f066a214c2f5e87bad3c948f4d605d) (ScriptedImporter) -> (artifact id: '8632c078dfad7305be56b3a5210e657b') in 0.0230394 seconds
Number of updated asset objects reloaded before import = 0Number of asset objects unloaded after import = 3

========================================================================
Received Import Request.
  Time since last request: 0.000019 seconds.
  path: Assets/Prefabs/Rooms/RoomsMaterials/material.002 3.mat
  artifactKey: Guid(e6e5be8cb62a94712a8ec414987e0293) Importer(2089858483,b0f066a214c2f5e87bad3c948f4d605d)
Start importing Assets/Prefabs/Rooms/RoomsMaterials/material.002 3.mat using Guid(e6e5be8cb62a94712a8ec414987e0293) Importer(2089858483,b0f066a214c2f5e87bad3c948f4d605d) (ScriptedImporter) -> (artifact id: '4ca807acc5cf02dd6c55e9713b0e75c4') in 0.0102883 seconds
Number of updated asset objects reloaded before import = 0Number of asset objects unloaded after import = 1

========================================================================
Received Import Request.
  Time since last request: 0.538142 seconds.
  path: Assets/Prefabs/Rooms/RoomsMaterials/Material.019 1.mat
  artifactKey: Guid(8139f00d6f1f9426da2e5e445d9f24c1) Importer(2089858483,b0f066a214c2f5e87bad3c948f4d605d)
Start importing Assets/Prefabs/Rooms/RoomsMaterials/Material.019 1.mat using Guid(8139f00d6f1f9426da2e5e445d9f24c1) Importer(2089858483,b0f066a214c2f5e87bad3c948f4d605d) (ScriptedImporter) -> (artifact id: '4705545551f0400de7e6a08928796507') in 0.0088461 seconds
Number of updated asset objects reloaded before import = 0Number of asset objects unloaded after import = 1

========================================================================
Received Import Request.
  Time since last request: 0.000035 seconds.
  path: Assets/Prefabs/Rooms/CafeMaterials/Material.067.mat
  artifactKey: Guid(2f65f7542db934e8bb88b1f54081fd71) Importer(2089858483,b0f066a214c2f5e87bad3c948f4d605d)
Start importing Assets/Prefabs/Rooms/CafeMaterials/Material.067.mat using Guid(2f65f7542db934e8bb88b1f54081fd71) Importer(2089858483,b0f066a214c2f5e87bad3c948f4d605d) (ScriptedImporter) -> (artifact id: 'cf787c845e11dbed7bd04a62d59bceb4') in 0.0101224 seconds
Number of updated asset objects reloaded before import = 0Number of asset objects unloaded after import = 1

========================================================================
Received Import Request.
  Time since last request: 0.000097 seconds.
  path: Assets/Prefabs/Rooms/OfficeMaterials/Material.041.mat
  artifactKey: Guid(943b7bd3e0a5b4152a2cfe63a54ccb68) Importer(2089858483,b0f066a214c2f5e87bad3c948f4d605d)
Start importing Assets/Prefabs/Rooms/OfficeMaterials/Material.041.mat using Guid(943b7bd3e0a5b4152a2cfe63a54ccb68) Importer(2089858483,b0f066a214c2f5e87bad3c948f4d605d) (ScriptedImporter) -> (artifact id: '86ecff4762b4929657468e1d3180ee35') in 0.0250823 seconds
Number of updated asset objects reloaded before import = 0Number of asset objects unloaded after import = 1

========================================================================
Received Import Request.
  Time since last request: 0.000051 seconds.
  path: Assets/Prefabs/Rooms/RoomsMaterials/Material.097 2.mat
  artifactKey: Guid(408b0b5d6fe964267b3a0a68046a70e0) Importer(2089858483,b0f066a214c2f5e87bad3c948f4d605d)
Start importing Assets/Prefabs/Rooms/RoomsMaterials/Material.097 2.mat using Guid(408b0b5d6fe964267b3a0a68046a70e0) Importer(2089858483,b0f066a214c2f5e87bad3c948f4d605d) (ScriptedImporter) -> (artifact id: 'f2dcffdb167d0e9cd61b5b700343cad1') in 0.0115107 seconds
Number of updated asset objects reloaded before import = 0Number of asset objects unloaded after import = 1

========================================================================
Received Import Request.
  Time since last request: 0.000038 seconds.
  path: Assets/Prefabs/Rooms/CafeMaterials/Material #321.002.mat
  artifactKey: Guid(763dbc7b4a7f24c9bbfaaa46c89f25b7) Importer(2089858483,b0f066a214c2f5e87bad3c948f4d605d)
Start importing Assets/Prefabs/Rooms/CafeMaterials/Material #321.002.mat using Guid(763dbc7b4a7f24c9bbfaaa46c89f25b7) Importer(2089858483,b0f066a214c2f5e87bad3c948f4d605d) (ScriptedImporter) -> (artifact id: '33aec98910995fc7bf9514add756e54c') in 0.0108187 seconds
Number of updated asset objects reloaded before import = 0Number of asset objects unloaded after import = 1

========================================================================
Received Import Request.
  Time since last request: 0.000110 seconds.
  path: Assets/Prefabs/Rooms/RoomsMaterials/comp_desk_1remote.mat
  artifactKey: Guid(66c884940d3a04063ac0e9e51d497a1a) Importer(2089858483,b0f066a214c2f5e87bad3c948f4d605d)
Start importing Assets/Prefabs/Rooms/RoomsMaterials/comp_desk_1remote.mat using Guid(66c884940d3a04063ac0e9e51d497a1a) Importer(2089858483,b0f066a214c2f5e87bad3c948f4d605d) (ScriptedImporter) -> (artifact id: '8e3955b086d386cd6e4623a257cc5f91') in 0.0117853 seconds
Number of updated asset objects reloaded before import = 0Number of asset objects unloaded after import = 1

========================================================================
Received Import Request.
  Time since last request: 0.000075 seconds.
  path: Assets/Prefabs/Rooms/RoomsMaterials/Material_72 1.mat
  artifactKey: Guid(5aa5c4fab232e4a20887c66931c4d4c1) Importer(2089858483,b0f066a214c2f5e87bad3c948f4d605d)
Start importing Assets/Prefabs/Rooms/RoomsMaterials/Material_72 1.mat using Guid(5aa5c4fab232e4a20887c66931c4d4c1) Importer(2089858483,b0f066a214c2f5e87bad3c948f4d605d) (ScriptedImporter) -> (artifact id: 'b3d32599ac341049dc9b0f3329d55f7b') in 0.0147801 seconds
Number of updated asset objects reloaded before import = 0Number of asset objects unloaded after import = 1

========================================================================
Received Import Request.
  Time since last request: 0.000042 seconds.
  path: Assets/Prefabs/Rooms/RoomsMaterials/Material.049 1.mat
  artifactKey: Guid(4fb15dfd6e17a4fd591a6a225aa44a19) Importer(2089858483,b0f066a214c2f5e87bad3c948f4d605d)
Start importing Assets/Prefabs/Rooms/RoomsMaterials/Material.049 1.mat using Guid(4fb15dfd6e17a4fd591a6a225aa44a19) Importer(2089858483,b0f066a214c2f5e87bad3c948f4d605d) (ScriptedImporter) -> (artifact id: '36dbe3b9f17e0348c74bdeebde182611') in 0.0097167 seconds
Number of updated asset objects reloaded before import = 0Number of asset objects unloaded after import = 1

========================================================================
Received Import Request.
  Time since last request: 0.000036 seconds.
  path: Assets/Sprites/city/gorod/gorod_00068.png
  artifactKey: Guid(46a01569170264906acb82c0089ad449) Importer(2089858483,b0f066a214c2f5e87bad3c948f4d605d)
Start importing Assets/Sprites/city/gorod/gorod_00068.png using Guid(46a01569170264906acb82c0089ad449) Importer(2089858483,b0f066a214c2f5e87bad3c948f4d605d) (ScriptedImporter) -> (artifact id: '48b280a5856c5364517e86c51cb17b31') in 0.0211412 seconds
Number of updated asset objects reloaded before import = 0Number of asset objects unloaded after import = 3

========================================================================
Received Import Request.
  Time since last request: 0.000035 seconds.
  path: Assets/Sprites/LoadScenes/scen 1/Безымянный-20110.png
  artifactKey: Guid(54d91fa542a5d42d0991f12e3631c2a8) Importer(2089858483,b0f066a214c2f5e87bad3c948f4d605d)
Start importing Assets/Sprites/LoadScenes/scen 1/Безымянный-20110.png using Guid(54d91fa542a5d42d0991f12e3631c2a8) Importer(2089858483,b0f066a214c2f5e87bad3c948f4d605d) (ScriptedImporter) -> (artifact id: '84706e02ec7f2287f72c2d5c6f8a535b') in 0.0160115 seconds
Number of updated asset objects reloaded before import = 0Number of asset objects unloaded after import = 3

========================================================================
Received Import Request.
  Time since last request: 0.000016 seconds.
  path: Assets/Prefabs/Rooms/RoomsMaterials/M_window_frames 2.mat
  artifactKey: Guid(5e1440747146346928a9c9ca0ac7fff6) Importer(2089858483,b0f066a214c2f5e87bad3c948f4d605d)
Start importing Assets/Prefabs/Rooms/RoomsMaterials/M_window_frames 2.mat using Guid(5e1440747146346928a9c9ca0ac7fff6) Importer(2089858483,b0f066a214c2f5e87bad3c948f4d605d) (ScriptedImporter) -> (artifact id: '1e5efa2d233494583bd3e20d16bc3069') in 0.0123855 seconds
Number of updated asset objects reloaded before import = 0Number of asset objects unloaded after import = 1

========================================================================
Received Import Request.
  Time since last request: 0.000044 seconds.
  path: Assets/Prefabs/Rooms/RoomsMaterials/Material.088 2.mat
  artifactKey: Guid(19a52bf15578b4a08aaef0e641d926cf) Importer(2089858483,b0f066a214c2f5e87bad3c948f4d605d)
Start importing Assets/Prefabs/Rooms/RoomsMaterials/Material.088 2.mat using Guid(19a52bf15578b4a08aaef0e641d926cf) Importer(2089858483,b0f066a214c2f5e87bad3c948f4d605d) (ScriptedImporter) -> (artifact id: 'bb064e02d618b888140930019a2db770') in 0.0107927 seconds
Number of updated asset objects reloaded before import = 0Number of asset objects unloaded after import = 1

========================================================================
Received Import Request.
  Time since last request: 0.000046 seconds.
  path: Assets/Prefabs/Rooms/CafeMaterials/Asphalt Texture.mat
  artifactKey: Guid(9e463907986cb43f6ba7839dae4166f1) Importer(2089858483,b0f066a214c2f5e87bad3c948f4d605d)
Start importing Assets/Prefabs/Rooms/CafeMaterials/Asphalt Texture.mat using Guid(9e463907986cb43f6ba7839dae4166f1) Importer(2089858483,b0f066a214c2f5e87bad3c948f4d605d) (ScriptedImporter) -> (artifact id: '7fe043228c7c22bd4423a03f9bec8677') in 0.0101097 seconds
Number of updated asset objects reloaded before import = 0Number of asset objects unloaded after import = 1

========================================================================
Received Import Request.
  Time since last request: 0.000080 seconds.
  path: Assets/Prefabs/Rooms/CafeMaterials/Material.042.mat
  artifactKey: Guid(bf060cf1fe2f44bb5bd427c6c490fc54) Importer(2089858483,b0f066a214c2f5e87bad3c948f4d605d)
Start importing Assets/Prefabs/Rooms/CafeMaterials/Material.042.mat using Guid(bf060cf1fe2f44bb5bd427c6c490fc54) Importer(2089858483,b0f066a214c2f5e87bad3c948f4d605d) (ScriptedImporter) -> (artifact id: 'faf27337b8f36acb008cc2d1b428b4a3') in 0.0120967 seconds
Number of updated asset objects reloaded before import = 0Number of asset objects unloaded after import = 1

========================================================================
Received Import Request.
  Time since last request: 0.000048 seconds.
  path: Assets/Prefabs/Rooms/CafeMaterials/Material.004.mat
  artifactKey: Guid(b5cd3b0b8d8704fd5961e0d69d3e85a7) Importer(2089858483,b0f066a214c2f5e87bad3c948f4d605d)
Start importing Assets/Prefabs/Rooms/CafeMaterials/Material.004.mat using Guid(b5cd3b0b8d8704fd5961e0d69d3e85a7) Importer(2089858483,b0f066a214c2f5e87bad3c948f4d605d) (ScriptedImporter) -> (artifact id: 'de314763eef13376cfcb3be414cfa288') in 0.0093989 seconds
Number of updated asset objects reloaded before import = 0Number of asset objects unloaded after import = 1

========================================================================
Received Import Request.
  Time since last request: 0.000076 seconds.
  path: Assets/Prefabs/Rooms/RoomsMaterials/Material.050 1.mat
  artifactKey: Guid(ff0caf6fa9d5d4cc2a20c48ebcedfa6a) Importer(2089858483,b0f066a214c2f5e87bad3c948f4d605d)
Start importing Assets/Prefabs/Rooms/RoomsMaterials/Material.050 1.mat using Guid(ff0caf6fa9d5d4cc2a20c48ebcedfa6a) Importer(2089858483,b0f066a214c2f5e87bad3c948f4d605d) (ScriptedImporter) -> (artifact id: 'dded737d380c66b7210b7db30fb9014e') in 0.0092692 seconds
Number of updated asset objects reloaded before import = 0Number of asset objects unloaded after import = 1

========================================================================
Received Import Request.
  Time since last request: 0.000035 seconds.
  path: Assets/Prefabs/Rooms/CafeMaterials/Primitive and Raw Bark.001.mat
  artifactKey: Guid(8f3cd0a4363424da7ba552fb2ba603f3) Importer(2089858483,b0f066a214c2f5e87bad3c948f4d605d)
Start importing Assets/Prefabs/Rooms/CafeMaterials/Primitive and Raw Bark.001.mat using Guid(8f3cd0a4363424da7ba552fb2ba603f3) Importer(2089858483,b0f066a214c2f5e87bad3c948f4d605d) (ScriptedImporter) -> (artifact id: 'f29bd94307ecb07256232dcba7012ed9') in 0.0099104 seconds
Number of updated asset objects reloaded before import = 0Number of asset objects unloaded after import = 1

========================================================================
Received Import Request.
  Time since last request: 0.000053 seconds.
  path: Assets/Prefabs/Rooms/CafeMaterials/Material.016.mat
  artifactKey: Guid(5a1b9bc2f6900429da47421efe2d980c) Importer(2089858483,b0f066a214c2f5e87bad3c948f4d605d)
Start importing Assets/Prefabs/Rooms/CafeMaterials/Material.016.mat using Guid(5a1b9bc2f6900429da47421efe2d980c) Importer(2089858483,b0f066a214c2f5e87bad3c948f4d605d) (ScriptedImporter) -> (artifact id: 'de7f76f6fabd12f013d9f3eb7b8e1070') in 0.0099181 seconds
Number of updated asset objects reloaded before import = 0Number of asset objects unloaded after import = 1

========================================================================
Received Import Request.
  Time since last request: 0.000056 seconds.
  path: Assets/Prefabs/Rooms/RoomsMaterials/Material.005 2.mat
  artifactKey: Guid(32eb003d1438b4f35ba7deb04aebba23) Importer(2089858483,b0f066a214c2f5e87bad3c948f4d605d)
Start importing Assets/Prefabs/Rooms/RoomsMaterials/Material.005 2.mat using Guid(32eb003d1438b4f35ba7deb04aebba23) Importer(2089858483,b0f066a214c2f5e87bad3c948f4d605d) (ScriptedImporter) -> (artifact id: '94bd1aa154d76240febf633bc9758f7b') in 0.0107554 seconds
Number of updated asset objects reloaded before import = 0Number of asset objects unloaded after import = 1

========================================================================
Received Import Request.
  Time since last request: 0.000096 seconds.
  path: Assets/Prefabs/Rooms/RoomsMaterials/Material.055 1.mat
  artifactKey: Guid(b0ad480b9221f4d1fa27270d39fb7bf4) Importer(2089858483,b0f066a214c2f5e87bad3c948f4d605d)
Start importing Assets/Prefabs/Rooms/RoomsMaterials/Material.055 1.mat using Guid(b0ad480b9221f4d1fa27270d39fb7bf4) Importer(2089858483,b0f066a214c2f5e87bad3c948f4d605d) (ScriptedImporter) -> (artifact id: 'c47baea8b2cfcf6721cabcc4b6b9b279') in 0.0106285 seconds
Number of updated asset objects reloaded before import = 0Number of asset objects unloaded after import = 1

========================================================================
Received Import Request.
  Time since last request: 0.000079 seconds.
  path: Assets/Prefabs/Rooms/CafeMaterials/Material.023.mat
  artifactKey: Guid(9cd92d04fc75d48cda123415766ad20f) Importer(2089858483,b0f066a214c2f5e87bad3c948f4d605d)
Start importing Assets/Prefabs/Rooms/CafeMaterials/Material.023.mat using Guid(9cd92d04fc75d48cda123415766ad20f) Importer(2089858483,b0f066a214c2f5e87bad3c948f4d605d) (ScriptedImporter) -> (artifact id: '363f0a27edce3e23903c783fcf606de4') in 0.00954 seconds
Number of updated asset objects reloaded before import = 0Number of asset objects unloaded after import = 1

========================================================================
Received Import Request.
  Time since last request: 0.000047 seconds.
  path: Assets/Prefabs/Rooms/RoomsMaterials/Material.022.mat
  artifactKey: Guid(0e5e5f29fcc7e4d3596731a0a4c11d2d) Importer(2089858483,b0f066a214c2f5e87bad3c948f4d605d)
Start importing Assets/Prefabs/Rooms/RoomsMaterials/Material.022.mat using Guid(0e5e5f29fcc7e4d3596731a0a4c11d2d) Importer(2089858483,b0f066a214c2f5e87bad3c948f4d605d) (ScriptedImporter) -> (artifact id: 'd28207e757093aa84e144a2e8e31145a') in 0.0106146 seconds
Number of updated asset objects reloaded before import = 0Number of asset objects unloaded after import = 1

========================================================================
Received Import Request.
  Time since last request: 0.000036 seconds.
  path: Assets/Sprites/city/gorod/gorod_00108.png
  artifactKey: Guid(f0c2409e01d16414684535cc964c4c49) Importer(2089858483,b0f066a214c2f5e87bad3c948f4d605d)
Start importing Assets/Sprites/city/gorod/gorod_00108.png using Guid(f0c2409e01d16414684535cc964c4c49) Importer(2089858483,b0f066a214c2f5e87bad3c948f4d605d) (ScriptedImporter) -> (artifact id: 'dbfae5629798a3651db8f02f46062392') in 0.0186745 seconds
Number of updated asset objects reloaded before import = 0Number of asset objects unloaded after import = 3

========================================================================
Received Import Request.
  Time since last request: 0.000021 seconds.
  path: Assets/Prefabs/Rooms/CafeMaterials/M_Lightbulbs.001.mat
  artifactKey: Guid(e6fa800ae46bc4d3c94749cc4b7102ea) Importer(2089858483,b0f066a214c2f5e87bad3c948f4d605d)
Start importing Assets/Prefabs/Rooms/CafeMaterials/M_Lightbulbs.001.mat using Guid(e6fa800ae46bc4d3c94749cc4b7102ea) Importer(2089858483,b0f066a214c2f5e87bad3c948f4d605d) (ScriptedImporter) -> (artifact id: 'c207720eefaf01596bc736c65d34da63') in 0.0099384 seconds
Number of updated asset objects reloaded before import = 0Number of asset objects unloaded after import = 1

========================================================================
Received Import Request.
  Time since last request: 0.000020 seconds.
  path: Assets/Prefabs/Rooms/RoomsMaterials/Material.038 2.mat
  artifactKey: Guid(d2b710055c1f548569650c01217669bb) Importer(2089858483,b0f066a214c2f5e87bad3c948f4d605d)
Start importing Assets/Prefabs/Rooms/RoomsMaterials/Material.038 2.mat using Guid(d2b710055c1f548569650c01217669bb) Importer(2089858483,b0f066a214c2f5e87bad3c948f4d605d) (ScriptedImporter) -> (artifact id: '761d064ad5e33712cfd6bc3ca6d0a80e') in 0.0099144 seconds
Number of updated asset objects reloaded before import = 0Number of asset objects unloaded after import = 1

========================================================================
Received Import Request.
  Time since last request: 0.000024 seconds.
  path: Assets/Prefabs/Rooms/CafeMaterials/Black metal.mat
  artifactKey: Guid(50a1160ee15664d168b68561f9da691f) Importer(2089858483,b0f066a214c2f5e87bad3c948f4d605d)
Start importing Assets/Prefabs/Rooms/CafeMaterials/Black metal.mat using Guid(50a1160ee15664d168b68561f9da691f) Importer(2089858483,b0f066a214c2f5e87bad3c948f4d605d) (ScriptedImporter) -> (artifact id: 'e5fba82b9e87398a21d63e46c81d370e') in 0.0090155 seconds
Number of updated asset objects reloaded before import = 0Number of asset objects unloaded after import = 1

========================================================================
Received Import Request.
  Time since last request: 0.000046 seconds.
  path: Assets/Sprites/city/gorod/gorod_00113.png
  artifactKey: Guid(78843259f0c304cea925fd633d0a3a6b) Importer(2089858483,b0f066a214c2f5e87bad3c948f4d605d)
Start importing Assets/Sprites/city/gorod/gorod_00113.png using Guid(78843259f0c304cea925fd633d0a3a6b) Importer(2089858483,b0f066a214c2f5e87bad3c948f4d605d) (ScriptedImporter) -> (artifact id: '157f633edaaa8dc98151270fb647c9e4') in 0.0200875 seconds
Number of updated asset objects reloaded before import = 0Number of asset objects unloaded after import = 3

========================================================================
Received Import Request.
  Time since last request: 0.000017 seconds.
  path: Assets/Prefabs/Rooms/RoomsMaterials/M_light_ceiling_bulb.mat
  artifactKey: Guid(71cdeb636e4bb42b695a79b277fa35ad) Importer(2089858483,b0f066a214c2f5e87bad3c948f4d605d)
Start importing Assets/Prefabs/Rooms/RoomsMaterials/M_light_ceiling_bulb.mat using Guid(71cdeb636e4bb42b695a79b277fa35ad) Importer(2089858483,b0f066a214c2f5e87bad3c948f4d605d) (ScriptedImporter) -> (artifact id: '505ed306fc891b7307dc86b0acb4eea2') in 0.0112564 seconds
Number of updated asset objects reloaded before import = 0Number of asset objects unloaded after import = 1

========================================================================
Received Import Request.
  Time since last request: 0.000090 seconds.
  path: Assets/Sprites/LoadScenes/scen 1/Безымянный-20141.png
  artifactKey: Guid(80ca503c67dfe499394a4a25d20662ad) Importer(2089858483,b0f066a214c2f5e87bad3c948f4d605d)
Start importing Assets/Sprites/LoadScenes/scen 1/Безымянный-20141.png using Guid(80ca503c67dfe499394a4a25d20662ad) Importer(2089858483,b0f066a214c2f5e87bad3c948f4d605d) (ScriptedImporter) -> (artifact id: 'e13ea2f992377ca80720af695ece4088') in 0.015147 seconds
Number of updated asset objects reloaded before import = 0Number of asset objects unloaded after import = 3

========================================================================
Received Import Request.
  Time since last request: 0.000019 seconds.
  path: Assets/Prefabs/Rooms/RoomsMaterials/material.002 1.mat
  artifactKey: Guid(3b5f47fc6562848fda072407c571f6e8) Importer(2089858483,b0f066a214c2f5e87bad3c948f4d605d)
Start importing Assets/Prefabs/Rooms/RoomsMaterials/material.002 1.mat using Guid(3b5f47fc6562848fda072407c571f6e8) Importer(2089858483,b0f066a214c2f5e87bad3c948f4d605d) (ScriptedImporter) -> (artifact id: '2b7c0596be95fb14cb9436cb707855d0') in 0.011548 seconds
Number of updated asset objects reloaded before import = 0Number of asset objects unloaded after import = 1

========================================================================
Received Import Request.
  Time since last request: 0.000072 seconds.
  path: Assets/Prefabs/Rooms/RoomsMaterials/ROGTRANSPARENT 1.mat
  artifactKey: Guid(c37bd3dc45a3b4279a2d865252ae7358) Importer(2089858483,b0f066a214c2f5e87bad3c948f4d605d)
Start importing Assets/Prefabs/Rooms/RoomsMaterials/ROGTRANSPARENT 1.mat using Guid(c37bd3dc45a3b4279a2d865252ae7358) Importer(2089858483,b0f066a214c2f5e87bad3c948f4d605d) (ScriptedImporter) -> (artifact id: '4efe41a3cf7a414738ba6d86f7f63767') in 0.009891 seconds
Number of updated asset objects reloaded before import = 0Number of asset objects unloaded after import = 1

========================================================================
Received Import Request.
  Time since last request: 0.000034 seconds.
  path: Assets/TextMesh Pro/Shaders/TMP_SDF-Mobile Masking.shader
  artifactKey: Guid(bc1ede39bf3643ee8e493720e4259791) Importer(2089858483,b0f066a214c2f5e87bad3c948f4d605d)
Start importing Assets/TextMesh Pro/Shaders/TMP_SDF-Mobile Masking.shader using Guid(bc1ede39bf3643ee8e493720e4259791) Importer(2089858483,b0f066a214c2f5e87bad3c948f4d605d) (ScriptedImporter) -> (artifact id: '6a9d70e5c485aa8e9aa65b9ce83803ff') in 0.012244 seconds
Number of updated asset objects reloaded before import = 0Number of asset objects unloaded after import = 1

========================================================================
Received Import Request.
  Time since last request: 0.000068 seconds.
  path: Assets/TextMesh Pro/Sprites/EmojiOne Attribution.txt
  artifactKey: Guid(381dcb09d5029d14897e55f98031fca5) Importer(2089858483,b0f066a214c2f5e87bad3c948f4d605d)
Start importing Assets/TextMesh Pro/Sprites/EmojiOne Attribution.txt using Guid(381dcb09d5029d14897e55f98031fca5) Importer(2089858483,b0f066a214c2f5e87bad3c948f4d605d) (ScriptedImporter) -> (artifact id: '39819cff79702d1b023e0dda686a041e') in 0.0101395 seconds
Number of updated asset objects reloaded before import = 0Number of asset objects unloaded after import = 1

========================================================================
Received Import Request.
  Time since last request: 0.000092 seconds.
  path: Assets/Prefabs/Rooms/CafeMaterials/Single chrome.mat
  artifactKey: Guid(a0565a929c85a477d9196710921917c4) Importer(2089858483,b0f066a214c2f5e87bad3c948f4d605d)
Start importing Assets/Prefabs/Rooms/CafeMaterials/Single chrome.mat using Guid(a0565a929c85a477d9196710921917c4) Importer(2089858483,b0f066a214c2f5e87bad3c948f4d605d) (ScriptedImporter) -> (artifact id: 'ad6a5bbd923e69f34161fe158b3de45a') in 0.0104104 seconds
Number of updated asset objects reloaded before import = 0Number of asset objects unloaded after import = 1

========================================================================
Received Import Request.
  Time since last request: 0.000057 seconds.
  path: Assets/Sprites/city/gorod/gorod_00047.png
  artifactKey: Guid(5ec110cbe67764e17af2d11acb4648e2) Importer(2089858483,b0f066a214c2f5e87bad3c948f4d605d)
Start importing Assets/Sprites/city/gorod/gorod_00047.png using Guid(5ec110cbe67764e17af2d11acb4648e2) Importer(2089858483,b0f066a214c2f5e87bad3c948f4d605d) (ScriptedImporter) -> (artifact id: '9ed551ad45e0444c033acffcaa4e0746') in 0.0216919 seconds
Number of updated asset objects reloaded before import = 0Number of asset objects unloaded after import = 3

========================================================================
Received Import Request.
  Time since last request: 0.000016 seconds.
  path: Assets/Prefabs/Rooms/CafeMaterials/Material.069.mat
  artifactKey: Guid(7b355c2ebc7d24ab19d2c7bcbaf5a053) Importer(2089858483,b0f066a214c2f5e87bad3c948f4d605d)
Start importing Assets/Prefabs/Rooms/CafeMaterials/Material.069.mat using Guid(7b355c2ebc7d24ab19d2c7bcbaf5a053) Importer(2089858483,b0f066a214c2f5e87bad3c948f4d605d) (ScriptedImporter) -> (artifact id: '6c6b21aa5ad3fe654a2f8d85208e3ad0') in 0.011208 seconds
Number of updated asset objects reloaded before import = 0Number of asset objects unloaded after import = 1

========================================================================
Received Import Request.
  Time since last request: 0.000030 seconds.
  path: Assets/Sprites/web_images/work_mode_image.png
  artifactKey: Guid(dfa84a4db063d4d21a427cca29d013a3) Importer(2089858483,b0f066a214c2f5e87bad3c948f4d605d)
Start importing Assets/Sprites/web_images/work_mode_image.png using Guid(dfa84a4db063d4d21a427cca29d013a3) Importer(2089858483,b0f066a214c2f5e87bad3c948f4d605d) (ScriptedImporter) -> (artifact id: 'de56fd84115ae826e47d7418b93693c2') in 0.0221696 seconds
Number of updated asset objects reloaded before import = 0Number of asset objects unloaded after import = 3

========================================================================
Received Import Request.
  Time since last request: 0.000015 seconds.
  path: Assets/Sprites/LoadScenes/scen 1/Безымянный-20164.png
  artifactKey: Guid(be86fe51d27ae4709a7f1a9cb5623708) Importer(2089858483,b0f066a214c2f5e87bad3c948f4d605d)
Start importing Assets/Sprites/LoadScenes/scen 1/Безымянный-20164.png using Guid(be86fe51d27ae4709a7f1a9cb5623708) Importer(2089858483,b0f066a214c2f5e87bad3c948f4d605d) (ScriptedImporter) -> (artifact id: '2beef9da0d5fedfa19ecc80c3053f1c7') in 0.0138884 seconds
Number of updated asset objects reloaded before import = 0Number of asset objects unloaded after import = 3

========================================================================
Received Import Request.
  Time since last request: 0.000018 seconds.
  path: Assets/Prefabs/Rooms/RoomsMaterials/Material.017 2.mat
  artifactKey: Guid(802b2c37b339041eebfc3b037d455119) Importer(2089858483,b0f066a214c2f5e87bad3c948f4d605d)
Start importing Assets/Prefabs/Rooms/RoomsMaterials/Material.017 2.mat using Guid(802b2c37b339041eebfc3b037d455119) Importer(2089858483,b0f066a214c2f5e87bad3c948f4d605d) (ScriptedImporter) -> (artifact id: '42165a9b662289c2528614a08222ca3c') in 0.0102615 seconds
Number of updated asset objects reloaded before import = 0Number of asset objects unloaded after import = 1

========================================================================
Received Import Request.
  Time since last request: 0.000097 seconds.
  path: Assets/Sprites/city/gorod/gorod_00069.png
  artifactKey: Guid(1dc5d683fddbc4ed497591410d7789c4) Importer(2089858483,b0f066a214c2f5e87bad3c948f4d605d)
Start importing Assets/Sprites/city/gorod/gorod_00069.png using Guid(1dc5d683fddbc4ed497591410d7789c4) Importer(2089858483,b0f066a214c2f5e87bad3c948f4d605d) (ScriptedImporter) -> (artifact id: '56be370607535cf2b4cbf7ea6ebb9d9a') in 0.0238643 seconds
Number of updated asset objects reloaded before import = 0Number of asset objects unloaded after import = 3

========================================================================
Received Import Request.
  Time since last request: 0.000015 seconds.
  path: Assets/Sprites/settings_icon
  artifactKey: Guid(042dfe4b6edeb4ec1a9e55415c5fb19b) Importer(2089858483,b0f066a214c2f5e87bad3c948f4d605d)
Start importing Assets/Sprites/settings_icon using Guid(042dfe4b6edeb4ec1a9e55415c5fb19b) Importer(2089858483,b0f066a214c2f5e87bad3c948f4d605d) (ScriptedImporter) -> (artifact id: '0bff08b46f56cd8b3ea8fe9f9897ece7') in 0.0087812 seconds
Number of updated asset objects reloaded before import = 0Number of asset objects unloaded after import = 1

========================================================================
Received Import Request.
  Time since last request: 0.000044 seconds.
  path: Assets/Prefabs/Rooms/CafeMaterials/08 - Default.mat
  artifactKey: Guid(f146df235dd1a4cedb592cef513bbdf1) Importer(2089858483,b0f066a214c2f5e87bad3c948f4d605d)
Start importing Assets/Prefabs/Rooms/CafeMaterials/08 - Default.mat using Guid(f146df235dd1a4cedb592cef513bbdf1) Importer(2089858483,b0f066a214c2f5e87bad3c948f4d605d) (ScriptedImporter) -> (artifact id: '3932812054831bac5b1cc51c966ed80b') in 0.0100697 seconds
Number of updated asset objects reloaded before import = 0Number of asset objects unloaded after import = 1

========================================================================
Received Import Request.
  Time since last request: 0.000107 seconds.
  path: Assets/Prefabs/Rooms/CafeMaterials/Metal.013.mat
  artifactKey: Guid(28c8c8dedf8694992a063d2246588f0f) Importer(2089858483,b0f066a214c2f5e87bad3c948f4d605d)
Start importing Assets/Prefabs/Rooms/CafeMaterials/Metal.013.mat using Guid(28c8c8dedf8694992a063d2246588f0f) Importer(2089858483,b0f066a214c2f5e87bad3c948f4d605d) (ScriptedImporter) -> (artifact id: '089796170350d959caf1a5710e8f7c2c') in 0.0112973 seconds
Number of updated asset objects reloaded before import = 0Number of asset objects unloaded after import = 1

========================================================================
Received Import Request.
  Time since last request: 0.000060 seconds.
  path: Assets/Prefabs/Rooms/CafeMaterials/7191_display2_2sided.mat
  artifactKey: Guid(8a5cc3c255c5748048b87568f1a6211d) Importer(2089858483,b0f066a214c2f5e87bad3c948f4d605d)
Start importing Assets/Prefabs/Rooms/CafeMaterials/7191_display2_2sided.mat using Guid(8a5cc3c255c5748048b87568f1a6211d) Importer(2089858483,b0f066a214c2f5e87bad3c948f4d605d) (ScriptedImporter) -> (artifact id: '585bf3c429547cabab976da7e255349e') in 0.0100912 seconds
Number of updated asset objects reloaded before import = 0Number of asset objects unloaded after import = 1

========================================================================
Received Import Request.
  Time since last request: 0.000046 seconds.
  path: Assets/Prefabs/Rooms/RoomsMaterials/Material.031 2.mat
  artifactKey: Guid(d5d741588259f44728317af5c570c287) Importer(2089858483,b0f066a214c2f5e87bad3c948f4d605d)
Start importing Assets/Prefabs/Rooms/RoomsMaterials/Material.031 2.mat using Guid(d5d741588259f44728317af5c570c287) Importer(2089858483,b0f066a214c2f5e87bad3c948f4d605d) (ScriptedImporter) -> (artifact id: '15faf4dddf362739fbb55685eb046ab1') in 0.0110977 seconds
Number of updated asset objects reloaded before import = 0Number of asset objects unloaded after import = 1

========================================================================
Received Import Request.
  Time since last request: 0.000089 seconds.
  path: Assets/Sprites/city/prinpoint.png
  artifactKey: Guid(2d056c08297304352a166a85b3bf467d) Importer(2089858483,b0f066a214c2f5e87bad3c948f4d605d)
Start importing Assets/Sprites/city/prinpoint.png using Guid(2d056c08297304352a166a85b3bf467d) Importer(2089858483,b0f066a214c2f5e87bad3c948f4d605d) (ScriptedImporter) -> (artifact id: 'b9358cf046302cde6956c32f373c8525') in 0.0190873 seconds
Number of updated asset objects reloaded before import = 0Number of asset objects unloaded after import = 3

========================================================================
Received Import Request.
  Time since last request: 0.000017 seconds.
  path: Assets/Prefabs/Rooms/RoomsMaterials/Material.083 1.mat
  artifactKey: Guid(4676f244f71d545d7806a115421fe89b) Importer(2089858483,b0f066a214c2f5e87bad3c948f4d605d)
Start importing Assets/Prefabs/Rooms/RoomsMaterials/Material.083 1.mat using Guid(4676f244f71d545d7806a115421fe89b) Importer(2089858483,b0f066a214c2f5e87bad3c948f4d605d) (ScriptedImporter) -> (artifact id: 'b9d72081c6a385f3e5069d2336032679') in 0.0121019 seconds
Number of updated asset objects reloaded before import = 0Number of asset objects unloaded after import = 1

========================================================================
Received Import Request.
  Time since last request: 0.000061 seconds.
  path: Assets/Sprites
  artifactKey: Guid(dcfb058f567ee4847b487dffd0033673) Importer(2089858483,b0f066a214c2f5e87bad3c948f4d605d)
Start importing Assets/Sprites using Guid(dcfb058f567ee4847b487dffd0033673) Importer(2089858483,b0f066a214c2f5e87bad3c948f4d605d) (ScriptedImporter) -> (artifact id: '4dc4d37b24e6a09a1b5b0c623c9ff0d7') in 0.0086648 seconds
Number of updated asset objects reloaded before import = 0Number of asset objects unloaded after import = 1

========================================================================
Received Import Request.
  Time since last request: 0.000037 seconds.
  path: Assets/Sprites/LoadScenes/scen 1/Безымянный-20117.png
  artifactKey: Guid(f5a0f2ee2317b42d08aa736a56186b97) Importer(2089858483,b0f066a214c2f5e87bad3c948f4d605d)
Start importing Assets/Sprites/LoadScenes/scen 1/Безымянный-20117.png using Guid(f5a0f2ee2317b42d08aa736a56186b97) Importer(2089858483,b0f066a214c2f5e87bad3c948f4d605d) (ScriptedImporter) -> (artifact id: 'ab135171a36009f33064e575ac0ee21d') in 0.0239325 seconds
Number of updated asset objects reloaded before import = 0Number of asset objects unloaded after import = 3

========================================================================
Received Import Request.
  Time since last request: 0.000020 seconds.
  path: Assets/Sprites/LoadScenes/scen 1/Безымянный-20105.png
  artifactKey: Guid(7f60d7dc1473542b098c5347d1296ceb) Importer(2089858483,b0f066a214c2f5e87bad3c948f4d605d)
Start importing Assets/Sprites/LoadScenes/scen 1/Безымянный-20105.png using Guid(7f60d7dc1473542b098c5347d1296ceb) Importer(2089858483,b0f066a214c2f5e87bad3c948f4d605d) (ScriptedImporter) -> (artifact id: '6e990d28ef0f880a1afc265fe1a75216') in 0.015758 seconds
Number of updated asset objects reloaded before import = 0Number of asset objects unloaded after import = 3

========================================================================
Received Import Request.
  Time since last request: 0.000016 seconds.
  path: Assets/TextMesh Pro/Resources/Style Sheets/Default Style Sheet.asset
  artifactKey: Guid(f952c082cb03451daed3ee968ac6c63e) Importer(2089858483,b0f066a214c2f5e87bad3c948f4d605d)
Start importing Assets/TextMesh Pro/Resources/Style Sheets/Default Style Sheet.asset using Guid(f952c082cb03451daed3ee968ac6c63e) Importer(2089858483,b0f066a214c2f5e87bad3c948f4d605d) (ScriptedImporter) -> (artifact id: 'c1987ea143a1de8ac5da783618b25cfa') in 0.0186877 seconds
Number of updated asset objects reloaded before import = 0Number of asset objects unloaded after import = 1

========================================================================
Received Import Request.
  Time since last request: 0.478327 seconds.
  path: Assets/Sprites/city/gorod/gorod_00026.png
  artifactKey: Guid(450166a5479d24b3c92fb38a1959aae8) Importer(2089858483,b0f066a214c2f5e87bad3c948f4d605d)
Start importing Assets/Sprites/city/gorod/gorod_00026.png using Guid(450166a5479d24b3c92fb38a1959aae8) Importer(2089858483,b0f066a214c2f5e87bad3c948f4d605d) (ScriptedImporter) -> (artifact id: 'd27cd1db165537e55547d0afd1654f2d') in 0.0191531 seconds
Number of updated asset objects reloaded before import = 0Number of asset objects unloaded after import = 3

========================================================================
Received Import Request.
  Time since last request: 0.000024 seconds.
  path: Assets/Sprites/city/gorod/gorod_00031.png
  artifactKey: Guid(dc606d886c370451dad9fa0f59447a2f) Importer(2089858483,b0f066a214c2f5e87bad3c948f4d605d)
Start importing Assets/Sprites/city/gorod/gorod_00031.png using Guid(dc606d886c370451dad9fa0f59447a2f) Importer(2089858483,b0f066a214c2f5e87bad3c948f4d605d) (ScriptedImporter) -> (artifact id: '4115da7986cf3cfd7ee4f0bdb60a3f98') in 0.0189106 seconds
Number of updated asset objects reloaded before import = 0Number of asset objects unloaded after import = 3

========================================================================
Received Import Request.
  Time since last request: 0.000021 seconds.
  path: Assets/Scripts/Gamification/ManualFD.cs
  artifactKey: Guid(32e741a895a0e4076b016f195b1ce3a4) Importer(2089858483,b0f066a214c2f5e87bad3c948f4d605d)
Start importing Assets/Scripts/Gamification/ManualFD.cs using Guid(32e741a895a0e4076b016f195b1ce3a4) Importer(2089858483,b0f066a214c2f5e87bad3c948f4d605d) (ScriptedImporter) -> (artifact id: '81b10cce31c50d63161fc55860afa926') in 0.0097125 seconds
Number of updated asset objects reloaded before import = 0Number of asset objects unloaded after import = 0

========================================================================
Received Import Request.
  Time since last request: 0.000096 seconds.
  path: Assets/Prefabs/Rooms/CafeMaterials/Material #44361234.mat
  artifactKey: Guid(dbfabf8a9e2a343798bd639d08a1724c) Importer(2089858483,b0f066a214c2f5e87bad3c948f4d605d)
Start importing Assets/Prefabs/Rooms/CafeMaterials/Material #44361234.mat using Guid(dbfabf8a9e2a343798bd639d08a1724c) Importer(2089858483,b0f066a214c2f5e87bad3c948f4d605d) (ScriptedImporter) -> (artifact id: '6a8523c586b380716409e1e5fe19616b') in 0.015893 seconds
Number of updated asset objects reloaded before import = 0Number of asset objects unloaded after import = 1

========================================================================
Received Import Request.
  Time since last request: 0.000085 seconds.
  path: Assets/Prefabs/Rooms/RoomsMaterials/M_side_table_handle 2.mat
  artifactKey: Guid(3be6a8e7a7a404608b32d225ba618696) Importer(2089858483,b0f066a214c2f5e87bad3c948f4d605d)
Start importing Assets/Prefabs/Rooms/RoomsMaterials/M_side_table_handle 2.mat using Guid(3be6a8e7a7a404608b32d225ba618696) Importer(2089858483,b0f066a214c2f5e87bad3c948f4d605d) (ScriptedImporter) -> (artifact id: 'f6f90692b31f993ef60c447cd28ce92d') in 0.0106706 seconds
Number of updated asset objects reloaded before import = 0Number of asset objects unloaded after import = 1

========================================================================
Received Import Request.
  Time since last request: 0.000055 seconds.
  path: Assets/Sprites/LoadScenes/scen 1/Безымянный-20044.png
  artifactKey: Guid(4f71d12309cb8416a96f95ded6f28597) Importer(2089858483,b0f066a214c2f5e87bad3c948f4d605d)
Start importing Assets/Sprites/LoadScenes/scen 1/Безымянный-20044.png using Guid(4f71d12309cb8416a96f95ded6f28597) Importer(2089858483,b0f066a214c2f5e87bad3c948f4d605d) (ScriptedImporter) -> (artifact id: '5bcb8d90a63729e892d4c6ec88ba2042') in 0.0141828 seconds
Number of updated asset objects reloaded before import = 0Number of asset objects unloaded after import = 3

========================================================================
Received Import Request.
  Time since last request: 0.000015 seconds.
  path: Assets/Sprites/LoadScenes/scen 1/Безымянный-20155.png
  artifactKey: Guid(8cee37128a0824a52adf714e5836af7e) Importer(2089858483,b0f066a214c2f5e87bad3c948f4d605d)
Start importing Assets/Sprites/LoadScenes/scen 1/Безымянный-20155.png using Guid(8cee37128a0824a52adf714e5836af7e) Importer(2089858483,b0f066a214c2f5e87bad3c948f4d605d) (ScriptedImporter) -> (artifact id: '94a9fa00774848c7d34454d05958a7d2') in 0.0166178 seconds
Number of updated asset objects reloaded before import = 0Number of asset objects unloaded after import = 3

========================================================================
Received Import Request.
  Time since last request: 0.000023 seconds.
  path: Assets/Prefabs/Rooms/RoomsMaterials/Material.049.mat
  artifactKey: Guid(b08b3282cbb8a40fc80392064fdac5fe) Importer(2089858483,b0f066a214c2f5e87bad3c948f4d605d)
Start importing Assets/Prefabs/Rooms/RoomsMaterials/Material.049.mat using Guid(b08b3282cbb8a40fc80392064fdac5fe) Importer(2089858483,b0f066a214c2f5e87bad3c948f4d605d) (ScriptedImporter) -> (artifact id: '1877d9755b89b7fd7f01574f5e566536') in 0.0099572 seconds
Number of updated asset objects reloaded before import = 0Number of asset objects unloaded after import = 1

========================================================================
Received Import Request.
  Time since last request: 0.000060 seconds.
  path: Assets/Prefabs/Rooms/CafeMaterials/MDF Freijó - Guararapis.002.mat
  artifactKey: Guid(36226d0019607406391c375a4d28fe9f) Importer(2089858483,b0f066a214c2f5e87bad3c948f4d605d)
Start importing Assets/Prefabs/Rooms/CafeMaterials/MDF Freijó - Guararapis.002.mat using Guid(36226d0019607406391c375a4d28fe9f) Importer(2089858483,b0f066a214c2f5e87bad3c948f4d605d) (ScriptedImporter) -> (artifact id: '3d14bc4fc863ca9edc84d6709f632f85') in 0.0115108 seconds
Number of updated asset objects reloaded before import = 0Number of asset objects unloaded after import = 1

========================================================================
Received Import Request.
  Time since last request: 0.000073 seconds.
  path: Assets/Prefabs/Rooms/CafeMaterials/Glazed Ceramic Green.mat
  artifactKey: Guid(c3432336f93e14d1a81a0d1b29dda142) Importer(2089858483,b0f066a214c2f5e87bad3c948f4d605d)
Start importing Assets/Prefabs/Rooms/CafeMaterials/Glazed Ceramic Green.mat using Guid(c3432336f93e14d1a81a0d1b29dda142) Importer(2089858483,b0f066a214c2f5e87bad3c948f4d605d) (ScriptedImporter) -> (artifact id: '41280a5e7b004853ce2dd6bfa0503892') in 0.0146688 seconds
Number of updated asset objects reloaded before import = 0Number of asset objects unloaded after import = 1

========================================================================
Received Import Request.
  Time since last request: 0.000100 seconds.
  path: Assets/Prefabs/Rooms/CafeMaterials/wire_224198087.mat
  artifactKey: Guid(4252d8aab6b014dcb8e7558058bb6dfb) Importer(2089858483,b0f066a214c2f5e87bad3c948f4d605d)
Start importing Assets/Prefabs/Rooms/CafeMaterials/wire_224198087.mat using Guid(4252d8aab6b014dcb8e7558058bb6dfb) Importer(2089858483,b0f066a214c2f5e87bad3c948f4d605d) (ScriptedImporter) -> (artifact id: 'b6e723933222f6f2426446082009a5cc') in 0.0107932 seconds
Number of updated asset objects reloaded before import = 0Number of asset objects unloaded after import = 1

========================================================================
Received Import Request.
  Time since last request: 0.000058 seconds.
  path: Assets/Prefabs/Rooms/CafeMaterials/glass.mat
  artifactKey: Guid(f92348ab3737b4c108c9d4c898f98642) Importer(2089858483,b0f066a214c2f5e87bad3c948f4d605d)
Start importing Assets/Prefabs/Rooms/CafeMaterials/glass.mat using Guid(f92348ab3737b4c108c9d4c898f98642) Importer(2089858483,b0f066a214c2f5e87bad3c948f4d605d) (ScriptedImporter) -> (artifact id: '1db9e80a6d08b579afd691c5d26306e1') in 0.0103015 seconds
Number of updated asset objects reloaded before import = 0Number of asset objects unloaded after import = 1

========================================================================
Received Import Request.
  Time since last request: 0.000018 seconds.
  path: Assets/Sprites/LoadScenes/scen 1/Безымянный-20032.png
  artifactKey: Guid(536c5edde638e4283a18f0f47153ea35) Importer(2089858483,b0f066a214c2f5e87bad3c948f4d605d)
Start importing Assets/Sprites/LoadScenes/scen 1/Безымянный-20032.png using Guid(536c5edde638e4283a18f0f47153ea35) Importer(2089858483,b0f066a214c2f5e87bad3c948f4d605d) (ScriptedImporter) -> (artifact id: '54910a9e587c43fea977ec9c9f668249') in 0.0144049 seconds
Number of updated asset objects reloaded before import = 0Number of asset objects unloaded after import = 3

========================================================================
Received Import Request.
  Time since last request: 0.000016 seconds.
  path: Assets/Prefabs/Rooms/RoomsMaterials/Material.073 2.mat
  artifactKey: Guid(9c28e0fee693844fbb723cadd1edbd49) Importer(2089858483,b0f066a214c2f5e87bad3c948f4d605d)
Start importing Assets/Prefabs/Rooms/RoomsMaterials/Material.073 2.mat using Guid(9c28e0fee693844fbb723cadd1edbd49) Importer(2089858483,b0f066a214c2f5e87bad3c948f4d605d) (ScriptedImporter) -> (artifact id: 'c71e50ea00220c6583750149551e3c52') in 0.0117676 seconds
Number of updated asset objects reloaded before import = 0Number of asset objects unloaded after import = 1

========================================================================
Received Import Request.
  Time since last request: 0.000079 seconds.
  path: Assets/Sprites/LoadScenes/scen 1/Безымянный-20154.png
  artifactKey: Guid(09cb6db8c7c7847fdbc66ebc409a5574) Importer(2089858483,b0f066a214c2f5e87bad3c948f4d605d)
Start importing Assets/Sprites/LoadScenes/scen 1/Безымянный-20154.png using Guid(09cb6db8c7c7847fdbc66ebc409a5574) Importer(2089858483,b0f066a214c2f5e87bad3c948f4d605d) (ScriptedImporter) -> (artifact id: 'fe2feb5f6dd360e8bef2cfe7efa1fbbe') in 0.0131677 seconds
Number of updated asset objects reloaded before import = 0Number of asset objects unloaded after import = 3

========================================================================
Received Import Request.
  Time since last request: 0.000013 seconds.
  path: Assets/Prefabs/Rooms/CafeMaterials/M_Copper.001.mat
  artifactKey: Guid(44b80fa3b4bed48c980dca6135855f2f) Importer(2089858483,b0f066a214c2f5e87bad3c948f4d605d)
Start importing Assets/Prefabs/Rooms/CafeMaterials/M_Copper.001.mat using Guid(44b80fa3b4bed48c980dca6135855f2f) Importer(2089858483,b0f066a214c2f5e87bad3c948f4d605d) (ScriptedImporter) -> (artifact id: 'e2d7d7bd80ba438d6609f064b842d92e') in 0.0101271 seconds
Number of updated asset objects reloaded before import = 0Number of asset objects unloaded after import = 1

========================================================================
Received Import Request.
  Time since last request: 0.000033 seconds.
  path: Assets/Prefabs/Rooms/CafeMaterials/Green leather.mat
  artifactKey: Guid(066d72342a6414d948e69ba21e874d30) Importer(2089858483,b0f066a214c2f5e87bad3c948f4d605d)
Start importing Assets/Prefabs/Rooms/CafeMaterials/Green leather.mat using Guid(066d72342a6414d948e69ba21e874d30) Importer(2089858483,b0f066a214c2f5e87bad3c948f4d605d) (ScriptedImporter) -> (artifact id: '880acda73bfdbb4707837615bd9d6ff2') in 0.0102473 seconds
Number of updated asset objects reloaded before import = 0Number of asset objects unloaded after import = 1

========================================================================
Received Import Request.
  Time since last request: 0.000017 seconds.
  path: Assets/Prefabs/Rooms/CafeMaterials/wire_184155229.001.mat
  artifactKey: Guid(c62e91fb40f704d03835adff5d5792f4) Importer(2089858483,b0f066a214c2f5e87bad3c948f4d605d)
Start importing Assets/Prefabs/Rooms/CafeMaterials/wire_184155229.001.mat using Guid(c62e91fb40f704d03835adff5d5792f4) Importer(2089858483,b0f066a214c2f5e87bad3c948f4d605d) (ScriptedImporter) -> (artifact id: '658dfb27dac57c16e1beb7a4251e1dcc') in 0.010589 seconds
Number of updated asset objects reloaded before import = 0Number of asset objects unloaded after import = 1

========================================================================
Received Import Request.
  Time since last request: 0.000033 seconds.
  path: Assets/Prefabs/Rooms/RoomsMaterials/Material.091 1.mat
  artifactKey: Guid(e8dcb0a023c7b4cfc90317792d104b5f) Importer(2089858483,b0f066a214c2f5e87bad3c948f4d605d)
Start importing Assets/Prefabs/Rooms/RoomsMaterials/Material.091 1.mat using Guid(e8dcb0a023c7b4cfc90317792d104b5f) Importer(2089858483,b0f066a214c2f5e87bad3c948f4d605d) (ScriptedImporter) -> (artifact id: 'c76ea22b741b5309004e0c7b91495329') in 0.0105371 seconds
Number of updated asset objects reloaded before import = 0Number of asset objects unloaded after import = 1

========================================================================
Received Import Request.
  Time since last request: 0.000059 seconds.
  path: Assets/Prefabs/Rooms/CafeMaterials/7191_red_light.mat
  artifactKey: Guid(1d95dc24b889241adb9f13d85567d5f3) Importer(2089858483,b0f066a214c2f5e87bad3c948f4d605d)
Start importing Assets/Prefabs/Rooms/CafeMaterials/7191_red_light.mat using Guid(1d95dc24b889241adb9f13d85567d5f3) Importer(2089858483,b0f066a214c2f5e87bad3c948f4d605d) (ScriptedImporter) -> (artifact id: 'c29b46117fb89cfd027e54c97d3ca3c6') in 0.0098944 seconds
Number of updated asset objects reloaded before import = 0Number of asset objects unloaded after import = 1

========================================================================
Received Import Request.
  Time since last request: 0.000084 seconds.
  path: Assets/Prefabs/Rooms/CafeMaterials/Material.030.mat
  artifactKey: Guid(3f12bb018fb054ee7a0de6506bd64ebe) Importer(2089858483,b0f066a214c2f5e87bad3c948f4d605d)
Start importing Assets/Prefabs/Rooms/CafeMaterials/Material.030.mat using Guid(3f12bb018fb054ee7a0de6506bd64ebe) Importer(2089858483,b0f066a214c2f5e87bad3c948f4d605d) (ScriptedImporter) -> (artifact id: '4a91c3489c5c76d13cd7d762072589c0') in 0.0105762 seconds
Number of updated asset objects reloaded before import = 0Number of asset objects unloaded after import = 1

========================================================================
Received Import Request.
  Time since last request: 0.000017 seconds.
  path: Assets/Prefabs/Rooms/RoomsMaterials/Material.053 1.mat
  artifactKey: Guid(5f38e289e27bb403c9e4c342aad517d0) Importer(2089858483,b0f066a214c2f5e87bad3c948f4d605d)
Start importing Assets/Prefabs/Rooms/RoomsMaterials/Material.053 1.mat using Guid(5f38e289e27bb403c9e4c342aad517d0) Importer(2089858483,b0f066a214c2f5e87bad3c948f4d605d) (ScriptedImporter) -> (artifact id: '050b0fefef5238ce3333b39fdf95dd43') in 0.0099966 seconds
Number of updated asset objects reloaded before import = 0Number of asset objects unloaded after import = 1

========================================================================
Received Import Request.
  Time since last request: 0.000073 seconds.
  path: Assets/Sprites/LoadScenes/scen 1/Безымянный-20015.png
  artifactKey: Guid(66bd9b67c39d44a44a7dfb163b8a71e8) Importer(2089858483,b0f066a214c2f5e87bad3c948f4d605d)
Start importing Assets/Sprites/LoadScenes/scen 1/Безымянный-20015.png using Guid(66bd9b67c39d44a44a7dfb163b8a71e8) Importer(2089858483,b0f066a214c2f5e87bad3c948f4d605d) (ScriptedImporter) -> (artifact id: '3e344c4c0c82e76dfbb723222b012fad') in 0.014387 seconds
Number of updated asset objects reloaded before import = 0Number of asset objects unloaded after import = 3

========================================================================
Received Import Request.
  Time since last request: 0.000024 seconds.
  path: Assets/Prefabs/Rooms/CafeMaterials/wire_177028149.001.mat
  artifactKey: Guid(dd555f507eec441c0909e3be0c2d2258) Importer(2089858483,b0f066a214c2f5e87bad3c948f4d605d)
Start importing Assets/Prefabs/Rooms/CafeMaterials/wire_177028149.001.mat using Guid(dd555f507eec441c0909e3be0c2d2258) Importer(2089858483,b0f066a214c2f5e87bad3c948f4d605d) (ScriptedImporter) -> (artifact id: 'ee894400f03803af837647c5a017acc7') in 0.0105317 seconds
Number of updated asset objects reloaded before import = 0Number of asset objects unloaded after import = 1

========================================================================
Received Import Request.
  Time since last request: 0.000083 seconds.
  path: Assets/Prefabs/Rooms/RoomsMaterials/Material.014.mat
  artifactKey: Guid(b8856c63bbe794c94919d707508f4648) Importer(2089858483,b0f066a214c2f5e87bad3c948f4d605d)
Start importing Assets/Prefabs/Rooms/RoomsMaterials/Material.014.mat using Guid(b8856c63bbe794c94919d707508f4648) Importer(2089858483,b0f066a214c2f5e87bad3c948f4d605d) (ScriptedImporter) -> (artifact id: '9035216fd32d41aabcf3d9fb8bdf43d7') in 0.0099896 seconds
Number of updated asset objects reloaded before import = 0Number of asset objects unloaded after import = 1

========================================================================
Received Import Request.
  Time since last request: 0.000092 seconds.
  path: Assets/Prefabs/Rooms/CafeMaterials/Whole Milk.mat
  artifactKey: Guid(2b066ec8db40f4939a90c13a2e22d25f) Importer(2089858483,b0f066a214c2f5e87bad3c948f4d605d)
Start importing Assets/Prefabs/Rooms/CafeMaterials/Whole Milk.mat using Guid(2b066ec8db40f4939a90c13a2e22d25f) Importer(2089858483,b0f066a214c2f5e87bad3c948f4d605d) (ScriptedImporter) -> (artifact id: '3c8a82919518f315ad0a166302c25d83') in 0.0095825 seconds
Number of updated asset objects reloaded before import = 0Number of asset objects unloaded after import = 1

========================================================================
Received Import Request.
  Time since last request: 0.000071 seconds.
  path: Assets/Sprites/city/gorod/gorod_00025.png
  artifactKey: Guid(63c3c32fce1734b3f9db2b89c8623ed6) Importer(2089858483,b0f066a214c2f5e87bad3c948f4d605d)
Start importing Assets/Sprites/city/gorod/gorod_00025.png using Guid(63c3c32fce1734b3f9db2b89c8623ed6) Importer(2089858483,b0f066a214c2f5e87bad3c948f4d605d) (ScriptedImporter) -> (artifact id: 'e0f00f091142df0b1992e921447306d2') in 0.0188675 seconds
Number of updated asset objects reloaded before import = 0Number of asset objects unloaded after import = 3

========================================================================
Received Import Request.
  Time since last request: 0.000015 seconds.
  path: Assets/Prefabs/Rooms/CafeMaterials/Material #44361239.mat
  artifactKey: Guid(7d3a6ec99446b428da957d0f2b0a29e4) Importer(2089858483,b0f066a214c2f5e87bad3c948f4d605d)
Start importing Assets/Prefabs/Rooms/CafeMaterials/Material #44361239.mat using Guid(7d3a6ec99446b428da957d0f2b0a29e4) Importer(2089858483,b0f066a214c2f5e87bad3c948f4d605d) (ScriptedImporter) -> (artifact id: 'e08cd440f2ab56749c8f782eb876eb8e') in 0.0110048 seconds
Number of updated asset objects reloaded before import = 0Number of asset objects unloaded after import = 1

========================================================================
Received Import Request.
  Time since last request: 0.000041 seconds.
  path: Assets/Prefabs/Rooms/RoomsMaterials/Material.052 1.mat
  artifactKey: Guid(9fb2b705efc6f4ba59634cd2b6e6ce14) Importer(2089858483,b0f066a214c2f5e87bad3c948f4d605d)
Start importing Assets/Prefabs/Rooms/RoomsMaterials/Material.052 1.mat using Guid(9fb2b705efc6f4ba59634cd2b6e6ce14) Importer(2089858483,b0f066a214c2f5e87bad3c948f4d605d) (ScriptedImporter) -> (artifact id: '4f77ac9c2a9a7e6c255c41eb559ae2b4') in 0.0103896 seconds
Number of updated asset objects reloaded before import = 0Number of asset objects unloaded after import = 1

========================================================================
Received Import Request.
  Time since last request: 0.000016 seconds.
  path: Assets/Prefabs/Rooms/RoomsMaterials/Material.082 2.mat
  artifactKey: Guid(23e73de96e6fc44bda93bee7c078c091) Importer(2089858483,b0f066a214c2f5e87bad3c948f4d605d)
Start importing Assets/Prefabs/Rooms/RoomsMaterials/Material.082 2.mat using Guid(23e73de96e6fc44bda93bee7c078c091) Importer(2089858483,b0f066a214c2f5e87bad3c948f4d605d) (ScriptedImporter) -> (artifact id: '3b05b929bedbf52ccee300f165e4b864') in 0.0122386 seconds
Number of updated asset objects reloaded before import = 0Number of asset objects unloaded after import = 1

========================================================================
Received Import Request.
  Time since last request: 0.000032 seconds.
  path: Assets/Prefabs/Rooms/CafeMaterials/gloss.003.mat
  artifactKey: Guid(9b581c462cf1445ab9a55a38f528d629) Importer(2089858483,b0f066a214c2f5e87bad3c948f4d605d)
Start importing Assets/Prefabs/Rooms/CafeMaterials/gloss.003.mat using Guid(9b581c462cf1445ab9a55a38f528d629) Importer(2089858483,b0f066a214c2f5e87bad3c948f4d605d) (ScriptedImporter) -> (artifact id: '912fdb7fc5e4297dea42e350c6d93eb8') in 0.0106796 seconds
Number of updated asset objects reloaded before import = 0Number of asset objects unloaded after import = 1

========================================================================
Received Import Request.
  Time since last request: 0.000104 seconds.
  path: Assets/Sprites/city/gorod/gorod_00000.png
  artifactKey: Guid(f83861e67bd764dc8ad399dbc7244312) Importer(2089858483,b0f066a214c2f5e87bad3c948f4d605d)
Start importing Assets/Sprites/city/gorod/gorod_00000.png using Guid(f83861e67bd764dc8ad399dbc7244312) Importer(2089858483,b0f066a214c2f5e87bad3c948f4d605d) (ScriptedImporter) -> (artifact id: '1455c88c5c6130635b27a5ee62df3c51') in 0.020071 seconds
Number of updated asset objects reloaded before import = 0Number of asset objects unloaded after import = 3

========================================================================
Received Import Request.
  Time since last request: 0.000017 seconds.
  path: Assets/Prefabs/Rooms/RoomsMaterials/material.002 4.mat
  artifactKey: Guid(4e2f4ca11b10a4e709d8596babb57e72) Importer(2089858483,b0f066a214c2f5e87bad3c948f4d605d)
Start importing Assets/Prefabs/Rooms/RoomsMaterials/material.002 4.mat using Guid(4e2f4ca11b10a4e709d8596babb57e72) Importer(2089858483,b0f066a214c2f5e87bad3c948f4d605d) (ScriptedImporter) -> (artifact id: '81414857c46cee51b45ce9b934fafa03') in 0.0119197 seconds
Number of updated asset objects reloaded before import = 0Number of asset objects unloaded after import = 1

========================================================================
Received Import Request.
  Time since last request: 0.000105 seconds.
  path: Assets/Sprites/LoadScenes/scen 1/Безымянный-20055.png
  artifactKey: Guid(f9f01f68b4d534d1aa2d064d1a8c4ec3) Importer(2089858483,b0f066a214c2f5e87bad3c948f4d605d)
Start importing Assets/Sprites/LoadScenes/scen 1/Безымянный-20055.png using Guid(f9f01f68b4d534d1aa2d064d1a8c4ec3) Importer(2089858483,b0f066a214c2f5e87bad3c948f4d605d) (ScriptedImporter) -> (artifact id: 'de3dfc098f9e0b3a57dc5e860853452d') in 0.0142281 seconds
Number of updated asset objects reloaded before import = 0Number of asset objects unloaded after import = 3

========================================================================
Received Import Request.
  Time since last request: 0.000023 seconds.
  path: Assets/Sprites/city/gorod/gorod_00093.png
  artifactKey: Guid(de46b937b7f9e4b979e3377b66ae0cb6) Importer(2089858483,b0f066a214c2f5e87bad3c948f4d605d)
Start importing Assets/Sprites/city/gorod/gorod_00093.png using Guid(de46b937b7f9e4b979e3377b66ae0cb6) Importer(2089858483,b0f066a214c2f5e87bad3c948f4d605d) (ScriptedImporter) -> (artifact id: '4792ca7711607eedd84a7cc8e0a01d74') in 0.0197412 seconds
Number of updated asset objects reloaded before import = 0Number of asset objects unloaded after import = 3

========================================================================
Received Import Request.
  Time since last request: 0.000028 seconds.
  path: Assets/Sprites/LoadScenes/scen 1/Безымянный-20018.png
  artifactKey: Guid(6205c0d09272f46e78509dab9e2a3346) Importer(2089858483,b0f066a214c2f5e87bad3c948f4d605d)
Start importing Assets/Sprites/LoadScenes/scen 1/Безымянный-20018.png using Guid(6205c0d09272f46e78509dab9e2a3346) Importer(2089858483,b0f066a214c2f5e87bad3c948f4d605d) (ScriptedImporter) -> (artifact id: '326641c895c82e588a5e10051dc44337') in 0.0144072 seconds
Number of updated asset objects reloaded before import = 0Number of asset objects unloaded after import = 3

========================================================================
Received Import Request.
  Time since last request: 0.000027 seconds.
  path: Assets/Sprites/LoadScenes/scen 1/Безымянный-20159.png
  artifactKey: Guid(7a21ba8c90f92425399093a23d3f5b8f) Importer(2089858483,b0f066a214c2f5e87bad3c948f4d605d)
Start importing Assets/Sprites/LoadScenes/scen 1/Безымянный-20159.png using Guid(7a21ba8c90f92425399093a23d3f5b8f) Importer(2089858483,b0f066a214c2f5e87bad3c948f4d605d) (ScriptedImporter) -> (artifact id: '1a89a0cd27b3971949f4b4750cd1b3b9') in 0.0146235 seconds
Number of updated asset objects reloaded before import = 0Number of asset objects unloaded after import = 3

========================================================================
Received Import Request.
  Time since last request: 0.000016 seconds.
  path: Assets/Prefabs/Rooms/RoomsMaterials/Material.034.mat
  artifactKey: Guid(acf73a3af0c604f37977e7f5096d6299) Importer(2089858483,b0f066a214c2f5e87bad3c948f4d605d)
Start importing Assets/Prefabs/Rooms/RoomsMaterials/Material.034.mat using Guid(acf73a3af0c604f37977e7f5096d6299) Importer(2089858483,b0f066a214c2f5e87bad3c948f4d605d) (ScriptedImporter) -> (artifact id: '6746251aa86bc97abaee25ef434f2132') in 0.0102844 seconds
Number of updated asset objects reloaded before import = 0Number of asset objects unloaded after import = 1

========================================================================
Received Import Request.
  Time since last request: 0.000079 seconds.
  path: Assets/Prefabs/Rooms/OfficeMaterials/PC-1_Keyboard.mat
  artifactKey: Guid(7e8912482b4304282a5b09c59f9d7377) Importer(2089858483,b0f066a214c2f5e87bad3c948f4d605d)
Start importing Assets/Prefabs/Rooms/OfficeMaterials/PC-1_Keyboard.mat using Guid(7e8912482b4304282a5b09c59f9d7377) Importer(2089858483,b0f066a214c2f5e87bad3c948f4d605d) (ScriptedImporter) -> (artifact id: 'c940c8d1006081397e06579c4e91d1c1') in 0.0100485 seconds
Number of updated asset objects reloaded before import = 0Number of asset objects unloaded after import = 1

========================================================================
Received Import Request.
  Time since last request: 0.000025 seconds.
  path: Assets/Sprites/LoadScenes/scen 1/Безымянный-20065.png
  artifactKey: Guid(d3746a6bee1264bb79650b42217297fc) Importer(2089858483,b0f066a214c2f5e87bad3c948f4d605d)
Start importing Assets/Sprites/LoadScenes/scen 1/Безымянный-20065.png using Guid(d3746a6bee1264bb79650b42217297fc) Importer(2089858483,b0f066a214c2f5e87bad3c948f4d605d) (ScriptedImporter) -> (artifact id: '45bd22455e0a94c0b7dc165e0e662958') in 0.0142433 seconds
Number of updated asset objects reloaded before import = 0Number of asset objects unloaded after import = 3

========================================================================
Received Import Request.
  Time since last request: 0.000019 seconds.
  path: Assets/Prefabs/Rooms/RoomsMaterials/Material.040 1.mat
  artifactKey: Guid(7f21f1ebfbe344fb889e593845a5710c) Importer(2089858483,b0f066a214c2f5e87bad3c948f4d605d)
Start importing Assets/Prefabs/Rooms/RoomsMaterials/Material.040 1.mat using Guid(7f21f1ebfbe344fb889e593845a5710c) Importer(2089858483,b0f066a214c2f5e87bad3c948f4d605d) (ScriptedImporter) -> (artifact id: '056cce8aa11b0f42a07b8b0e0e972b43') in 0.0096135 seconds
Number of updated asset objects reloaded before import = 0Number of asset objects unloaded after import = 1

========================================================================
Received Import Request.
  Time since last request: 0.000040 seconds.
  path: Assets/Prefabs/Rooms/RoomsMaterials/Material.086 1.mat
  artifactKey: Guid(eb3a0d10f23994ffab885484b89c9d31) Importer(2089858483,b0f066a214c2f5e87bad3c948f4d605d)
Start importing Assets/Prefabs/Rooms/RoomsMaterials/Material.086 1.mat using Guid(eb3a0d10f23994ffab885484b89c9d31) Importer(2089858483,b0f066a214c2f5e87bad3c948f4d605d) (ScriptedImporter) -> (artifact id: '0419256ecd5b54f2cdcc06134a33e221') in 0.0095361 seconds
Number of updated asset objects reloaded before import = 0Number of asset objects unloaded after import = 1

========================================================================
Received Import Request.
  Time since last request: 0.000066 seconds.
  path: Assets/Prefabs/Rooms/CafeMaterials/wire_143225087.001.mat
  artifactKey: Guid(53727bf1e38744306abc8c8effe6829a) Importer(2089858483,b0f066a214c2f5e87bad3c948f4d605d)
Start importing Assets/Prefabs/Rooms/CafeMaterials/wire_143225087.001.mat using Guid(53727bf1e38744306abc8c8effe6829a) Importer(2089858483,b0f066a214c2f5e87bad3c948f4d605d) (ScriptedImporter) -> (artifact id: '5557cc4d2c3f997071f11db59bf2af1e') in 0.0097746 seconds
Number of updated asset objects reloaded before import = 0Number of asset objects unloaded after import = 1

========================================================================
Received Import Request.
  Time since last request: 0.000044 seconds.
  path: Assets/Prefabs/Rooms/CafeMaterials/Material.046.mat
  artifactKey: Guid(d148b80f0a88b4bb7bb348369cee1a14) Importer(2089858483,b0f066a214c2f5e87bad3c948f4d605d)
Start importing Assets/Prefabs/Rooms/CafeMaterials/Material.046.mat using Guid(d148b80f0a88b4bb7bb348369cee1a14) Importer(2089858483,b0f066a214c2f5e87bad3c948f4d605d) (ScriptedImporter) -> (artifact id: '862d4eadb3a16ace4174e7140a36e0f4') in 0.0109642 seconds
Number of updated asset objects reloaded before import = 0Number of asset objects unloaded after import = 1

========================================================================
Received Import Request.
  Time since last request: 0.000099 seconds.
  path: Assets/Prefabs/Rooms/OfficeMaterials/LAP_1SCREEN.mat
  artifactKey: Guid(ca496bf6b2fa047d2ad34a315b39bd17) Importer(2089858483,b0f066a214c2f5e87bad3c948f4d605d)
Start importing Assets/Prefabs/Rooms/OfficeMaterials/LAP_1SCREEN.mat using Guid(ca496bf6b2fa047d2ad34a315b39bd17) Importer(2089858483,b0f066a214c2f5e87bad3c948f4d605d) (ScriptedImporter) -> (artifact id: '1985677bee5074656e1efe7f833f3622') in 0.010646 seconds
Number of updated asset objects reloaded before import = 0Number of asset objects unloaded after import = 1

========================================================================
Received Import Request.
  Time since last request: 0.000082 seconds.
  path: Assets/Prefabs/Rooms/CafeMaterials/soil21.001.mat
  artifactKey: Guid(13be19b9703a047f1826794eea7f86bb) Importer(2089858483,b0f066a214c2f5e87bad3c948f4d605d)
Start importing Assets/Prefabs/Rooms/CafeMaterials/soil21.001.mat using Guid(13be19b9703a047f1826794eea7f86bb) Importer(2089858483,b0f066a214c2f5e87bad3c948f4d605d) (ScriptedImporter) -> (artifact id: '7747bcfb3895f1ce2e18669e4f76ad41') in 0.0103454 seconds
Number of updated asset objects reloaded before import = 0Number of asset objects unloaded after import = 1

========================================================================
Received Import Request.
  Time since last request: 0.000086 seconds.
  path: Assets/Prefabs/Rooms/CafeMaterials/Material.026.mat
  artifactKey: Guid(ab2e7bd541ea5462eb720fbf30b9a523) Importer(2089858483,b0f066a214c2f5e87bad3c948f4d605d)
Start importing Assets/Prefabs/Rooms/CafeMaterials/Material.026.mat using Guid(ab2e7bd541ea5462eb720fbf30b9a523) Importer(2089858483,b0f066a214c2f5e87bad3c948f4d605d) (ScriptedImporter) -> (artifact id: '225784cf5d59e0c89faea3ae33073c77') in 0.0098531 seconds
Number of updated asset objects reloaded before import = 0Number of asset objects unloaded after import = 1

========================================================================
Received Import Request.
  Time since last request: 0.000061 seconds.
  path: Assets/Prefabs/Network/Icons
  artifactKey: Guid(e6cc1ed54aa63498481326d87b2a2214) Importer(2089858483,b0f066a214c2f5e87bad3c948f4d605d)
Start importing Assets/Prefabs/Network/Icons using Guid(e6cc1ed54aa63498481326d87b2a2214) Importer(2089858483,b0f066a214c2f5e87bad3c948f4d605d) (ScriptedImporter) -> (artifact id: '3752a926b15b07607ef3afa74fd0b497') in 0.0090934 seconds
Number of updated asset objects reloaded before import = 0Number of asset objects unloaded after import = 1

========================================================================
Received Import Request.
  Time since last request: 0.000083 seconds.
  path: Assets/Prefabs/Rooms/RoomsMaterials/M_sofa_long.001 2.mat
  artifactKey: Guid(6ee7952eab8124ffdbd8b31f667033c0) Importer(2089858483,b0f066a214c2f5e87bad3c948f4d605d)
Start importing Assets/Prefabs/Rooms/RoomsMaterials/M_sofa_long.001 2.mat using Guid(6ee7952eab8124ffdbd8b31f667033c0) Importer(2089858483,b0f066a214c2f5e87bad3c948f4d605d) (ScriptedImporter) -> (artifact id: '57654b7292e58778eba32d4ac2ad4042') in 0.0103534 seconds
Number of updated asset objects reloaded before import = 0Number of asset objects unloaded after import = 1

========================================================================
Received Import Request.
  Time since last request: 0.000109 seconds.
  path: Assets/Sprites/favicon.jpg
  artifactKey: Guid(68e3b716777d449d7ac25e52b7bdcfa6) Importer(2089858483,b0f066a214c2f5e87bad3c948f4d605d)
Start importing Assets/Sprites/favicon.jpg using Guid(68e3b716777d449d7ac25e52b7bdcfa6) Importer(2089858483,b0f066a214c2f5e87bad3c948f4d605d) (ScriptedImporter) -> (artifact id: '42687cdc1ebdc95baed2bfff45be6362') in 0.0190285 seconds
Number of updated asset objects reloaded before import = 0Number of asset objects unloaded after import = 1

========================================================================
Received Import Request.
  Time since last request: 0.000094 seconds.
  path: Assets/Prefabs/Rooms/RoomsMaterials/M_boxes.mat
  artifactKey: Guid(63717c459c2ab4f07b5045219dba6f12) Importer(2089858483,b0f066a214c2f5e87bad3c948f4d605d)
Start importing Assets/Prefabs/Rooms/RoomsMaterials/M_boxes.mat using Guid(63717c459c2ab4f07b5045219dba6f12) Importer(2089858483,b0f066a214c2f5e87bad3c948f4d605d) (ScriptedImporter) -> (artifact id: 'd3daccb5e47aee6a913be00def316649') in 0.0105865 seconds
Number of updated asset objects reloaded before import = 0Number of asset objects unloaded after import = 1

========================================================================
Received Import Request.
  Time since last request: 0.000073 seconds.
  path: Assets/Scenes/Load.unity
  artifactKey: Guid(3df75faf8f332499597ec9ecf7994ae5) Importer(2089858483,b0f066a214c2f5e87bad3c948f4d605d)
Start importing Assets/Scenes/Load.unity using Guid(3df75faf8f332499597ec9ecf7994ae5) Importer(2089858483,b0f066a214c2f5e87bad3c948f4d605d) (ScriptedImporter) -> (artifact id: '63b03f32f8abb2a4ea215e5ca040003a') in 0.0090948 seconds
Number of updated asset objects reloaded before import = 0Number of asset objects unloaded after import = 1

========================================================================
Received Import Request.
  Time since last request: 0.000089 seconds.
  path: Assets/Sprites/city/gorod/gorod_00036.png
  artifactKey: Guid(0be9a0db442914eeaab406d4ffd82ee5) Importer(2089858483,b0f066a214c2f5e87bad3c948f4d605d)
Start importing Assets/Sprites/city/gorod/gorod_00036.png using Guid(0be9a0db442914eeaab406d4ffd82ee5) Importer(2089858483,b0f066a214c2f5e87bad3c948f4d605d) (ScriptedImporter) -> (artifact id: 'ef88a2315d25935fd6295ad6b9e3be47') in 0.0195605 seconds
Number of updated asset objects reloaded before import = 0Number of asset objects unloaded after import = 3

========================================================================
Received Import Request.
  Time since last request: 0.000019 seconds.
  path: Assets/Prefabs/Rooms/RoomsMaterials/M_window_frames_001 1.mat
  artifactKey: Guid(7d5bd1c788bf6486bb8d2804bab1dd65) Importer(2089858483,b0f066a214c2f5e87bad3c948f4d605d)
Start importing Assets/Prefabs/Rooms/RoomsMaterials/M_window_frames_001 1.mat using Guid(7d5bd1c788bf6486bb8d2804bab1dd65) Importer(2089858483,b0f066a214c2f5e87bad3c948f4d605d) (ScriptedImporter) -> (artifact id: '3cb09ac720e613fd5d695fdbf198382b') in 0.010296 seconds
Number of updated asset objects reloaded before import = 0Number of asset objects unloaded after import = 1

========================================================================
Received Import Request.
  Time since last request: 0.000030 seconds.
  path: Assets/Prefabs/Rooms/CafeMaterials/Black glass.mat
  artifactKey: Guid(08627d9d18e5c46acafaee6b13c1d0ca) Importer(2089858483,b0f066a214c2f5e87bad3c948f4d605d)
Start importing Assets/Prefabs/Rooms/CafeMaterials/Black glass.mat using Guid(08627d9d18e5c46acafaee6b13c1d0ca) Importer(2089858483,b0f066a214c2f5e87bad3c948f4d605d) (ScriptedImporter) -> (artifact id: '9a79579a7cbdc0d821083e3785d81619') in 0.0091118 seconds
Number of updated asset objects reloaded before import = 0Number of asset objects unloaded after import = 1

========================================================================
Received Import Request.
  Time since last request: 0.000065 seconds.
  path: Assets/Scripts/Networks/Protocols/AdvancedNetworkPacket.cs
  artifactKey: Guid(a9d607a0117f147e9b1ae6e9bb523e1b) Importer(2089858483,b0f066a214c2f5e87bad3c948f4d605d)
Start importing Assets/Scripts/Networks/Protocols/AdvancedNetworkPacket.cs using Guid(a9d607a0117f147e9b1ae6e9bb523e1b) Importer(2089858483,b0f066a214c2f5e87bad3c948f4d605d) (ScriptedImporter) -> (artifact id: '138cc37975ce473933f292723965235b') in 0.0097993 seconds
Number of updated asset objects reloaded before import = 0Number of asset objects unloaded after import = 0

========================================================================
Received Import Request.
  Time since last request: 0.000054 seconds.
  path: Assets/Prefabs/Rooms/CafeMaterials/TOILET-chrome.mat
  artifactKey: Guid(ea5386eced74347b8a114c251c02107c) Importer(2089858483,b0f066a214c2f5e87bad3c948f4d605d)
Start importing Assets/Prefabs/Rooms/CafeMaterials/TOILET-chrome.mat using Guid(ea5386eced74347b8a114c251c02107c) Importer(2089858483,b0f066a214c2f5e87bad3c948f4d605d) (ScriptedImporter) -> (artifact id: '97711883f4d25903924eafc0f46bdc79') in 0.0105891 seconds
Number of updated asset objects reloaded before import = 0Number of asset objects unloaded after import = 1

========================================================================
Received Import Request.
  Time since last request: 0.000017 seconds.
  path: Assets/Sprites/Desktoptabs/web_icon.png
  artifactKey: Guid(ad8169a20b14b45ab97712592c59d921) Importer(2089858483,b0f066a214c2f5e87bad3c948f4d605d)
Start importing Assets/Sprites/Desktoptabs/web_icon.png using Guid(ad8169a20b14b45ab97712592c59d921) Importer(2089858483,b0f066a214c2f5e87bad3c948f4d605d) (ScriptedImporter) -> (artifact id: '1ea7d1899ab1874cffab062c755608ec') in 0.0239146 seconds
Number of updated asset objects reloaded before import = 0Number of asset objects unloaded after import = 3

========================================================================
Received Import Request.
  Time since last request: 0.000020 seconds.
  path: Assets/Prefabs/Rooms/CafeMaterials/plastic 3.001.mat
  artifactKey: Guid(5d9a0acea9290440b8314585270717a4) Importer(2089858483,b0f066a214c2f5e87bad3c948f4d605d)
Start importing Assets/Prefabs/Rooms/CafeMaterials/plastic 3.001.mat using Guid(5d9a0acea9290440b8314585270717a4) Importer(2089858483,b0f066a214c2f5e87bad3c948f4d605d) (ScriptedImporter) -> (artifact id: '063adcdfb88373b3b643142d6562d674') in 0.0098783 seconds
Number of updated asset objects reloaded before import = 0Number of asset objects unloaded after import = 1

========================================================================
Received Import Request.
  Time since last request: 0.000080 seconds.
  path: Assets/Prefabs/Rooms/CafeMaterials/Wood.002.mat
  artifactKey: Guid(b0d1040654f8e441da21d2944365fb05) Importer(2089858483,b0f066a214c2f5e87bad3c948f4d605d)
Start importing Assets/Prefabs/Rooms/CafeMaterials/Wood.002.mat using Guid(b0d1040654f8e441da21d2944365fb05) Importer(2089858483,b0f066a214c2f5e87bad3c948f4d605d) (ScriptedImporter) -> (artifact id: '2ffb3c6b4b3930d6e8ae1af878862338') in 0.0099824 seconds
Number of updated asset objects reloaded before import = 0Number of asset objects unloaded after import = 1

========================================================================
Received Import Request.
  Time since last request: 0.000072 seconds.
  path: Assets/Prefabs/Rooms/RoomsMaterials/Material.066 1.mat
  artifactKey: Guid(7f464e617f8eb432684774ce9d1d034d) Importer(2089858483,b0f066a214c2f5e87bad3c948f4d605d)
Start importing Assets/Prefabs/Rooms/RoomsMaterials/Material.066 1.mat using Guid(7f464e617f8eb432684774ce9d1d034d) Importer(2089858483,b0f066a214c2f5e87bad3c948f4d605d) (ScriptedImporter) -> (artifact id: '7c589c554240d5aa49e5f7a1a38a7429') in 0.0109285 seconds
Number of updated asset objects reloaded before import = 0Number of asset objects unloaded after import = 1

========================================================================
Received Import Request.
  Time since last request: 0.000013 seconds.
  path: Assets/Sprites/LoadScenes/scen 1/Безымянный-20024.png
  artifactKey: Guid(1a1d6f81f768c4775b5ea991dd14a9a0) Importer(2089858483,b0f066a214c2f5e87bad3c948f4d605d)
Start importing Assets/Sprites/LoadScenes/scen 1/Безымянный-20024.png using Guid(1a1d6f81f768c4775b5ea991dd14a9a0) Importer(2089858483,b0f066a214c2f5e87bad3c948f4d605d) (ScriptedImporter) -> (artifact id: 'c99f673c9dc8da8244ce29d1fba6f401') in 0.0143085 seconds
Number of updated asset objects reloaded before import = 0Number of asset objects unloaded after import = 3

========================================================================
Received Import Request.
  Time since last request: 0.000029 seconds.
  path: Assets/Sprites/city/gorod/gorod_00041.png
  artifactKey: Guid(197fdc56319574408950965bb8698a22) Importer(2089858483,b0f066a214c2f5e87bad3c948f4d605d)
Start importing Assets/Sprites/city/gorod/gorod_00041.png using Guid(197fdc56319574408950965bb8698a22) Importer(2089858483,b0f066a214c2f5e87bad3c948f4d605d) (ScriptedImporter) -> (artifact id: '82cc1aebf9730be1c03399b28ea771bf') in 0.0188984 seconds
Number of updated asset objects reloaded before import = 0Number of asset objects unloaded after import = 3

========================================================================
Received Import Request.
  Time since last request: 0.000018 seconds.
  path: Assets/Sprites/web_images/auth_settings_image.png
  artifactKey: Guid(57934eaea9e5d4678ab0705472216d80) Importer(2089858483,b0f066a214c2f5e87bad3c948f4d605d)
Start importing Assets/Sprites/web_images/auth_settings_image.png using Guid(57934eaea9e5d4678ab0705472216d80) Importer(2089858483,b0f066a214c2f5e87bad3c948f4d605d) (ScriptedImporter) -> (artifact id: 'a0ed4f72e4bca8c609fd9cb45e86af94') in 0.0221186 seconds
Number of updated asset objects reloaded before import = 0Number of asset objects unloaded after import = 3

========================================================================
Received Import Request.
  Time since last request: 0.000017 seconds.
  path: Assets/Prefabs/Canvases.prefab
  artifactKey: Guid(34ce4da5429da47aab2436b9342035fa) Importer(815301076,1909f56bfc062723c751e8b465ee728b)
Start importing Assets/Prefabs/Canvases.prefab using Guid(34ce4da5429da47aab2436b9342035fa) Importer(815301076,1909f56bfc062723c751e8b465ee728b) (PreviewImporter) -> (artifact id: 'a8339556fc154eb16b074ecf782147a1') in 0.0735098 seconds
Number of updated asset objects reloaded before import = 0Number of asset objects unloaded after import = 1163

========================================================================
Received Import Request.
  Time since last request: 0.000027 seconds.
  path: Assets/Sprites/LoadScenes/scen 1/Безымянный-20161.png
  artifactKey: Guid(79a425a8c10bd42fdac743ea866dadf6) Importer(2089858483,b0f066a214c2f5e87bad3c948f4d605d)
Start importing Assets/Sprites/LoadScenes/scen 1/Безымянный-20161.png using Guid(79a425a8c10bd42fdac743ea866dadf6) Importer(2089858483,b0f066a214c2f5e87bad3c948f4d605d) (ScriptedImporter) -> (artifact id: 'e81a07b15d73c526b60592048be032cf') in 0.0135228 seconds
Number of updated asset objects reloaded before import = 0Number of asset objects unloaded after import = 3

========================================================================
Received Import Request.
  Time since last request: 0.000023 seconds.
  path: Assets/Prefabs/Rooms/RoomsMaterials/Material.019 2.mat
  artifactKey: Guid(74f8b76259ea6463d8a8a8ab6d085cb4) Importer(2089858483,b0f066a214c2f5e87bad3c948f4d605d)
Start importing Assets/Prefabs/Rooms/RoomsMaterials/Material.019 2.mat using Guid(74f8b76259ea6463d8a8a8ab6d085cb4) Importer(2089858483,b0f066a214c2f5e87bad3c948f4d605d) (ScriptedImporter) -> (artifact id: 'f5576ca9425997cce3cf7063f6cae5da') in 0.0145812 seconds
Number of updated asset objects reloaded before import = 0Number of asset objects unloaded after import = 1

========================================================================
Received Import Request.
  Time since last request: 0.000041 seconds.
  path: Assets/Prefabs/Rooms/OfficeMaterials/08_-_Default.mat
  artifactKey: Guid(9e388bf78e9d24e83bb500ac5b65a2e1) Importer(2089858483,b0f066a214c2f5e87bad3c948f4d605d)
Start importing Assets/Prefabs/Rooms/OfficeMaterials/08_-_Default.mat using Guid(9e388bf78e9d24e83bb500ac5b65a2e1) Importer(2089858483,b0f066a214c2f5e87bad3c948f4d605d) (ScriptedImporter) -> (artifact id: 'fb3892e44c6259ea786e53fc5c41f2ee') in 0.0102365 seconds
Number of updated asset objects reloaded before import = 0Number of asset objects unloaded after import = 1

========================================================================
Received Import Request.
  Time since last request: 0.000076 seconds.
  path: Assets/Prefabs/Rooms/RoomsMaterials/Material.066 2.mat
  artifactKey: Guid(7ca6aac4bdd3d40fc8da5bcb6edd0224) Importer(2089858483,b0f066a214c2f5e87bad3c948f4d605d)
Start importing Assets/Prefabs/Rooms/RoomsMaterials/Material.066 2.mat using Guid(7ca6aac4bdd3d40fc8da5bcb6edd0224) Importer(2089858483,b0f066a214c2f5e87bad3c948f4d605d) (ScriptedImporter) -> (artifact id: '025a0ef9cf1d08b07e857838ccb84db5') in 0.0129753 seconds
Number of updated asset objects reloaded before import = 0Number of asset objects unloaded after import = 1

========================================================================
Received Import Request.
  Time since last request: 0.000040 seconds.
  path: Assets/Sprites/LoadScenes/scen 1/Безымянный-20087.png
  artifactKey: Guid(06f5061960dcc4b0a8c32d815f97cba8) Importer(2089858483,b0f066a214c2f5e87bad3c948f4d605d)
Start importing Assets/Sprites/LoadScenes/scen 1/Безымянный-20087.png using Guid(06f5061960dcc4b0a8c32d815f97cba8) Importer(2089858483,b0f066a214c2f5e87bad3c948f4d605d) (ScriptedImporter) -> (artifact id: '6936ebcf3f912c67bbc11ab7a2502d9b') in 0.0147504 seconds
Number of updated asset objects reloaded before import = 0Number of asset objects unloaded after import = 3

========================================================================
Received Import Request.
  Time since last request: 0.000026 seconds.
  path: Assets/Prefabs/Rooms/CafeMaterials/AR3DMat Light Grey Ceramic Tiles.001.mat
  artifactKey: Guid(b7a12891e3814497da33932715bc9d90) Importer(2089858483,b0f066a214c2f5e87bad3c948f4d605d)
Start importing Assets/Prefabs/Rooms/CafeMaterials/AR3DMat Light Grey Ceramic Tiles.001.mat using Guid(b7a12891e3814497da33932715bc9d90) Importer(2089858483,b0f066a214c2f5e87bad3c948f4d605d) (ScriptedImporter) -> (artifact id: '63b72211f8f87d6e6cbea3016f6ad1e7') in 0.0110439 seconds
Number of updated asset objects reloaded before import = 0Number of asset objects unloaded after import = 1

========================================================================
Received Import Request.
  Time since last request: 0.000082 seconds.
  path: Assets/Prefabs/Rooms/RoomsMaterials/Material.095.mat
  artifactKey: Guid(8fe97bf13e1814cd09256aae85a725c9) Importer(2089858483,b0f066a214c2f5e87bad3c948f4d605d)
Start importing Assets/Prefabs/Rooms/RoomsMaterials/Material.095.mat using Guid(8fe97bf13e1814cd09256aae85a725c9) Importer(2089858483,b0f066a214c2f5e87bad3c948f4d605d) (ScriptedImporter) -> (artifact id: '36259fdea4af463d894f0677bc83b1b0') in 0.0101914 seconds
Number of updated asset objects reloaded before import = 0Number of asset objects unloaded after import = 1

========================================================================
Received Import Request.
  Time since last request: 0.000082 seconds.
  path: Assets/Prefabs/Rooms/RoomsMaterials/comp_desk_top 2.mat
  artifactKey: Guid(9aec1d64b76ff47a89fc87743338b059) Importer(2089858483,b0f066a214c2f5e87bad3c948f4d605d)
Start importing Assets/Prefabs/Rooms/RoomsMaterials/comp_desk_top 2.mat using Guid(9aec1d64b76ff47a89fc87743338b059) Importer(2089858483,b0f066a214c2f5e87bad3c948f4d605d) (ScriptedImporter) -> (artifact id: 'ed1391481d0b351c0bbbac77db00feac') in 0.0111873 seconds
Number of updated asset objects reloaded before import = 0Number of asset objects unloaded after import = 1

========================================================================
Received Import Request.
  Time since last request: 0.000065 seconds.
  path: Assets/Prefabs/Rooms/RoomsMaterials/Material.093 1.mat
  artifactKey: Guid(60caf7232d3e74552896f0c86135d4b2) Importer(2089858483,b0f066a214c2f5e87bad3c948f4d605d)
Start importing Assets/Prefabs/Rooms/RoomsMaterials/Material.093 1.mat using Guid(60caf7232d3e74552896f0c86135d4b2) Importer(2089858483,b0f066a214c2f5e87bad3c948f4d605d) (ScriptedImporter) -> (artifact id: 'b69a4d85ba53f98776b06f86e5f25051') in 0.0097976 seconds
Number of updated asset objects reloaded before import = 0Number of asset objects unloaded after import = 1

========================================================================
Received Import Request.
  Time since last request: 0.000087 seconds.
  path: Assets/Prefabs/Rooms/RoomsMaterials/comp_desk_a.mat
  artifactKey: Guid(72922fe238e114760898f7417b33aebd) Importer(2089858483,b0f066a214c2f5e87bad3c948f4d605d)
Start importing Assets/Prefabs/Rooms/RoomsMaterials/comp_desk_a.mat using Guid(72922fe238e114760898f7417b33aebd) Importer(2089858483,b0f066a214c2f5e87bad3c948f4d605d) (ScriptedImporter) -> (artifact id: 'f90726521530a25401e593215ed207d8') in 0.0100281 seconds
Number of updated asset objects reloaded before import = 0Number of asset objects unloaded after import = 1

========================================================================
Received Import Request.
  Time since last request: 0.000080 seconds.
  path: Assets/Sprites/city/gorod/gorod_00043.png
  artifactKey: Guid(4410ba5fa460a493fa4c2c7b4ad070d2) Importer(2089858483,b0f066a214c2f5e87bad3c948f4d605d)
Start importing Assets/Sprites/city/gorod/gorod_00043.png using Guid(4410ba5fa460a493fa4c2c7b4ad070d2) Importer(2089858483,b0f066a214c2f5e87bad3c948f4d605d) (ScriptedImporter) -> (artifact id: '8d9d9b73eb305f512ca540c879c00aa4') in 0.0184537 seconds
Number of updated asset objects reloaded before import = 0Number of asset objects unloaded after import = 3

========================================================================
Received Import Request.
  Time since last request: 0.000015 seconds.
  path: Assets/Sprites/city/gorod/gorod_00087.png
  artifactKey: Guid(bda2bb5d56a13472d96b31222d974ec9) Importer(2089858483,b0f066a214c2f5e87bad3c948f4d605d)
Start importing Assets/Sprites/city/gorod/gorod_00087.png using Guid(bda2bb5d56a13472d96b31222d974ec9) Importer(2089858483,b0f066a214c2f5e87bad3c948f4d605d) (ScriptedImporter) -> (artifact id: '602ca8191337637af6b96c11531ae159') in 0.0234917 seconds
Number of updated asset objects reloaded before import = 0Number of asset objects unloaded after import = 3

========================================================================
Received Import Request.
  Time since last request: 0.000023 seconds.
  path: Assets/Prefabs/Rooms/CafeMaterials/Material #95.mat
  artifactKey: Guid(4ce55b776a8d5472c834aae2e9e67bc0) Importer(2089858483,b0f066a214c2f5e87bad3c948f4d605d)
Start importing Assets/Prefabs/Rooms/CafeMaterials/Material #95.mat using Guid(4ce55b776a8d5472c834aae2e9e67bc0) Importer(2089858483,b0f066a214c2f5e87bad3c948f4d605d) (ScriptedImporter) -> (artifact id: 'ba1f6958d7019a70fd92a2661a047737') in 0.0104238 seconds
Number of updated asset objects reloaded before import = 0Number of asset objects unloaded after import = 1

========================================================================
Received Import Request.
  Time since last request: 0.000073 seconds.
  path: Assets/Prefabs/Rooms/RoomsMaterials/Material.097.mat
  artifactKey: Guid(0f6d95399441b461998fb1a6ff420ddb) Importer(2089858483,b0f066a214c2f5e87bad3c948f4d605d)
Start importing Assets/Prefabs/Rooms/RoomsMaterials/Material.097.mat using Guid(0f6d95399441b461998fb1a6ff420ddb) Importer(2089858483,b0f066a214c2f5e87bad3c948f4d605d) (ScriptedImporter) -> (artifact id: 'a56b507a9736f5199a4680cfe7d825b4') in 0.0122578 seconds
Number of updated asset objects reloaded before import = 0Number of asset objects unloaded after import = 1

========================================================================
Received Import Request.
  Time since last request: 0.000084 seconds.
  path: Assets/Prefabs/Rooms/Room2.fbx
  artifactKey: Guid(7c1723e12e21d40689b9de9ae5578d7b) Importer(2089858483,b0f066a214c2f5e87bad3c948f4d605d)
Start importing Assets/Prefabs/Rooms/Room2.fbx using Guid(7c1723e12e21d40689b9de9ae5578d7b) Importer(2089858483,b0f066a214c2f5e87bad3c948f4d605d) (ScriptedImporter) -> (artifact id: 'da32f95453309ec1fc1970c6071206d2') in 0.0639342 seconds
Number of updated asset objects reloaded before import = 0Number of asset objects unloaded after import = 44

========================================================================
Received Import Request.
  Time since last request: 0.000021 seconds.
  path: Assets/Prefabs/Rooms/RoomsMaterials/Material.007.mat
  artifactKey: Guid(7921785052f7147d1978900d90b710e6) Importer(2089858483,b0f066a214c2f5e87bad3c948f4d605d)
Start importing Assets/Prefabs/Rooms/RoomsMaterials/Material.007.mat using Guid(7921785052f7147d1978900d90b710e6) Importer(2089858483,b0f066a214c2f5e87bad3c948f4d605d) (ScriptedImporter) -> (artifact id: '18196e8bfea70c1af11b4b20c03f2617') in 0.0102751 seconds
Number of updated asset objects reloaded before import = 0Number of asset objects unloaded after import = 1

========================================================================
Received Import Request.
  Time since last request: 0.000085 seconds.
  path: Assets/Prefabs/Rooms/RoomsMaterials/light_bulb 1.mat
  artifactKey: Guid(37835034667764bea82ae738858c7f5c) Importer(2089858483,b0f066a214c2f5e87bad3c948f4d605d)
Start importing Assets/Prefabs/Rooms/RoomsMaterials/light_bulb 1.mat using Guid(37835034667764bea82ae738858c7f5c) Importer(2089858483,b0f066a214c2f5e87bad3c948f4d605d) (ScriptedImporter) -> (artifact id: '634744387ea7e92ecf94425281c85e8e') in 0.0109863 seconds
Number of updated asset objects reloaded before import = 0Number of asset objects unloaded after import = 1

========================================================================
Received Import Request.
  Time since last request: 0.000101 seconds.
  path: Assets/Prefabs/Rooms/RoomsMaterials/Material.012 1.mat
  artifactKey: Guid(94b4cbcbf783d42cba7751987dd6ab14) Importer(2089858483,b0f066a214c2f5e87bad3c948f4d605d)
Start importing Assets/Prefabs/Rooms/RoomsMaterials/Material.012 1.mat using Guid(94b4cbcbf783d42cba7751987dd6ab14) Importer(2089858483,b0f066a214c2f5e87bad3c948f4d605d) (ScriptedImporter) -> (artifact id: '5a94f3519e170bb31768547915cc4fac') in 0.0109725 seconds
Number of updated asset objects reloaded before import = 0Number of asset objects unloaded after import = 1

========================================================================
Received Import Request.
  Time since last request: 0.000082 seconds.
  path: Assets/Prefabs/Rooms/CafeMaterials/7191_chrome_fingerprints.mat
  artifactKey: Guid(bae41f9f163da4d5ea7eab8aa2aff2b0) Importer(2089858483,b0f066a214c2f5e87bad3c948f4d605d)
Start importing Assets/Prefabs/Rooms/CafeMaterials/7191_chrome_fingerprints.mat using Guid(bae41f9f163da4d5ea7eab8aa2aff2b0) Importer(2089858483,b0f066a214c2f5e87bad3c948f4d605d) (ScriptedImporter) -> (artifact id: '192af72265182fa13127470e0af06fc8') in 0.0106187 seconds
Number of updated asset objects reloaded before import = 0Number of asset objects unloaded after import = 1

========================================================================
Received Import Request.
  Time since last request: 0.000093 seconds.
  path: Assets/New Terrain.asset
  artifactKey: Guid(dc08e353e97fe4cf5906a6c78f87e02e) Importer(2089858483,b0f066a214c2f5e87bad3c948f4d605d)
Start importing Assets/New Terrain.asset using Guid(dc08e353e97fe4cf5906a6c78f87e02e) Importer(2089858483,b0f066a214c2f5e87bad3c948f4d605d) (ScriptedImporter) -> (artifact id: '372aae0d1124222fad7a8d9ffd89a824') in 0.0222902 seconds
Number of updated asset objects reloaded before import = 0Number of asset objects unloaded after import = 1

========================================================================
Received Import Request.
  Time since last request: 0.000034 seconds.
  path: Assets/Prefabs/Rooms/CafeMaterials/7191_scanner_black_insert.mat
  artifactKey: Guid(6d0f8c8f8799a4c299fa7203889af3aa) Importer(2089858483,b0f066a214c2f5e87bad3c948f4d605d)
Start importing Assets/Prefabs/Rooms/CafeMaterials/7191_scanner_black_insert.mat using Guid(6d0f8c8f8799a4c299fa7203889af3aa) Importer(2089858483,b0f066a214c2f5e87bad3c948f4d605d) (ScriptedImporter) -> (artifact id: '788a664e2e72714a951144b42c59c6d3') in 0.0106754 seconds
Number of updated asset objects reloaded before import = 0Number of asset objects unloaded after import = 1

========================================================================
Received Import Request.
  Time since last request: 0.000069 seconds.
  path: Assets/Prefabs/Rooms/RoomsMaterials/M_lights_ceiling.mat
  artifactKey: Guid(29bf88c60898747578fc89ae63f07dd3) Importer(2089858483,b0f066a214c2f5e87bad3c948f4d605d)
Start importing Assets/Prefabs/Rooms/RoomsMaterials/M_lights_ceiling.mat using Guid(29bf88c60898747578fc89ae63f07dd3) Importer(2089858483,b0f066a214c2f5e87bad3c948f4d605d) (ScriptedImporter) -> (artifact id: 'a0c605cd5b7e6714a2d57113e41da044') in 0.0104137 seconds
Number of updated asset objects reloaded before import = 0Number of asset objects unloaded after import = 1

========================================================================
Received Import Request.
  Time since last request: 0.000054 seconds.
  path: Assets/Prefabs/Rooms/RoomsMaterials/Material.036 1.mat
  artifactKey: Guid(327fd3105088548a9bb5448cafa22e4d) Importer(2089858483,b0f066a214c2f5e87bad3c948f4d605d)
Start importing Assets/Prefabs/Rooms/RoomsMaterials/Material.036 1.mat using Guid(327fd3105088548a9bb5448cafa22e4d) Importer(2089858483,b0f066a214c2f5e87bad3c948f4d605d) (ScriptedImporter) -> (artifact id: 'c03f3cdeae5363bcbe8943058c25d970') in 0.0113011 seconds
Number of updated asset objects reloaded before import = 0Number of asset objects unloaded after import = 1

========================================================================
Received Import Request.
  Time since last request: 0.000015 seconds.
  path: Assets/QuickOutline
  artifactKey: Guid(dd8f89929f1b04502aa7287b074c62ab) Importer(2089858483,b0f066a214c2f5e87bad3c948f4d605d)
Start importing Assets/QuickOutline using Guid(dd8f89929f1b04502aa7287b074c62ab) Importer(2089858483,b0f066a214c2f5e87bad3c948f4d605d) (ScriptedImporter) -> (artifact id: 'c550f57b12d121352f9fbcf61560d110') in 0.0088945 seconds
Number of updated asset objects reloaded before import = 0Number of asset objects unloaded after import = 1

========================================================================
Received Import Request.
  Time since last request: 0.000033 seconds.
  path: Assets/Prefabs/Rooms/RoomsMaterials/Material.058 1.mat
  artifactKey: Guid(312271496813c48fb958dcde042ac256) Importer(2089858483,b0f066a214c2f5e87bad3c948f4d605d)
Start importing Assets/Prefabs/Rooms/RoomsMaterials/Material.058 1.mat using Guid(312271496813c48fb958dcde042ac256) Importer(2089858483,b0f066a214c2f5e87bad3c948f4d605d) (ScriptedImporter) -> (artifact id: '69b7a2919f80adacf6f82afc13dc942f') in 0.010689 seconds
Number of updated asset objects reloaded before import = 0Number of asset objects unloaded after import = 1

========================================================================
Received Import Request.
  Time since last request: 0.000060 seconds.
  path: Assets/Sprites/LoadScenes/scen 1/Безымянный-20089.png
  artifactKey: Guid(3b7ef50f431fe4c14a704fbc3c0c77a2) Importer(2089858483,b0f066a214c2f5e87bad3c948f4d605d)
Start importing Assets/Sprites/LoadScenes/scen 1/Безымянный-20089.png using Guid(3b7ef50f431fe4c14a704fbc3c0c77a2) Importer(2089858483,b0f066a214c2f5e87bad3c948f4d605d) (ScriptedImporter) -> (artifact id: '47f7bb4ad0f7ef01563fd9985632fc3e') in 0.0147509 seconds
Number of updated asset objects reloaded before import = 0Number of asset objects unloaded after import = 3

========================================================================
Received Import Request.
  Time since last request: 0.000015 seconds.
  path: Assets/Prefabs/Rooms/CafeMaterials/Material.038.mat
  artifactKey: Guid(94fc5cb8abea94a4cb71e295204f793b) Importer(2089858483,b0f066a214c2f5e87bad3c948f4d605d)
Start importing Assets/Prefabs/Rooms/CafeMaterials/Material.038.mat using Guid(94fc5cb8abea94a4cb71e295204f793b) Importer(2089858483,b0f066a214c2f5e87bad3c948f4d605d) (ScriptedImporter) -> (artifact id: '51ab27ef7c179ed2683ea7f80cbb7704') in 0.0097758 seconds
Number of updated asset objects reloaded before import = 0Number of asset objects unloaded after import = 1

========================================================================
Received Import Request.
  Time since last request: 0.000033 seconds.
  path: Assets/Prefabs/Rooms/RoomsMaterials/Material.016 2.mat
  artifactKey: Guid(db03475e6791f4e10878a2d2b3561691) Importer(2089858483,b0f066a214c2f5e87bad3c948f4d605d)
Start importing Assets/Prefabs/Rooms/RoomsMaterials/Material.016 2.mat using Guid(db03475e6791f4e10878a2d2b3561691) Importer(2089858483,b0f066a214c2f5e87bad3c948f4d605d) (ScriptedImporter) -> (artifact id: 'b7d6391aaf2fcb420ea0bb3d8042d955') in 0.0106865 seconds
Number of updated asset objects reloaded before import = 0Number of asset objects unloaded after import = 1

========================================================================
Received Import Request.
  Time since last request: 0.000028 seconds.
  path: Assets/Prefabs/Rooms/RoomsMaterials/Material.053.mat
  artifactKey: Guid(ef070c6fa1b9842958ea1e95b97a448b) Importer(2089858483,b0f066a214c2f5e87bad3c948f4d605d)
Start importing Assets/Prefabs/Rooms/RoomsMaterials/Material.053.mat using Guid(ef070c6fa1b9842958ea1e95b97a448b) Importer(2089858483,b0f066a214c2f5e87bad3c948f4d605d) (ScriptedImporter) -> (artifact id: 'f21ae6d45f220d01fc1caffbd6791700') in 0.0102848 seconds
Number of updated asset objects reloaded before import = 0Number of asset objects unloaded after import = 1

========================================================================
Received Import Request.
  Time since last request: 0.000051 seconds.
  path: Assets/Prefabs/Rooms/CafeMaterials/_metall_11.002.mat
  artifactKey: Guid(a0cd065fe3c4d4b1a87e055f6b624eed) Importer(2089858483,b0f066a214c2f5e87bad3c948f4d605d)
Start importing Assets/Prefabs/Rooms/CafeMaterials/_metall_11.002.mat using Guid(a0cd065fe3c4d4b1a87e055f6b624eed) Importer(2089858483,b0f066a214c2f5e87bad3c948f4d605d) (ScriptedImporter) -> (artifact id: '5214ccef437fd747140f8b804796473a') in 0.0107764 seconds
Number of updated asset objects reloaded before import = 0Number of asset objects unloaded after import = 1

========================================================================
Received Import Request.
  Time since last request: 0.000108 seconds.
  path: Assets/Prefabs/Rooms/RoomsMaterials/Material.096 1.mat
  artifactKey: Guid(7573464370f24446abdbe9fd81bc7545) Importer(2089858483,b0f066a214c2f5e87bad3c948f4d605d)
Start importing Assets/Prefabs/Rooms/RoomsMaterials/Material.096 1.mat using Guid(7573464370f24446abdbe9fd81bc7545) Importer(2089858483,b0f066a214c2f5e87bad3c948f4d605d) (ScriptedImporter) -> (artifact id: '7b2b54d2416611d0837027adcdfc8d69') in 0.0102847 seconds
Number of updated asset objects reloaded before import = 0Number of asset objects unloaded after import = 1

========================================================================
Received Import Request.
  Time since last request: 0.000101 seconds.
  path: Assets/Prefabs/Rooms/RoomsMaterials/Material.043.mat
  artifactKey: Guid(9bc582adbb27842768537782b34d82be) Importer(2089858483,b0f066a214c2f5e87bad3c948f4d605d)
Start importing Assets/Prefabs/Rooms/RoomsMaterials/Material.043.mat using Guid(9bc582adbb27842768537782b34d82be) Importer(2089858483,b0f066a214c2f5e87bad3c948f4d605d) (ScriptedImporter) -> (artifact id: 'c1ab0d574bffd25caf6c2dd36450336d') in 0.0106926 seconds
Number of updated asset objects reloaded before import = 0Number of asset objects unloaded after import = 1

========================================================================
Received Import Request.
  Time since last request: 0.000072 seconds.
  path: Assets/Prefabs/Rooms/RoomsMaterials/Material.086.mat
  artifactKey: Guid(52d20b674c98344159fee564987f30b9) Importer(2089858483,b0f066a214c2f5e87bad3c948f4d605d)
Start importing Assets/Prefabs/Rooms/RoomsMaterials/Material.086.mat using Guid(52d20b674c98344159fee564987f30b9) Importer(2089858483,b0f066a214c2f5e87bad3c948f4d605d) (ScriptedImporter) -> (artifact id: '6fd4e949a58cd883fd6139837265f0f4') in 0.0100614 seconds
Number of updated asset objects reloaded before import = 0Number of asset objects unloaded after import = 1

========================================================================
Received Import Request.
  Time since last request: 0.000025 seconds.
  path: Assets/Prefabs/Rooms/OfficeMaterials/15_-_Default.mat
  artifactKey: Guid(bb26b444061bc4b5486540271fa5b862) Importer(2089858483,b0f066a214c2f5e87bad3c948f4d605d)
Start importing Assets/Prefabs/Rooms/OfficeMaterials/15_-_Default.mat using Guid(bb26b444061bc4b5486540271fa5b862) Importer(2089858483,b0f066a214c2f5e87bad3c948f4d605d) (ScriptedImporter) -> (artifact id: '0cb9158079ace5fbd9a3376d2c13a610') in 0.0156708 seconds
Number of updated asset objects reloaded before import = 0Number of asset objects unloaded after import = 1

========================================================================
Received Import Request.
  Time since last request: 0.000047 seconds.
  path: Assets/Prefabs/Rooms/RoomsMaterials/Material.084 1.mat
  artifactKey: Guid(a8f00b182863142edab7976cd9748336) Importer(2089858483,b0f066a214c2f5e87bad3c948f4d605d)
Start importing Assets/Prefabs/Rooms/RoomsMaterials/Material.084 1.mat using Guid(a8f00b182863142edab7976cd9748336) Importer(2089858483,b0f066a214c2f5e87bad3c948f4d605d) (ScriptedImporter) -> (artifact id: '58cb51ebe5f4223a726e8513a63a9e5a') in 0.01041 seconds
Number of updated asset objects reloaded before import = 0Number of asset objects unloaded after import = 1

========================================================================
Received Import Request.
  Time since last request: 0.000083 seconds.
  path: Assets/TextMesh Pro/Shaders/TMP_SDF-Mobile.shader
  artifactKey: Guid(fe393ace9b354375a9cb14cdbbc28be4) Importer(2089858483,b0f066a214c2f5e87bad3c948f4d605d)
Start importing Assets/TextMesh Pro/Shaders/TMP_SDF-Mobile.shader using Guid(fe393ace9b354375a9cb14cdbbc28be4) Importer(2089858483,b0f066a214c2f5e87bad3c948f4d605d) (ScriptedImporter) -> (artifact id: 'b7cff99e0b17159093ee1d8e67f3d4d4') in 0.0103363 seconds
Number of updated asset objects reloaded before import = 0Number of asset objects unloaded after import = 1

========================================================================
Received Import Request.
  Time since last request: 0.000058 seconds.
  path: Assets/Prefabs/Rooms/CafeMaterials/Металл.mat
  artifactKey: Guid(53b83ab214ce84ddb840e6c3b07c7b12) Importer(2089858483,b0f066a214c2f5e87bad3c948f4d605d)
Start importing Assets/Prefabs/Rooms/CafeMaterials/Металл.mat using Guid(53b83ab214ce84ddb840e6c3b07c7b12) Importer(2089858483,b0f066a214c2f5e87bad3c948f4d605d) (ScriptedImporter) -> (artifact id: '4e73d4ed4fb71d6c4a8be0a9d0736800') in 0.0103179 seconds
Number of updated asset objects reloaded before import = 0Number of asset objects unloaded after import = 1

========================================================================
Received Import Request.
  Time since last request: 0.000082 seconds.
  path: Assets/Scripts/Gamification
  artifactKey: Guid(7a871ef608ce84a048342e7c52aca2c7) Importer(2089858483,b0f066a214c2f5e87bad3c948f4d605d)
Start importing Assets/Scripts/Gamification using Guid(7a871ef608ce84a048342e7c52aca2c7) Importer(2089858483,b0f066a214c2f5e87bad3c948f4d605d) (ScriptedImporter) -> (artifact id: 'f9e4ff4fb1f4dfe436d39689ef9a82a5') in 0.0099643 seconds
Number of updated asset objects reloaded before import = 0Number of asset objects unloaded after import = 1

========================================================================
Received Import Request.
  Time since last request: 0.000067 seconds.
  path: Assets/Prefabs/Rooms/RoomsMaterials/Material_72.mat
  artifactKey: Guid(05fcaebca9486494693be6eaab473990) Importer(2089858483,b0f066a214c2f5e87bad3c948f4d605d)
Start importing Assets/Prefabs/Rooms/RoomsMaterials/Material_72.mat using Guid(05fcaebca9486494693be6eaab473990) Importer(2089858483,b0f066a214c2f5e87bad3c948f4d605d) (ScriptedImporter) -> (artifact id: 'af0429c80faf45b96953189ce7314566') in 0.0107301 seconds
Number of updated asset objects reloaded before import = 0Number of asset objects unloaded after import = 1

========================================================================
Received Import Request.
  Time since last request: 0.000066 seconds.
  path: Assets/Prefabs/Rooms/RoomsMaterials/M_switches 2.mat
  artifactKey: Guid(6795d63e734e14b219a1d4f3d6240b78) Importer(2089858483,b0f066a214c2f5e87bad3c948f4d605d)
Start importing Assets/Prefabs/Rooms/RoomsMaterials/M_switches 2.mat using Guid(6795d63e734e14b219a1d4f3d6240b78) Importer(2089858483,b0f066a214c2f5e87bad3c948f4d605d) (ScriptedImporter) -> (artifact id: 'd9fe3ecf3b58af895cf781000275214a') in 0.01058 seconds
Number of updated asset objects reloaded before import = 0Number of asset objects unloaded after import = 1

========================================================================
Received Import Request.
  Time since last request: 0.000101 seconds.
  path: Assets/Sprites/Desktoptabs/console_icon.png
  artifactKey: Guid(94a384023d0634fb39380dad06d85bcd) Importer(2089858483,b0f066a214c2f5e87bad3c948f4d605d)
Start importing Assets/Sprites/Desktoptabs/console_icon.png using Guid(94a384023d0634fb39380dad06d85bcd) Importer(2089858483,b0f066a214c2f5e87bad3c948f4d605d) (ScriptedImporter) -> (artifact id: '7c62a6f3d4ec1bf8a98f0af8f4dcbfc0') in 0.0139308 seconds
Number of updated asset objects reloaded before import = 0Number of asset objects unloaded after import = 3

========================================================================
Received Import Request.
  Time since last request: 0.000017 seconds.
  path: Assets/Prefabs/Rooms/CafeMaterials/Glazed Ceramic Red.mat
  artifactKey: Guid(2e46106194e004f06b113d323e2418dd) Importer(2089858483,b0f066a214c2f5e87bad3c948f4d605d)
Start importing Assets/Prefabs/Rooms/CafeMaterials/Glazed Ceramic Red.mat using Guid(2e46106194e004f06b113d323e2418dd) Importer(2089858483,b0f066a214c2f5e87bad3c948f4d605d) (ScriptedImporter) -> (artifact id: 'bb79e69f8b987b7bbf3b08a2b6ed1fe0') in 0.0107151 seconds
Number of updated asset objects reloaded before import = 0Number of asset objects unloaded after import = 1

========================================================================
Received Import Request.
  Time since last request: 0.000064 seconds.
  path: Assets/Sprites/LoadScenes/scen 1/Безымянный-20108.png
  artifactKey: Guid(8653d9dc5b834494f94e6a29db34f279) Importer(2089858483,b0f066a214c2f5e87bad3c948f4d605d)
Start importing Assets/Sprites/LoadScenes/scen 1/Безымянный-20108.png using Guid(8653d9dc5b834494f94e6a29db34f279) Importer(2089858483,b0f066a214c2f5e87bad3c948f4d605d) (ScriptedImporter) -> (artifact id: '1f7772a11b21a1931cb66da3258ec36f') in 0.0168647 seconds
Number of updated asset objects reloaded before import = 0Number of asset objects unloaded after import = 3

========================================================================
Received Import Request.
  Time since last request: 0.000016 seconds.
  path: Assets/Prefabs/Rooms/CafeMaterials/7191_glass.mat
  artifactKey: Guid(857a7aea35ea44c66bfdb5c3eee0abba) Importer(2089858483,b0f066a214c2f5e87bad3c948f4d605d)
Start importing Assets/Prefabs/Rooms/CafeMaterials/7191_glass.mat using Guid(857a7aea35ea44c66bfdb5c3eee0abba) Importer(2089858483,b0f066a214c2f5e87bad3c948f4d605d) (ScriptedImporter) -> (artifact id: '17f48f45a4c4e8385bd1c854049c7be7') in 0.0099451 seconds
Number of updated asset objects reloaded before import = 0Number of asset objects unloaded after import = 1

========================================================================
Received Import Request.
  Time since last request: 0.000100 seconds.
  path: Assets/Prefabs/Rooms/CafeMaterials/Elite_Smoke_Material #1107.002.mat
  artifactKey: Guid(eb6b45ac2654d46749efadb26ea78175) Importer(2089858483,b0f066a214c2f5e87bad3c948f4d605d)
Start importing Assets/Prefabs/Rooms/CafeMaterials/Elite_Smoke_Material #1107.002.mat using Guid(eb6b45ac2654d46749efadb26ea78175) Importer(2089858483,b0f066a214c2f5e87bad3c948f4d605d) (ScriptedImporter) -> (artifact id: 'be01ea86676e48e5bcfe9c87571ee81c') in 0.0111474 seconds
Number of updated asset objects reloaded before import = 0Number of asset objects unloaded after import = 1

========================================================================
Received Import Request.
  Time since last request: 0.000056 seconds.
  path: Assets/Prefabs/Rooms/RoomsMaterials/lamp_cloth 2.mat
  artifactKey: Guid(c7064c232d00f4b68a88ecb76d1588aa) Importer(2089858483,b0f066a214c2f5e87bad3c948f4d605d)
Start importing Assets/Prefabs/Rooms/RoomsMaterials/lamp_cloth 2.mat using Guid(c7064c232d00f4b68a88ecb76d1588aa) Importer(2089858483,b0f066a214c2f5e87bad3c948f4d605d) (ScriptedImporter) -> (artifact id: 'c51590627c3d3420754a21d586082524') in 0.0102316 seconds
Number of updated asset objects reloaded before import = 0Number of asset objects unloaded after import = 1

========================================================================
Received Import Request.
  Time since last request: 0.000077 seconds.
  path: Assets/Prefabs/Rooms/RoomsMaterials/M_tablet_side 1.mat
  artifactKey: Guid(b4e7e90e3612749a6a45580e5c9d96a7) Importer(2089858483,b0f066a214c2f5e87bad3c948f4d605d)
Start importing Assets/Prefabs/Rooms/RoomsMaterials/M_tablet_side 1.mat using Guid(b4e7e90e3612749a6a45580e5c9d96a7) Importer(2089858483,b0f066a214c2f5e87bad3c948f4d605d) (ScriptedImporter) -> (artifact id: 'd934a737adc7895f29d72e7d5c40dfbb') in 0.011073 seconds
Number of updated asset objects reloaded before import = 0Number of asset objects unloaded after import = 1

========================================================================
Received Import Request.
  Time since last request: 0.000037 seconds.
  path: Assets/Prefabs/Rooms/RoomsMaterials/Material.062 1.mat
  artifactKey: Guid(6d685a55a605a4ec580484cc315e5801) Importer(2089858483,b0f066a214c2f5e87bad3c948f4d605d)
Start importing Assets/Prefabs/Rooms/RoomsMaterials/Material.062 1.mat using Guid(6d685a55a605a4ec580484cc315e5801) Importer(2089858483,b0f066a214c2f5e87bad3c948f4d605d) (ScriptedImporter) -> (artifact id: '152205fa667e7fd6ece831eaf85843f7') in 0.0112982 seconds
Number of updated asset objects reloaded before import = 0Number of asset objects unloaded after import = 1

========================================================================
Received Import Request.
  Time since last request: 0.000019 seconds.
  path: Assets/Prefabs/Rooms/RoomsMaterials/Material.099.mat
  artifactKey: Guid(5c3ec0647ba724ab08b6bd37cfe75b4b) Importer(2089858483,b0f066a214c2f5e87bad3c948f4d605d)
Start importing Assets/Prefabs/Rooms/RoomsMaterials/Material.099.mat using Guid(5c3ec0647ba724ab08b6bd37cfe75b4b) Importer(2089858483,b0f066a214c2f5e87bad3c948f4d605d) (ScriptedImporter) -> (artifact id: '0e3ae728d983fb3379ed28ce844e48f6') in 0.0120081 seconds
Number of updated asset objects reloaded before import = 0Number of asset objects unloaded after import = 1

========================================================================
Received Import Request.
  Time since last request: 0.000039 seconds.
  path: Assets/Prefabs/Rooms/CafeMaterials/plastic 4.003.mat
  artifactKey: Guid(5dbfd0b68df304fbebf517c537a55463) Importer(2089858483,b0f066a214c2f5e87bad3c948f4d605d)
Start importing Assets/Prefabs/Rooms/CafeMaterials/plastic 4.003.mat using Guid(5dbfd0b68df304fbebf517c537a55463) Importer(2089858483,b0f066a214c2f5e87bad3c948f4d605d) (ScriptedImporter) -> (artifact id: 'd7e5b5a0a2ed9d3d5086d2fa54bc6c35') in 0.0109181 seconds
Number of updated asset objects reloaded before import = 0Number of asset objects unloaded after import = 1

========================================================================
Received Import Request.
  Time since last request: 0.000105 seconds.
  path: Assets/Prefabs/Rooms/CafeMaterials/Nature Pearl.mat
  artifactKey: Guid(dab4039ffadcd4ce8834a8c7a18b9811) Importer(2089858483,b0f066a214c2f5e87bad3c948f4d605d)
Start importing Assets/Prefabs/Rooms/CafeMaterials/Nature Pearl.mat using Guid(dab4039ffadcd4ce8834a8c7a18b9811) Importer(2089858483,b0f066a214c2f5e87bad3c948f4d605d) (ScriptedImporter) -> (artifact id: '9aeacf186d8b8cc304264d8d540679a2') in 0.0116918 seconds
Number of updated asset objects reloaded before import = 0Number of asset objects unloaded after import = 1

========================================================================
Received Import Request.
  Time since last request: 0.000103 seconds.
  path: Assets/Prefabs/Rooms/RoomsMaterials/M_switches.mat
  artifactKey: Guid(d8fe1fbd096bf40fb8cc57d2c0b440bb) Importer(2089858483,b0f066a214c2f5e87bad3c948f4d605d)
Start importing Assets/Prefabs/Rooms/RoomsMaterials/M_switches.mat using Guid(d8fe1fbd096bf40fb8cc57d2c0b440bb) Importer(2089858483,b0f066a214c2f5e87bad3c948f4d605d) (ScriptedImporter) -> (artifact id: '3da351000a3b7ad3d5b8ace1d968b8c1') in 0.0100055 seconds
Number of updated asset objects reloaded before import = 0Number of asset objects unloaded after import = 1

========================================================================
Received Import Request.
  Time since last request: 0.000060 seconds.
  path: Assets/Prefabs/Rooms/CafeMaterials/_metall_1.002.mat
  artifactKey: Guid(1b302127d01e247f29ce863bdc38dad1) Importer(2089858483,b0f066a214c2f5e87bad3c948f4d605d)
Start importing Assets/Prefabs/Rooms/CafeMaterials/_metall_1.002.mat using Guid(1b302127d01e247f29ce863bdc38dad1) Importer(2089858483,b0f066a214c2f5e87bad3c948f4d605d) (ScriptedImporter) -> (artifact id: '78e19b7d21a1beb1ebd4034bac6bea89') in 0.0102877 seconds
Number of updated asset objects reloaded before import = 0Number of asset objects unloaded after import = 1

========================================================================
Received Import Request.
  Time since last request: 0.000093 seconds.
  path: Assets/Prefabs/Rooms/RoomsMaterials/M_side_table_handle.mat
  artifactKey: Guid(012c92d7d97b5417598bdd63746fcc16) Importer(2089858483,b0f066a214c2f5e87bad3c948f4d605d)
Start importing Assets/Prefabs/Rooms/RoomsMaterials/M_side_table_handle.mat using Guid(012c92d7d97b5417598bdd63746fcc16) Importer(2089858483,b0f066a214c2f5e87bad3c948f4d605d) (ScriptedImporter) -> (artifact id: '9f7b043622b970ef301aba0bb88f8a7b') in 0.0097089 seconds
Number of updated asset objects reloaded before import = 0Number of asset objects unloaded after import = 1

========================================================================
Received Import Request.
  Time since last request: 0.000079 seconds.
  path: Assets/Sprites/city/gorod/gorod_00097.png
  artifactKey: Guid(421c9c26fe1e84bfc82315f4c9f83f2e) Importer(2089858483,b0f066a214c2f5e87bad3c948f4d605d)
Start importing Assets/Sprites/city/gorod/gorod_00097.png using Guid(421c9c26fe1e84bfc82315f4c9f83f2e) Importer(2089858483,b0f066a214c2f5e87bad3c948f4d605d) (ScriptedImporter) -> (artifact id: '53af2c2144ad2c7f59d18ec8d26659a5') in 0.0208096 seconds
Number of updated asset objects reloaded before import = 0Number of asset objects unloaded after import = 3

========================================================================
Received Import Request.
  Time since last request: 0.000017 seconds.
  path: Assets/Prefabs/Rooms/CafeMaterials/Black painted metal.mat
  artifactKey: Guid(667ecd7eb19cc454d8acc655644e398a) Importer(2089858483,b0f066a214c2f5e87bad3c948f4d605d)
Start importing Assets/Prefabs/Rooms/CafeMaterials/Black painted metal.mat using Guid(667ecd7eb19cc454d8acc655644e398a) Importer(2089858483,b0f066a214c2f5e87bad3c948f4d605d) (ScriptedImporter) -> (artifact id: 'ebe8b703d3155738b9706279272264b8') in 0.0098391 seconds
Number of updated asset objects reloaded before import = 0Number of asset objects unloaded after import = 1

========================================================================
Received Import Request.
  Time since last request: 0.000071 seconds.
  path: Assets/Prefabs/Rooms/CafeMaterials/Material #319.002.mat
  artifactKey: Guid(8e55f00fedcfd41a8b91d6d1ac85326f) Importer(2089858483,b0f066a214c2f5e87bad3c948f4d605d)
Start importing Assets/Prefabs/Rooms/CafeMaterials/Material #319.002.mat using Guid(8e55f00fedcfd41a8b91d6d1ac85326f) Importer(2089858483,b0f066a214c2f5e87bad3c948f4d605d) (ScriptedImporter) -> (artifact id: '86236fb1c8c5ae69eb5b5fb9f0aed835') in 0.013094 seconds
Number of updated asset objects reloaded before import = 0Number of asset objects unloaded after import = 1

========================================================================
Received Import Request.
  Time since last request: 0.000086 seconds.
  path: Assets/Prefabs/Rooms/RoomsMaterials/Material.013.mat
  artifactKey: Guid(8e23d2a7d00234cb98df81f438b75489) Importer(2089858483,b0f066a214c2f5e87bad3c948f4d605d)
Start importing Assets/Prefabs/Rooms/RoomsMaterials/Material.013.mat using Guid(8e23d2a7d00234cb98df81f438b75489) Importer(2089858483,b0f066a214c2f5e87bad3c948f4d605d) (ScriptedImporter) -> (artifact id: 'dcd29e4dfa3f6b0b8f82dcd01126a083') in 0.0093554 seconds
Number of updated asset objects reloaded before import = 0Number of asset objects unloaded after import = 1

========================================================================
Received Import Request.
  Time since last request: 0.000100 seconds.
  path: Assets/Sprites/city/gorod/gorod_00003.png
  artifactKey: Guid(96d24f8e0e9e14b20b27aa4b7fc362c0) Importer(2089858483,b0f066a214c2f5e87bad3c948f4d605d)
Start importing Assets/Sprites/city/gorod/gorod_00003.png using Guid(96d24f8e0e9e14b20b27aa4b7fc362c0) Importer(2089858483,b0f066a214c2f5e87bad3c948f4d605d) (ScriptedImporter) -> (artifact id: '23c5a6f760747de3526c113a8f5ee637') in 0.0176361 seconds
Number of updated asset objects reloaded before import = 0Number of asset objects unloaded after import = 3

========================================================================
Received Import Request.
  Time since last request: 0.000017 seconds.
  path: Assets/Prefabs/Rooms/RoomsMaterials/Material.072 1.mat
  artifactKey: Guid(0da82af0f37a94c26ade6ba9f93485ea) Importer(2089858483,b0f066a214c2f5e87bad3c948f4d605d)
Start importing Assets/Prefabs/Rooms/RoomsMaterials/Material.072 1.mat using Guid(0da82af0f37a94c26ade6ba9f93485ea) Importer(2089858483,b0f066a214c2f5e87bad3c948f4d605d) (ScriptedImporter) -> (artifact id: '3c4587dcf0f5f20895e162555dee0044') in 0.0093368 seconds
Number of updated asset objects reloaded before import = 0Number of asset objects unloaded after import = 1

========================================================================
Received Import Request.
  Time since last request: 0.000059 seconds.
  path: Assets/Prefabs/Rooms/CafeMaterials/Base_02.003.mat
  artifactKey: Guid(217c99174c59a42eb9289e7db0350726) Importer(2089858483,b0f066a214c2f5e87bad3c948f4d605d)
Start importing Assets/Prefabs/Rooms/CafeMaterials/Base_02.003.mat using Guid(217c99174c59a42eb9289e7db0350726) Importer(2089858483,b0f066a214c2f5e87bad3c948f4d605d) (ScriptedImporter) -> (artifact id: '02d4a02650125f8b4923aa1b59175c29') in 0.0084783 seconds
Number of updated asset objects reloaded before import = 0Number of asset objects unloaded after import = 1

========================================================================
Received Import Request.
  Time since last request: 0.000048 seconds.
  path: Assets/Sprites/city/gorod/gorod_00112.png
  artifactKey: Guid(d711bffc35aa24ff1b87ec8ca98a45ff) Importer(2089858483,b0f066a214c2f5e87bad3c948f4d605d)
Start importing Assets/Sprites/city/gorod/gorod_00112.png using Guid(d711bffc35aa24ff1b87ec8ca98a45ff) Importer(2089858483,b0f066a214c2f5e87bad3c948f4d605d) (ScriptedImporter) -> (artifact id: 'bb7f029ea8d847c970de1852511be8ef') in 0.0186529 seconds
Number of updated asset objects reloaded before import = 0Number of asset objects unloaded after import = 3

========================================================================
Received Import Request.
  Time since last request: 0.000018 seconds.
  path: Assets/Sprites/city/gorod/gorod_00042.png
  artifactKey: Guid(be0a7e4a15cc5408e90b6cc575043ec3) Importer(2089858483,b0f066a214c2f5e87bad3c948f4d605d)
Start importing Assets/Sprites/city/gorod/gorod_00042.png using Guid(be0a7e4a15cc5408e90b6cc575043ec3) Importer(2089858483,b0f066a214c2f5e87bad3c948f4d605d) (ScriptedImporter) -> (artifact id: 'c2de6d9c3b83a7c68e8914a53ef6e896') in 0.0173325 seconds
Number of updated asset objects reloaded before import = 0Number of asset objects unloaded after import = 3

========================================================================
Received Import Request.
  Time since last request: 0.000019 seconds.
  path: Assets/Prefabs/Rooms/RoomsMaterials/Material.016.mat
  artifactKey: Guid(9db5970739c82412981eb98ec5eab708) Importer(2089858483,b0f066a214c2f5e87bad3c948f4d605d)
Start importing Assets/Prefabs/Rooms/RoomsMaterials/Material.016.mat using Guid(9db5970739c82412981eb98ec5eab708) Importer(2089858483,b0f066a214c2f5e87bad3c948f4d605d) (ScriptedImporter) -> (artifact id: '62feb49c5451498aad3120a28549eb27') in 0.0096603 seconds
Number of updated asset objects reloaded before import = 0Number of asset objects unloaded after import = 1

========================================================================
Received Import Request.
  Time since last request: 0.000051 seconds.
  path: Assets/TextMesh Pro/Shaders/TMP_Bitmap-Mobile.shader
  artifactKey: Guid(1e3b057af24249748ff873be7fafee47) Importer(2089858483,b0f066a214c2f5e87bad3c948f4d605d)
Start importing Assets/TextMesh Pro/Shaders/TMP_Bitmap-Mobile.shader using Guid(1e3b057af24249748ff873be7fafee47) Importer(2089858483,b0f066a214c2f5e87bad3c948f4d605d) (ScriptedImporter) -> (artifact id: 'ae96b4fb16e928a87820e350736b1e24') in 0.00864 seconds
Number of updated asset objects reloaded before import = 0Number of asset objects unloaded after import = 1

========================================================================
Received Import Request.
  Time since last request: 0.000063 seconds.
  path: Assets/Prefabs/Rooms/CafeMaterials/auto_1.mat
  artifactKey: Guid(ad516fee1608340c08bb091b0b8390b3) Importer(2089858483,b0f066a214c2f5e87bad3c948f4d605d)
Start importing Assets/Prefabs/Rooms/CafeMaterials/auto_1.mat using Guid(ad516fee1608340c08bb091b0b8390b3) Importer(2089858483,b0f066a214c2f5e87bad3c948f4d605d) (ScriptedImporter) -> (artifact id: '742223a5a4a56b5ef0665f54373afdba') in 0.0085755 seconds
Number of updated asset objects reloaded before import = 0Number of asset objects unloaded after import = 1

========================================================================
Received Import Request.
  Time since last request: 0.000076 seconds.
  path: Assets/Prefabs/Rooms/CafeMaterials/Material #2147480939.002.mat
  artifactKey: Guid(dd7a7c1ac1b0a4df494578e8120fa57e) Importer(2089858483,b0f066a214c2f5e87bad3c948f4d605d)
Start importing Assets/Prefabs/Rooms/CafeMaterials/Material #2147480939.002.mat using Guid(dd7a7c1ac1b0a4df494578e8120fa57e) Importer(2089858483,b0f066a214c2f5e87bad3c948f4d605d) (ScriptedImporter) -> (artifact id: '7157d55fcadb2b81bc17f3abb4cc947e') in 0.008782 seconds
Number of updated asset objects reloaded before import = 0Number of asset objects unloaded after import = 1

========================================================================
Received Import Request.
  Time since last request: 0.000083 seconds.
  path: Assets/Prefabs/Rooms/RoomsMaterials/Cube.091__0 2.mat
  artifactKey: Guid(c107c9895d6194abe850ae64abd3bde4) Importer(2089858483,b0f066a214c2f5e87bad3c948f4d605d)
Start importing Assets/Prefabs/Rooms/RoomsMaterials/Cube.091__0 2.mat using Guid(c107c9895d6194abe850ae64abd3bde4) Importer(2089858483,b0f066a214c2f5e87bad3c948f4d605d) (ScriptedImporter) -> (artifact id: '0d5e3b46e44a2995e8146b181575589a') in 0.0089718 seconds
Number of updated asset objects reloaded before import = 0Number of asset objects unloaded after import = 1

========================================================================
Received Import Request.
  Time since last request: 0.000057 seconds.
  path: Assets/Sprites/LoadScenes/scen 1/Безымянный-20166.png
  artifactKey: Guid(79849b9461b49471c9bfc33409d2859d) Importer(2089858483,b0f066a214c2f5e87bad3c948f4d605d)
Start importing Assets/Sprites/LoadScenes/scen 1/Безымянный-20166.png using Guid(79849b9461b49471c9bfc33409d2859d) Importer(2089858483,b0f066a214c2f5e87bad3c948f4d605d) (ScriptedImporter) -> (artifact id: '78f1f832993eae78bb4d454978a0926c') in 0.0113603 seconds
Number of updated asset objects reloaded before import = 0Number of asset objects unloaded after import = 3

========================================================================
Received Import Request.
  Time since last request: 0.000019 seconds.
  path: Assets/Prefabs/Rooms/RoomsMaterials/Material.098 2.mat
  artifactKey: Guid(ec43fcbb670d84260853ab358cd21864) Importer(2089858483,b0f066a214c2f5e87bad3c948f4d605d)
Start importing Assets/Prefabs/Rooms/RoomsMaterials/Material.098 2.mat using Guid(ec43fcbb670d84260853ab358cd21864) Importer(2089858483,b0f066a214c2f5e87bad3c948f4d605d) (ScriptedImporter) -> (artifact id: '27a329c55fccb8d4ba605878cde488d5') in 0.0076746 seconds
Number of updated asset objects reloaded before import = 0Number of asset objects unloaded after import = 1

========================================================================
Received Import Request.
  Time since last request: 0.000078 seconds.
  path: Assets/Sprites/LoadScenes/scen 1/Безымянный-20082.png
  artifactKey: Guid(686fa91bc37bb485cb19f509609ff265) Importer(2089858483,b0f066a214c2f5e87bad3c948f4d605d)
Start importing Assets/Sprites/LoadScenes/scen 1/Безымянный-20082.png using Guid(686fa91bc37bb485cb19f509609ff265) Importer(2089858483,b0f066a214c2f5e87bad3c948f4d605d) (ScriptedImporter) -> (artifact id: 'c638dc859c8de36a83d3c7b2885a450b') in 0.0135826 seconds
Number of updated asset objects reloaded before import = 0Number of asset objects unloaded after import = 3

========================================================================
Received Import Request.
  Time since last request: 0.000015 seconds.
  path: Assets/Sprites/Desktoptabs
  artifactKey: Guid(b9b901b7c800648198aaddeb7a4d79c9) Importer(2089858483,b0f066a214c2f5e87bad3c948f4d605d)
Start importing Assets/Sprites/Desktoptabs using Guid(b9b901b7c800648198aaddeb7a4d79c9) Importer(2089858483,b0f066a214c2f5e87bad3c948f4d605d) (ScriptedImporter) -> (artifact id: '5af0ec09d0702d60193a0783c9c9e18e') in 0.0073591 seconds
Number of updated asset objects reloaded before import = 0Number of asset objects unloaded after import = 1

========================================================================
Received Import Request.
  Time since last request: 0.000077 seconds.
  path: Assets/Prefabs/Rooms/CafeMaterials/FloorLight.mat
  artifactKey: Guid(73b3e1184405f496caea178955324e29) Importer(2089858483,b0f066a214c2f5e87bad3c948f4d605d)
Start importing Assets/Prefabs/Rooms/CafeMaterials/FloorLight.mat using Guid(73b3e1184405f496caea178955324e29) Importer(2089858483,b0f066a214c2f5e87bad3c948f4d605d) (ScriptedImporter) -> (artifact id: 'a644ae2d6da0796f4203df28259af660') in 0.0086888 seconds
Number of updated asset objects reloaded before import = 0Number of asset objects unloaded after import = 1

========================================================================
Received Import Request.
  Time since last request: 0.000082 seconds.
  path: Assets/Sprites/city/nastroika.png
  artifactKey: Guid(af90da07339f44f8c8af8d038ba3366c) Importer(2089858483,b0f066a214c2f5e87bad3c948f4d605d)
Start importing Assets/Sprites/city/nastroika.png using Guid(af90da07339f44f8c8af8d038ba3366c) Importer(2089858483,b0f066a214c2f5e87bad3c948f4d605d) (ScriptedImporter) -> (artifact id: '1d8740ae9565b5bcee6a5b1100f28e80') in 0.0174592 seconds
Number of updated asset objects reloaded before import = 0Number of asset objects unloaded after import = 3

========================================================================
Received Import Request.
  Time since last request: 0.000021 seconds.
  path: Assets/Prefabs/Rooms/RoomsMaterials/router_mat 1.mat
  artifactKey: Guid(3aaf29fe4f22e4bccbf9ad3e6041750d) Importer(2089858483,b0f066a214c2f5e87bad3c948f4d605d)
Start importing Assets/Prefabs/Rooms/RoomsMaterials/router_mat 1.mat using Guid(3aaf29fe4f22e4bccbf9ad3e6041750d) Importer(2089858483,b0f066a214c2f5e87bad3c948f4d605d) (ScriptedImporter) -> (artifact id: '9e71c7f83a244ba7da5d2c036c48c6b9') in 0.0088113 seconds
Number of updated asset objects reloaded before import = 0Number of asset objects unloaded after import = 1

========================================================================
Received Import Request.
  Time since last request: 0.000060 seconds.
  path: Assets/Prefabs/Rooms/RoomsMaterials/comp_desk_button.mat
  artifactKey: Guid(4a168407e8d6f4064bae75d44241c27e) Importer(2089858483,b0f066a214c2f5e87bad3c948f4d605d)
Start importing Assets/Prefabs/Rooms/RoomsMaterials/comp_desk_button.mat using Guid(4a168407e8d6f4064bae75d44241c27e) Importer(2089858483,b0f066a214c2f5e87bad3c948f4d605d) (ScriptedImporter) -> (artifact id: 'a53593a1e8cd1f1887f7af6a2251ef82') in 0.0094413 seconds
Number of updated asset objects reloaded before import = 0Number of asset objects unloaded after import = 1

========================================================================
Received Import Request.
  Time since last request: 0.000054 seconds.
  path: Assets/Sprites/LoadScenes/scen 1/Безымянный-20152.png
  artifactKey: Guid(fb3769346343b4a1cb1dca828318d627) Importer(2089858483,b0f066a214c2f5e87bad3c948f4d605d)
Start importing Assets/Sprites/LoadScenes/scen 1/Безымянный-20152.png using Guid(fb3769346343b4a1cb1dca828318d627) Importer(2089858483,b0f066a214c2f5e87bad3c948f4d605d) (ScriptedImporter) -> (artifact id: '1c45edbc26077ad65df1ab8ea8b5d56b') in 0.0128852 seconds
Number of updated asset objects reloaded before import = 0Number of asset objects unloaded after import = 3

========================================================================
Received Import Request.
  Time since last request: 0.000014 seconds.
  path: Assets/Scripts/Networks
  artifactKey: Guid(94383ff90b90e4d44967fe4401552151) Importer(2089858483,b0f066a214c2f5e87bad3c948f4d605d)
Start importing Assets/Scripts/Networks using Guid(94383ff90b90e4d44967fe4401552151) Importer(2089858483,b0f066a214c2f5e87bad3c948f4d605d) (ScriptedImporter) -> (artifact id: '3595ce0c11cc3a0916c280274daa0eb9') in 0.0074734 seconds
Number of updated asset objects reloaded before import = 0Number of asset objects unloaded after import = 1

========================================================================
Received Import Request.
  Time since last request: 0.000071 seconds.
  path: Assets/Sprites/city/gorod/gorod_00006.png
  artifactKey: Guid(fcaf9e9bf68e34dc788daea9358ee975) Importer(2089858483,b0f066a214c2f5e87bad3c948f4d605d)
Start importing Assets/Sprites/city/gorod/gorod_00006.png using Guid(fcaf9e9bf68e34dc788daea9358ee975) Importer(2089858483,b0f066a214c2f5e87bad3c948f4d605d) (ScriptedImporter) -> (artifact id: 'd22d4e8231ba6f8ec23239598d12e307') in 0.0174816 seconds
Number of updated asset objects reloaded before import = 0Number of asset objects unloaded after import = 3

========================================================================
Received Import Request.
  Time since last request: 0.000015 seconds.
  path: Assets/Prefabs/Rooms/CafeMaterials/Ficusleaf 002.mat
  artifactKey: Guid(a73345b1c00f94b5eb5e0507a7803e5f) Importer(2089858483,b0f066a214c2f5e87bad3c948f4d605d)
Start importing Assets/Prefabs/Rooms/CafeMaterials/Ficusleaf 002.mat using Guid(a73345b1c00f94b5eb5e0507a7803e5f) Importer(2089858483,b0f066a214c2f5e87bad3c948f4d605d) (ScriptedImporter) -> (artifact id: '66b875ad67379eadffae0e0e94191bef') in 0.0100522 seconds
Number of updated asset objects reloaded before import = 0Number of asset objects unloaded after import = 1

========================================================================
Received Import Request.
  Time since last request: 0.000091 seconds.
  path: Assets/Prefabs/Rooms/CafeMaterials/wire_087224198.mat
  artifactKey: Guid(95cdf513880414df49f2b75d06ee716b) Importer(2089858483,b0f066a214c2f5e87bad3c948f4d605d)
Start importing Assets/Prefabs/Rooms/CafeMaterials/wire_087224198.mat using Guid(95cdf513880414df49f2b75d06ee716b) Importer(2089858483,b0f066a214c2f5e87bad3c948f4d605d) (ScriptedImporter) -> (artifact id: '3662bcee05eee21827b2508a3abf5428') in 0.0092572 seconds
Number of updated asset objects reloaded before import = 0Number of asset objects unloaded after import = 1

========================================================================
Received Import Request.
  Time since last request: 0.000075 seconds.
  path: Assets/Sprites/LoadScenes/scen 1/Безымянный-20062.png
  artifactKey: Guid(179dc79619f3b4fc1a456b920daabc2c) Importer(2089858483,b0f066a214c2f5e87bad3c948f4d605d)
Start importing Assets/Sprites/LoadScenes/scen 1/Безымянный-20062.png using Guid(179dc79619f3b4fc1a456b920daabc2c) Importer(2089858483,b0f066a214c2f5e87bad3c948f4d605d) (ScriptedImporter) -> (artifact id: '0d22740eda4801f653439da8453d0092') in 0.0122913 seconds
Number of updated asset objects reloaded before import = 0Number of asset objects unloaded after import = 3

========================================================================
Received Import Request.
  Time since last request: 0.000015 seconds.
  path: Assets/Prefabs/Rooms/RoomsMaterials/Material.074 1.mat
  artifactKey: Guid(3e73cf5939d594bb1be6912fb6587ab7) Importer(2089858483,b0f066a214c2f5e87bad3c948f4d605d)
Start importing Assets/Prefabs/Rooms/RoomsMaterials/Material.074 1.mat using Guid(3e73cf5939d594bb1be6912fb6587ab7) Importer(2089858483,b0f066a214c2f5e87bad3c948f4d605d) (ScriptedImporter) -> (artifact id: '13f36e60361f81569518863e39beca21') in 0.0090945 seconds
Number of updated asset objects reloaded before import = 0Number of asset objects unloaded after import = 1

========================================================================
Received Import Request.
  Time since last request: 0.000085 seconds.
  path: Assets/Prefabs/Rooms/RoomsMaterials/Material.072 2.mat
  artifactKey: Guid(7b68362557f634a08b9f636e4fbeb0ca) Importer(2089858483,b0f066a214c2f5e87bad3c948f4d605d)
Start importing Assets/Prefabs/Rooms/RoomsMaterials/Material.072 2.mat using Guid(7b68362557f634a08b9f636e4fbeb0ca) Importer(2089858483,b0f066a214c2f5e87bad3c948f4d605d) (ScriptedImporter) -> (artifact id: '0c2430b49b6aa09845f107b4d8a7e5cc') in 0.0098102 seconds
Number of updated asset objects reloaded before import = 0Number of asset objects unloaded after import = 1

========================================================================
Received Import Request.
  Time since last request: 0.000049 seconds.
  path: Assets/Prefabs/Rooms/RoomsMaterials/Material.082.mat
  artifactKey: Guid(7b7177b2c66dc4a3ba00dd94333ee31b) Importer(2089858483,b0f066a214c2f5e87bad3c948f4d605d)
Start importing Assets/Prefabs/Rooms/RoomsMaterials/Material.082.mat using Guid(7b7177b2c66dc4a3ba00dd94333ee31b) Importer(2089858483,b0f066a214c2f5e87bad3c948f4d605d) (ScriptedImporter) -> (artifact id: '7333ba49bfefb72d63e33a8ca685c2e1') in 0.0087354 seconds
Number of updated asset objects reloaded before import = 0Number of asset objects unloaded after import = 1

========================================================================
Received Import Request.
  Time since last request: 0.000057 seconds.
  path: Assets/Prefabs/Rooms/RoomsMaterials/Material.055.mat
  artifactKey: Guid(845f2264a35b5462e8f56a836d054ec9) Importer(2089858483,b0f066a214c2f5e87bad3c948f4d605d)
Start importing Assets/Prefabs/Rooms/RoomsMaterials/Material.055.mat using Guid(845f2264a35b5462e8f56a836d054ec9) Importer(2089858483,b0f066a214c2f5e87bad3c948f4d605d) (ScriptedImporter) -> (artifact id: '8cff5b7d41374e8a4893b058ef248190') in 0.0096734 seconds
Number of updated asset objects reloaded before import = 0Number of asset objects unloaded after import = 1

========================================================================
Received Import Request.
  Time since last request: 0.000053 seconds.
  path: Assets/Prefabs/Rooms/CafeMaterials/plastico pe mesa.001.mat
  artifactKey: Guid(fc4ed65f02f054119bd4f8583d5aec3f) Importer(2089858483,b0f066a214c2f5e87bad3c948f4d605d)
Start importing Assets/Prefabs/Rooms/CafeMaterials/plastico pe mesa.001.mat using Guid(fc4ed65f02f054119bd4f8583d5aec3f) Importer(2089858483,b0f066a214c2f5e87bad3c948f4d605d) (ScriptedImporter) -> (artifact id: 'a71a0db01bf2c1a98b9392a3d0b1d7c5') in 0.008883 seconds
Number of updated asset objects reloaded before import = 0Number of asset objects unloaded after import = 1

========================================================================
Received Import Request.
  Time since last request: 0.000045 seconds.
  path: Assets/Prefabs/Rooms/RoomsMaterials/M_chair_001 1.mat
  artifactKey: Guid(ec90d7d72fba34ce2814f6960407d525) Importer(2089858483,b0f066a214c2f5e87bad3c948f4d605d)
Start importing Assets/Prefabs/Rooms/RoomsMaterials/M_chair_001 1.mat using Guid(ec90d7d72fba34ce2814f6960407d525) Importer(2089858483,b0f066a214c2f5e87bad3c948f4d605d) (ScriptedImporter) -> (artifact id: 'b17b4c44517afb7bdd465439bfc41ba4') in 0.014169 seconds
Number of updated asset objects reloaded before import = 0Number of asset objects unloaded after import = 1

========================================================================
Received Import Request.
  Time since last request: 0.000061 seconds.
  path: Assets/Sprites/LoadScenes/scen 1/Безымянный-20035.png
  artifactKey: Guid(818f122cd925e43648f07bd4a90c4eec) Importer(2089858483,b0f066a214c2f5e87bad3c948f4d605d)
Start importing Assets/Sprites/LoadScenes/scen 1/Безымянный-20035.png using Guid(818f122cd925e43648f07bd4a90c4eec) Importer(2089858483,b0f066a214c2f5e87bad3c948f4d605d) (ScriptedImporter) -> (artifact id: 'd350716c01bcf9e67bde1ef59122cac4') in 0.0132991 seconds
Number of updated asset objects reloaded before import = 0Number of asset objects unloaded after import = 3

========================================================================
Received Import Request.
  Time since last request: 0.000019 seconds.
  path: Assets/Prefabs/Rooms/RoomsMaterials/comp_desk_2remote 1.mat
  artifactKey: Guid(f8441055a90f74da7a967774eda0f51d) Importer(2089858483,b0f066a214c2f5e87bad3c948f4d605d)
Start importing Assets/Prefabs/Rooms/RoomsMaterials/comp_desk_2remote 1.mat using Guid(f8441055a90f74da7a967774eda0f51d) Importer(2089858483,b0f066a214c2f5e87bad3c948f4d605d) (ScriptedImporter) -> (artifact id: '62ae63c8d1ec1c5a006f07c2514a0496') in 0.0092644 seconds
Number of updated asset objects reloaded before import = 0Number of asset objects unloaded after import = 1

========================================================================
Received Import Request.
  Time since last request: 0.000086 seconds.
  path: Assets/Prefabs/Rooms/RoomsMaterials/Material.086 2.mat
  artifactKey: Guid(01e9c6152ea774da190792c8e95f6b50) Importer(2089858483,b0f066a214c2f5e87bad3c948f4d605d)
Start importing Assets/Prefabs/Rooms/RoomsMaterials/Material.086 2.mat using Guid(01e9c6152ea774da190792c8e95f6b50) Importer(2089858483,b0f066a214c2f5e87bad3c948f4d605d) (ScriptedImporter) -> (artifact id: 'fc33d0ac262bd7f1ad7d8f1e113e0bf8') in 0.0100527 seconds
Number of updated asset objects reloaded before import = 0Number of asset objects unloaded after import = 1

========================================================================
Received Import Request.
  Time since last request: 0.000073 seconds.
  path: Assets/Prefabs/Rooms/CafeMaterials/Car Paint.mat
  artifactKey: Guid(27b1a8001b89d40f4b243c0525aa00b6) Importer(2089858483,b0f066a214c2f5e87bad3c948f4d605d)
Start importing Assets/Prefabs/Rooms/CafeMaterials/Car Paint.mat using Guid(27b1a8001b89d40f4b243c0525aa00b6) Importer(2089858483,b0f066a214c2f5e87bad3c948f4d605d) (ScriptedImporter) -> (artifact id: '908707923d726be5f567f174eae491bf') in 0.0086007 seconds
Number of updated asset objects reloaded before import = 0Number of asset objects unloaded after import = 1

========================================================================
Received Import Request.
  Time since last request: 0.000080 seconds.
  path: Assets/Prefabs/Rooms/RoomsMaterials/Material.049 2.mat
  artifactKey: Guid(f7f8c0e3cfe6a452fa22d9c4d25e947a) Importer(2089858483,b0f066a214c2f5e87bad3c948f4d605d)
Start importing Assets/Prefabs/Rooms/RoomsMaterials/Material.049 2.mat using Guid(f7f8c0e3cfe6a452fa22d9c4d25e947a) Importer(2089858483,b0f066a214c2f5e87bad3c948f4d605d) (ScriptedImporter) -> (artifact id: 'aa409caa028ead4ea33bf777000b64c9') in 0.0084467 seconds
Number of updated asset objects reloaded before import = 0Number of asset objects unloaded after import = 1

========================================================================
Received Import Request.
  Time since last request: 0.000116 seconds.
  path: Assets/Prefabs/Rooms/RoomsMaterials/Material.074.mat
  artifactKey: Guid(3e71d152b7d754331b93b3ae5b59ea4c) Importer(2089858483,b0f066a214c2f5e87bad3c948f4d605d)
Start importing Assets/Prefabs/Rooms/RoomsMaterials/Material.074.mat using Guid(3e71d152b7d754331b93b3ae5b59ea4c) Importer(2089858483,b0f066a214c2f5e87bad3c948f4d605d) (ScriptedImporter) -> (artifact id: '40559a44161f8a314fda3df4c23bea99') in 0.0090537 seconds
Number of updated asset objects reloaded before import = 0Number of asset objects unloaded after import = 1

========================================================================
Received Import Request.
  Time since last request: 0.000042 seconds.
  path: Assets/Prefabs/Rooms/CafeMaterials/Material.072.mat
  artifactKey: Guid(723b9f20d13b84cee8d827330571e332) Importer(2089858483,b0f066a214c2f5e87bad3c948f4d605d)
Start importing Assets/Prefabs/Rooms/CafeMaterials/Material.072.mat using Guid(723b9f20d13b84cee8d827330571e332) Importer(2089858483,b0f066a214c2f5e87bad3c948f4d605d) (ScriptedImporter) -> (artifact id: '0c0ca704430ba7c4fb3d352c4dbab688') in 0.0082693 seconds
Number of updated asset objects reloaded before import = 0Number of asset objects unloaded after import = 1

========================================================================
Received Import Request.
  Time since last request: 0.000043 seconds.
  path: Assets/Prefabs/Rooms/RoomsMaterials/Material.057 1.mat
  artifactKey: Guid(e5e8c393930fc44589733c4b99580314) Importer(2089858483,b0f066a214c2f5e87bad3c948f4d605d)
Start importing Assets/Prefabs/Rooms/RoomsMaterials/Material.057 1.mat using Guid(e5e8c393930fc44589733c4b99580314) Importer(2089858483,b0f066a214c2f5e87bad3c948f4d605d) (ScriptedImporter) -> (artifact id: '183042ed4bb70182a5db52e6f59649e2') in 0.00816 seconds
Number of updated asset objects reloaded before import = 0Number of asset objects unloaded after import = 1

========================================================================
Received Import Request.
  Time since last request: 0.000050 seconds.
  path: Assets/Sprites/web_images
  artifactKey: Guid(9fc0d4ec5b0af4478948ee03b29a0259) Importer(2089858483,b0f066a214c2f5e87bad3c948f4d605d)
Start importing Assets/Sprites/web_images using Guid(9fc0d4ec5b0af4478948ee03b29a0259) Importer(2089858483,b0f066a214c2f5e87bad3c948f4d605d) (ScriptedImporter) -> (artifact id: '0062895aed4d9d5f2ca0136ef3c72fb2') in 0.0071701 seconds
Number of updated asset objects reloaded before import = 0Number of asset objects unloaded after import = 1

========================================================================
Received Import Request.
  Time since last request: 0.000090 seconds.
  path: Assets/Prefabs/Network/NetObjectPrefab.prefab
  artifactKey: Guid(39804a43094159f45ada5633881fde8f) Importer(2089858483,b0f066a214c2f5e87bad3c948f4d605d)
Start importing Assets/Prefabs/Network/NetObjectPrefab.prefab using Guid(39804a43094159f45ada5633881fde8f) Importer(2089858483,b0f066a214c2f5e87bad3c948f4d605d) (ScriptedImporter) -> (artifact id: '086d1e57e30e2d34cd5bcda9aefbb327') in 0.0442157 seconds
Number of updated asset objects reloaded before import = 0Number of asset objects unloaded after import = 10

========================================================================
Received Import Request.
  Time since last request: 0.000015 seconds.
  path: Assets/Sprites/city/gorod/gorod_00144.png
  artifactKey: Guid(da477e08efda84dae92ac3a7e2ce0242) Importer(2089858483,b0f066a214c2f5e87bad3c948f4d605d)
Start importing Assets/Sprites/city/gorod/gorod_00144.png using Guid(da477e08efda84dae92ac3a7e2ce0242) Importer(2089858483,b0f066a214c2f5e87bad3c948f4d605d) (ScriptedImporter) -> (artifact id: '0eea5d84d603c19a3893036e7d83ff91') in 0.0180679 seconds
Number of updated asset objects reloaded before import = 0Number of asset objects unloaded after import = 3

========================================================================
Received Import Request.
  Time since last request: 0.000025 seconds.
  path: Assets/Prefabs/Rooms/CafeMaterials/Ceramic white.001.mat
  artifactKey: Guid(def20b7d546bb4a69ae17b4894a2d647) Importer(2089858483,b0f066a214c2f5e87bad3c948f4d605d)
Start importing Assets/Prefabs/Rooms/CafeMaterials/Ceramic white.001.mat using Guid(def20b7d546bb4a69ae17b4894a2d647) Importer(2089858483,b0f066a214c2f5e87bad3c948f4d605d) (ScriptedImporter) -> (artifact id: '3a0b716239b79f0a1abb99415c475967') in 0.0089373 seconds
Number of updated asset objects reloaded before import = 0Number of asset objects unloaded after import = 1

========================================================================
Received Import Request.
  Time since last request: 0.000014 seconds.
  path: Assets/Sprites/settings_icon/BackGroundAutorization_sprite.png
  artifactKey: Guid(70e254d5339e54a10ac63bf51b5f3d14) Importer(2089858483,b0f066a214c2f5e87bad3c948f4d605d)
Start importing Assets/Sprites/settings_icon/BackGroundAutorization_sprite.png using Guid(70e254d5339e54a10ac63bf51b5f3d14) Importer(2089858483,b0f066a214c2f5e87bad3c948f4d605d) (ScriptedImporter) -> (artifact id: '07a1eb732ab8a2aa28c7fc92d2d18a12') in 0.0173565 seconds
Number of updated asset objects reloaded before import = 0Number of asset objects unloaded after import = 3

========================================================================
Received Import Request.
  Time since last request: 0.000016 seconds.
  path: Assets/Sprites/city/gorod/gorod_00039.png
  artifactKey: Guid(53a2f0ab3f7be4666ada61cd191d0227) Importer(2089858483,b0f066a214c2f5e87bad3c948f4d605d)
Start importing Assets/Sprites/city/gorod/gorod_00039.png using Guid(53a2f0ab3f7be4666ada61cd191d0227) Importer(2089858483,b0f066a214c2f5e87bad3c948f4d605d) (ScriptedImporter) -> (artifact id: 'a7c7cccc99f3fa1bf44a480d9d33d172') in 0.0176182 seconds
Number of updated asset objects reloaded before import = 0Number of asset objects unloaded after import = 3

========================================================================
Received Import Request.
  Time since last request: 0.000024 seconds.
  path: Assets/Prefabs/Rooms/RoomsMaterials/Material_50 2.mat
  artifactKey: Guid(cc082652d7dd84e8e8f05577c578556d) Importer(2089858483,b0f066a214c2f5e87bad3c948f4d605d)
Start importing Assets/Prefabs/Rooms/RoomsMaterials/Material_50 2.mat using Guid(cc082652d7dd84e8e8f05577c578556d) Importer(2089858483,b0f066a214c2f5e87bad3c948f4d605d) (ScriptedImporter) -> (artifact id: '7c52d1a4957ad91e174b72e844057dc1') in 0.0100404 seconds
Number of updated asset objects reloaded before import = 0Number of asset objects unloaded after import = 1

========================================================================
Received Import Request.
  Time since last request: 0.000146 seconds.
  path: Assets/Prefabs/Rooms/RoomsMaterials/Material.042.mat
  artifactKey: Guid(6de207da954054a9b9a40d7b41542ede) Importer(2089858483,b0f066a214c2f5e87bad3c948f4d605d)
Start importing Assets/Prefabs/Rooms/RoomsMaterials/Material.042.mat using Guid(6de207da954054a9b9a40d7b41542ede) Importer(2089858483,b0f066a214c2f5e87bad3c948f4d605d) (ScriptedImporter) -> (artifact id: '693ba2c7f6b11ff04af87ec3a71df02f') in 0.0098312 seconds
Number of updated asset objects reloaded before import = 0Number of asset objects unloaded after import = 1

========================================================================
Received Import Request.
  Time since last request: 0.000038 seconds.
  path: Assets/Prefabs/Rooms/CafeMaterials/Material.063.mat
  artifactKey: Guid(945e539adf9dd49a89742f8b0ce98123) Importer(2089858483,b0f066a214c2f5e87bad3c948f4d605d)
Start importing Assets/Prefabs/Rooms/CafeMaterials/Material.063.mat using Guid(945e539adf9dd49a89742f8b0ce98123) Importer(2089858483,b0f066a214c2f5e87bad3c948f4d605d) (ScriptedImporter) -> (artifact id: '97a0f6b5a242de12393c0e7a2a8b0916') in 0.0093363 seconds
Number of updated asset objects reloaded before import = 0Number of asset objects unloaded after import = 1

========================================================================
Received Import Request.
  Time since last request: 0.000030 seconds.
  path: Assets/Prefabs/Rooms/RoomsMaterials/Material.012.mat
  artifactKey: Guid(fd2928fb1de1647fca5aeedd344a20bd) Importer(2089858483,b0f066a214c2f5e87bad3c948f4d605d)
Start importing Assets/Prefabs/Rooms/RoomsMaterials/Material.012.mat using Guid(fd2928fb1de1647fca5aeedd344a20bd) Importer(2089858483,b0f066a214c2f5e87bad3c948f4d605d) (ScriptedImporter) -> (artifact id: 'f89ade6268407d27c5ff3f0e0bc2e686') in 0.0094106 seconds
Number of updated asset objects reloaded before import = 0Number of asset objects unloaded after import = 1

========================================================================
Received Import Request.
  Time since last request: 0.000093 seconds.
  path: Assets/Prefabs/Rooms/CafeMaterials/Steel.mat
  artifactKey: Guid(c52c0840be472481d9dbcb4d3cb00aee) Importer(2089858483,b0f066a214c2f5e87bad3c948f4d605d)
Start importing Assets/Prefabs/Rooms/CafeMaterials/Steel.mat using Guid(c52c0840be472481d9dbcb4d3cb00aee) Importer(2089858483,b0f066a214c2f5e87bad3c948f4d605d) (ScriptedImporter) -> (artifact id: '618e68e1d505d9872e267c77da6ffda9') in 0.0092253 seconds
Number of updated asset objects reloaded before import = 0Number of asset objects unloaded after import = 1

========================================================================
Received Import Request.
  Time since last request: 0.000082 seconds.
  path: Assets/Prefabs/Rooms/RoomsMaterials/Material.095 2.mat
  artifactKey: Guid(f303a8708ef214f3a9b09854d0ef62f3) Importer(2089858483,b0f066a214c2f5e87bad3c948f4d605d)
Start importing Assets/Prefabs/Rooms/RoomsMaterials/Material.095 2.mat using Guid(f303a8708ef214f3a9b09854d0ef62f3) Importer(2089858483,b0f066a214c2f5e87bad3c948f4d605d) (ScriptedImporter) -> (artifact id: 'd5c3b58e1f04197344020ff7a9dfbd24') in 0.00933 seconds
Number of updated asset objects reloaded before import = 0Number of asset objects unloaded after import = 1

========================================================================
Received Import Request.
  Time since last request: 0.000017 seconds.
  path: Assets/Prefabs/Rooms/RoomsMaterials/M_tablet_side.mat
  artifactKey: Guid(6503ed4103e0543c792d67cb4edf0543) Importer(2089858483,b0f066a214c2f5e87bad3c948f4d605d)
Start importing Assets/Prefabs/Rooms/RoomsMaterials/M_tablet_side.mat using Guid(6503ed4103e0543c792d67cb4edf0543) Importer(2089858483,b0f066a214c2f5e87bad3c948f4d605d) (ScriptedImporter) -> (artifact id: '0f60bdf34cadb6c62104a0f64ebf6958') in 0.0090914 seconds
Number of updated asset objects reloaded before import = 0Number of asset objects unloaded after import = 1

========================================================================
Received Import Request.
  Time since last request: 0.000029 seconds.
  path: Assets/Prefabs/Network/CanvasEdgeSpawner.cs
  artifactKey: Guid(aff102b9290e0684cb0e8be826827ff4) Importer(2089858483,b0f066a214c2f5e87bad3c948f4d605d)
Start importing Assets/Prefabs/Network/CanvasEdgeSpawner.cs using Guid(aff102b9290e0684cb0e8be826827ff4) Importer(2089858483,b0f066a214c2f5e87bad3c948f4d605d) (ScriptedImporter) -> (artifact id: 'e597736f540f2bfe6f470711c8661c6e') in 0.0090447 seconds
Number of updated asset objects reloaded before import = 0Number of asset objects unloaded after import = 0

========================================================================
Received Import Request.
  Time since last request: 0.000050 seconds.
  path: Assets/Prefabs/Rooms/CafeMaterials/Base_02.005.mat
  artifactKey: Guid(735ee6474b9334d60b71a1a1dcb6e347) Importer(2089858483,b0f066a214c2f5e87bad3c948f4d605d)
Start importing Assets/Prefabs/Rooms/CafeMaterials/Base_02.005.mat using Guid(735ee6474b9334d60b71a1a1dcb6e347) Importer(2089858483,b0f066a214c2f5e87bad3c948f4d605d) (ScriptedImporter) -> (artifact id: 'af1e727246666a5c4a14d5db33412385') in 0.0198008 seconds
Number of updated asset objects reloaded before import = 0Number of asset objects unloaded after import = 1

========================================================================
Received Import Request.
  Time since last request: 0.000042 seconds.
  path: Assets/Sprites/settings_icon/password.png
  artifactKey: Guid(0aa928a9b4087417bb4a92178bbc7f45) Importer(2089858483,b0f066a214c2f5e87bad3c948f4d605d)
Start importing Assets/Sprites/settings_icon/password.png using Guid(0aa928a9b4087417bb4a92178bbc7f45) Importer(2089858483,b0f066a214c2f5e87bad3c948f4d605d) (ScriptedImporter) -> (artifact id: 'c61100a7785e93840ff9117221f411a6') in 0.0163662 seconds
Number of updated asset objects reloaded before import = 0Number of asset objects unloaded after import = 1

========================================================================
Received Import Request.
  Time since last request: 0.000078 seconds.
  path: Assets/Prefabs/Rooms/OfficeMaterials
  artifactKey: Guid(d7d86ef7945074a4e84d7abc819e80fd) Importer(2089858483,b0f066a214c2f5e87bad3c948f4d605d)
Start importing Assets/Prefabs/Rooms/OfficeMaterials using Guid(d7d86ef7945074a4e84d7abc819e80fd) Importer(2089858483,b0f066a214c2f5e87bad3c948f4d605d) (ScriptedImporter) -> (artifact id: 'e34b27e57ee3bd4e9f7b7892d528e7bc') in 0.0085935 seconds
Number of updated asset objects reloaded before import = 0Number of asset objects unloaded after import = 1

========================================================================
Received Import Request.
  Time since last request: 0.000104 seconds.
  path: Assets/Prefabs/Rooms/RoomsMaterials/Material.029.mat
  artifactKey: Guid(759b54ea1002d4f37a284c42f19bdf25) Importer(2089858483,b0f066a214c2f5e87bad3c948f4d605d)
Start importing Assets/Prefabs/Rooms/RoomsMaterials/Material.029.mat using Guid(759b54ea1002d4f37a284c42f19bdf25) Importer(2089858483,b0f066a214c2f5e87bad3c948f4d605d) (ScriptedImporter) -> (artifact id: 'f9050a747f0a60d5b7ac151e98ceba96') in 0.0094191 seconds
Number of updated asset objects reloaded before import = 0Number of asset objects unloaded after import = 1

========================================================================
Received Import Request.
  Time since last request: 0.000128 seconds.
  path: Assets/Sprites/settingsIp/Snimok e`krana 2024-03-23 103317.png
  artifactKey: Guid(609aca9dcde2544baa5ccca82dbb480d) Importer(2089858483,b0f066a214c2f5e87bad3c948f4d605d)
Start importing Assets/Sprites/settingsIp/Snimok e`krana 2024-03-23 103317.png using Guid(609aca9dcde2544baa5ccca82dbb480d) Importer(2089858483,b0f066a214c2f5e87bad3c948f4d605d) (ScriptedImporter) -> (artifact id: '201097bf5bc195d7be5a4485199b4487') in 0.0189073 seconds
Number of updated asset objects reloaded before import = 0Number of asset objects unloaded after import = 3

========================================================================
Received Import Request.
  Time since last request: 0.000014 seconds.
  path: Assets/Sprites/city/gorod/gorod_00128.png
  artifactKey: Guid(12ca97515c1e941edb1f3d23babf6fe3) Importer(2089858483,b0f066a214c2f5e87bad3c948f4d605d)
Start importing Assets/Sprites/city/gorod/gorod_00128.png using Guid(12ca97515c1e941edb1f3d23babf6fe3) Importer(2089858483,b0f066a214c2f5e87bad3c948f4d605d) (ScriptedImporter) -> (artifact id: '41c4760e32827aa3365d43bad5644a82') in 0.0172712 seconds
Number of updated asset objects reloaded before import = 0Number of asset objects unloaded after import = 3

========================================================================
Received Import Request.
  Time since last request: 0.000015 seconds.
  path: Assets/Prefabs/Rooms/RoomsMaterials/M_tea 2.mat
  artifactKey: Guid(a78379d82f76c400caad3e1cc8a773e9) Importer(2089858483,b0f066a214c2f5e87bad3c948f4d605d)
Start importing Assets/Prefabs/Rooms/RoomsMaterials/M_tea 2.mat using Guid(a78379d82f76c400caad3e1cc8a773e9) Importer(2089858483,b0f066a214c2f5e87bad3c948f4d605d) (ScriptedImporter) -> (artifact id: '9bd0a1b409668225923f8fe8416f625d') in 0.0091138 seconds
Number of updated asset objects reloaded before import = 0Number of asset objects unloaded after import = 1

========================================================================
Received Import Request.
  Time since last request: 0.000087 seconds.
  path: Assets/Sprites/city/gorod/gorod_00033.png
  artifactKey: Guid(770bbfd7c81c043dab3b59f3dbcceda6) Importer(2089858483,b0f066a214c2f5e87bad3c948f4d605d)
Start importing Assets/Sprites/city/gorod/gorod_00033.png using Guid(770bbfd7c81c043dab3b59f3dbcceda6) Importer(2089858483,b0f066a214c2f5e87bad3c948f4d605d) (ScriptedImporter) -> (artifact id: 'b86902b1f46927e915edfaea4c079df3') in 0.0167564 seconds
Number of updated asset objects reloaded before import = 0Number of asset objects unloaded after import = 3

========================================================================
Received Import Request.
  Time since last request: 0.000018 seconds.
  path: Assets/Prefabs/Rooms/RoomsMaterials/Material.015 1.mat
  artifactKey: Guid(e356e157f6974417881ece9fa3c6515b) Importer(2089858483,b0f066a214c2f5e87bad3c948f4d605d)
Start importing Assets/Prefabs/Rooms/RoomsMaterials/Material.015 1.mat using Guid(e356e157f6974417881ece9fa3c6515b) Importer(2089858483,b0f066a214c2f5e87bad3c948f4d605d) (ScriptedImporter) -> (artifact id: '284dda4d29cd9ffac74923a96a0f3ff8') in 0.0086657 seconds
Number of updated asset objects reloaded before import = 0Number of asset objects unloaded after import = 1

========================================================================
Received Import Request.
  Time since last request: 0.000036 seconds.
  path: Assets/Prefabs/Rooms/CafeMaterials/wire_204204204.mat
  artifactKey: Guid(7a1a96cf1687241ed85d72392ab8d292) Importer(2089858483,b0f066a214c2f5e87bad3c948f4d605d)
Start importing Assets/Prefabs/Rooms/CafeMaterials/wire_204204204.mat using Guid(7a1a96cf1687241ed85d72392ab8d292) Importer(2089858483,b0f066a214c2f5e87bad3c948f4d605d) (ScriptedImporter) -> (artifact id: '481be3cae08a71b717897d8e0cb156c2') in 0.0086177 seconds
Number of updated asset objects reloaded before import = 0Number of asset objects unloaded after import = 1

========================================================================
Received Import Request.
  Time since last request: 0.000045 seconds.
  path: Assets/TextMesh Pro/Fonts/LiberationSans - OFL.txt
  artifactKey: Guid(6e59c59b81ab47f9b6ec5781fa725d2c) Importer(2089858483,b0f066a214c2f5e87bad3c948f4d605d)
Start importing Assets/TextMesh Pro/Fonts/LiberationSans - OFL.txt using Guid(6e59c59b81ab47f9b6ec5781fa725d2c) Importer(2089858483,b0f066a214c2f5e87bad3c948f4d605d) (ScriptedImporter) -> (artifact id: '952cb5b8ea71d0c3d59ce070db3790e2') in 0.0085677 seconds
Number of updated asset objects reloaded before import = 0Number of asset objects unloaded after import = 1

========================================================================
Received Import Request.
  Time since last request: 0.000043 seconds.
  path: Assets/Sprites/LoadScenes/scen 1/Безымянный-20025.png
  artifactKey: Guid(1adb30b876c80498c8fe14ee438550e6) Importer(2089858483,b0f066a214c2f5e87bad3c948f4d605d)
Start importing Assets/Sprites/LoadScenes/scen 1/Безымянный-20025.png using Guid(1adb30b876c80498c8fe14ee438550e6) Importer(2089858483,b0f066a214c2f5e87bad3c948f4d605d) (ScriptedImporter) -> (artifact id: '75b2845886edcd5cd3783a7b2bc327c0') in 0.0114793 seconds
Number of updated asset objects reloaded before import = 0Number of asset objects unloaded after import = 3

========================================================================
Received Import Request.
  Time since last request: 0.000020 seconds.
  path: Assets/VFX/Skybox
  artifactKey: Guid(d10fd32a58b5e44a3861c6a1626e5abb) Importer(2089858483,b0f066a214c2f5e87bad3c948f4d605d)
Start importing Assets/VFX/Skybox using Guid(d10fd32a58b5e44a3861c6a1626e5abb) Importer(2089858483,b0f066a214c2f5e87bad3c948f4d605d) (ScriptedImporter) -> (artifact id: 'f558dcbcd8599c4e6f538515a851c473') in 0.0076388 seconds
Number of updated asset objects reloaded before import = 0Number of asset objects unloaded after import = 1

========================================================================
Received Import Request.
  Time since last request: 0.000064 seconds.
  path: Assets/Prefabs/Rooms/CafeMaterials/Procedural pearl silver painted plastic.mat
  artifactKey: Guid(468f592488aaa428a9239d566e7f4f83) Importer(2089858483,b0f066a214c2f5e87bad3c948f4d605d)
Start importing Assets/Prefabs/Rooms/CafeMaterials/Procedural pearl silver painted plastic.mat using Guid(468f592488aaa428a9239d566e7f4f83) Importer(2089858483,b0f066a214c2f5e87bad3c948f4d605d) (ScriptedImporter) -> (artifact id: '775210736c4bc6211af26d84ee7c507f') in 0.0088708 seconds
Number of updated asset objects reloaded before import = 0Number of asset objects unloaded after import = 1

========================================================================
Received Import Request.
  Time since last request: 0.000073 seconds.
  path: Assets/Prefabs/Rooms/CafeMaterials/Material.021.mat
  artifactKey: Guid(7e9ac0156992d455e9c38d364be317af) Importer(2089858483,b0f066a214c2f5e87bad3c948f4d605d)
Start importing Assets/Prefabs/Rooms/CafeMaterials/Material.021.mat using Guid(7e9ac0156992d455e9c38d364be317af) Importer(2089858483,b0f066a214c2f5e87bad3c948f4d605d) (ScriptedImporter) -> (artifact id: '9d311cd7e25f683827ead5230f82fc80') in 0.0091636 seconds
Number of updated asset objects reloaded before import = 0Number of asset objects unloaded after import = 1

========================================================================
Received Import Request.
  Time since last request: 0.000066 seconds.
  path: Assets/Prefabs/Rooms/RoomsMaterials/Material.029 2.mat
  artifactKey: Guid(c766ab030d460484ebe63e6b0b059145) Importer(2089858483,b0f066a214c2f5e87bad3c948f4d605d)
Start importing Assets/Prefabs/Rooms/RoomsMaterials/Material.029 2.mat using Guid(c766ab030d460484ebe63e6b0b059145) Importer(2089858483,b0f066a214c2f5e87bad3c948f4d605d) (ScriptedImporter) -> (artifact id: '204a8e3954f64a1bd362e05b359e3b12') in 0.0088044 seconds
Number of updated asset objects reloaded before import = 0Number of asset objects unloaded after import = 1

========================================================================
Received Import Request.
  Time since last request: 0.000013 seconds.
  path: Assets/Prefabs/CameraProps.prefab
  artifactKey: Guid(8d969de4e96764f62824ace5eff1f1c7) Importer(2089858483,b0f066a214c2f5e87bad3c948f4d605d)
Start importing Assets/Prefabs/CameraProps.prefab using Guid(8d969de4e96764f62824ace5eff1f1c7) Importer(2089858483,b0f066a214c2f5e87bad3c948f4d605d) (ScriptedImporter) -> (artifact id: '01aeae481a6164de6a2e7f51f9ee75f3') in 0.0132098 seconds
Number of updated asset objects reloaded before import = 0Number of asset objects unloaded after import = 28

========================================================================
Received Import Request.
  Time since last request: 0.000021 seconds.
  path: Assets/Prefabs/Rooms/RoomsMaterials/M_tablet_side 2.mat
  artifactKey: Guid(b6181d5e8cd2541b2aecaacc9153305a) Importer(2089858483,b0f066a214c2f5e87bad3c948f4d605d)
Start importing Assets/Prefabs/Rooms/RoomsMaterials/M_tablet_side 2.mat using Guid(b6181d5e8cd2541b2aecaacc9153305a) Importer(2089858483,b0f066a214c2f5e87bad3c948f4d605d) (ScriptedImporter) -> (artifact id: 'f67325da3e7eaa1b9d89a80206b2d20d') in 0.0080941 seconds
Number of updated asset objects reloaded before import = 0Number of asset objects unloaded after import = 1

========================================================================
Received Import Request.
  Time since last request: 0.000034 seconds.
  path: Assets/Prefabs/Rooms/CafeMaterials/Rough scratched copper metal.mat
  artifactKey: Guid(f7a04eba6bec0413e99bde3a7c4a0562) Importer(2089858483,b0f066a214c2f5e87bad3c948f4d605d)
Start importing Assets/Prefabs/Rooms/CafeMaterials/Rough scratched copper metal.mat using Guid(f7a04eba6bec0413e99bde3a7c4a0562) Importer(2089858483,b0f066a214c2f5e87bad3c948f4d605d) (ScriptedImporter) -> (artifact id: '443e17280ca8eab503230d8f93a26ab8') in 0.0088313 seconds
Number of updated asset objects reloaded before import = 0Number of asset objects unloaded after import = 1

========================================================================
Received Import Request.
  Time since last request: 0.000037 seconds.
  path: Assets/Sprites/city/gorod/gorod_00077.png
  artifactKey: Guid(ec418377c75c846738513e10bb203959) Importer(2089858483,b0f066a214c2f5e87bad3c948f4d605d)
Start importing Assets/Sprites/city/gorod/gorod_00077.png using Guid(ec418377c75c846738513e10bb203959) Importer(2089858483,b0f066a214c2f5e87bad3c948f4d605d) (ScriptedImporter) -> (artifact id: '39be30b9aea3ef5102c918beaf53333e') in 0.0177146 seconds
Number of updated asset objects reloaded before import = 0Number of asset objects unloaded after import = 3

========================================================================
Received Import Request.
  Time since last request: 0.000017 seconds.
  path: Assets/Sprites/city/gorod/gorod_00130.png
  artifactKey: Guid(fc63c18ec4cfe482cbb3eb7b83aa9ddc) Importer(2089858483,b0f066a214c2f5e87bad3c948f4d605d)
Start importing Assets/Sprites/city/gorod/gorod_00130.png using Guid(fc63c18ec4cfe482cbb3eb7b83aa9ddc) Importer(2089858483,b0f066a214c2f5e87bad3c948f4d605d) (ScriptedImporter) -> (artifact id: 'd244eaf071b311cd3ebbdc96effb1dfd') in 0.0198995 seconds
Number of updated asset objects reloaded before import = 0Number of asset objects unloaded after import = 3

========================================================================
Received Import Request.
  Time since last request: 0.000014 seconds.
  path: Assets/Prefabs/Rooms/CafeMaterials/plastic 5.001.mat
  artifactKey: Guid(6db99f59b313f465890732ab966cb19e) Importer(2089858483,b0f066a214c2f5e87bad3c948f4d605d)
Start importing Assets/Prefabs/Rooms/CafeMaterials/plastic 5.001.mat using Guid(6db99f59b313f465890732ab966cb19e) Importer(2089858483,b0f066a214c2f5e87bad3c948f4d605d) (ScriptedImporter) -> (artifact id: '94a301c01e8b4c2285033fc354d89695') in 0.008421 seconds
Number of updated asset objects reloaded before import = 0Number of asset objects unloaded after import = 1

========================================================================
Received Import Request.
  Time since last request: 0.000082 seconds.
  path: Assets/Prefabs/Rooms/RoomsMaterials/Material.067 1.mat
  artifactKey: Guid(5fda25d857474409e9f4abfc60d3b5d9) Importer(2089858483,b0f066a214c2f5e87bad3c948f4d605d)
Start importing Assets/Prefabs/Rooms/RoomsMaterials/Material.067 1.mat using Guid(5fda25d857474409e9f4abfc60d3b5d9) Importer(2089858483,b0f066a214c2f5e87bad3c948f4d605d) (ScriptedImporter) -> (artifact id: 'ba00dc2133bdc151676ddbf15f3bb568') in 0.0087843 seconds
Number of updated asset objects reloaded before import = 0Number of asset objects unloaded after import = 1

========================================================================
Received Import Request.
  Time since last request: 0.000107 seconds.
  path: Assets/Sprites/settings_icon/photo_2024-12-07 12.53.53.jpeg
  artifactKey: Guid(612891ae8318f4607a4216d510c30087) Importer(2089858483,b0f066a214c2f5e87bad3c948f4d605d)
Start importing Assets/Sprites/settings_icon/photo_2024-12-07 12.53.53.jpeg using Guid(612891ae8318f4607a4216d510c30087) Importer(2089858483,b0f066a214c2f5e87bad3c948f4d605d) (ScriptedImporter) -> (artifact id: '8a927f475f077297a02188efb2f485c4') in 0.0180907 seconds
Number of updated asset objects reloaded before import = 0Number of asset objects unloaded after import = 3

========================================================================
Received Import Request.
  Time since last request: 0.000014 seconds.
  path: Assets/Prefabs/Rooms/CafeMaterials/AR3DMat PBR Gypsum Ceiling Lighted.001.mat
  artifactKey: Guid(e48dda135be814196afdfc37f51e7813) Importer(2089858483,b0f066a214c2f5e87bad3c948f4d605d)
Start importing Assets/Prefabs/Rooms/CafeMaterials/AR3DMat PBR Gypsum Ceiling Lighted.001.mat using Guid(e48dda135be814196afdfc37f51e7813) Importer(2089858483,b0f066a214c2f5e87bad3c948f4d605d) (ScriptedImporter) -> (artifact id: 'e6af230d529fc21f794b04cbd026aeb0') in 0.0089362 seconds
Number of updated asset objects reloaded before import = 0Number of asset objects unloaded after import = 1

========================================================================
Received Import Request.
  Time since last request: 0.000097 seconds.
  path: Assets/Prefabs/Rooms/RoomsMaterials/Material.035 1.mat
  artifactKey: Guid(08a66e658194a4e20b2fb3bbc22774fb) Importer(2089858483,b0f066a214c2f5e87bad3c948f4d605d)
Start importing Assets/Prefabs/Rooms/RoomsMaterials/Material.035 1.mat using Guid(08a66e658194a4e20b2fb3bbc22774fb) Importer(2089858483,b0f066a214c2f5e87bad3c948f4d605d) (ScriptedImporter) -> (artifact id: '23e728dfdeb45850fbb428575e733ccc') in 0.0089098 seconds
Number of updated asset objects reloaded before import = 0Number of asset objects unloaded after import = 1

========================================================================
Received Import Request.
  Time since last request: 0.000136 seconds.
  path: Assets/Prefabs/Rooms/RoomsMaterials/M_boxes_metal.mat
  artifactKey: Guid(1a0907e4752254d6e8a63ffe49e2db00) Importer(2089858483,b0f066a214c2f5e87bad3c948f4d605d)
Start importing Assets/Prefabs/Rooms/RoomsMaterials/M_boxes_metal.mat using Guid(1a0907e4752254d6e8a63ffe49e2db00) Importer(2089858483,b0f066a214c2f5e87bad3c948f4d605d) (ScriptedImporter) -> (artifact id: 'eff69ce88df1c45050cce8a6c288924c') in 0.0090433 seconds
Number of updated asset objects reloaded before import = 0Number of asset objects unloaded after import = 1

========================================================================
Received Import Request.
  Time since last request: 0.000040 seconds.
  path: Assets/Prefabs/Rooms/RoomsMaterials/M_sunflower_stalk_001.mat
  artifactKey: Guid(87893e40c301848cea52d348fed09b22) Importer(2089858483,b0f066a214c2f5e87bad3c948f4d605d)
Start importing Assets/Prefabs/Rooms/RoomsMaterials/M_sunflower_stalk_001.mat using Guid(87893e40c301848cea52d348fed09b22) Importer(2089858483,b0f066a214c2f5e87bad3c948f4d605d) (ScriptedImporter) -> (artifact id: '57a896f9e3e23b3ea3d86e32027edfb4') in 0.0096323 seconds
Number of updated asset objects reloaded before import = 0Number of asset objects unloaded after import = 1

========================================================================
Received Import Request.
  Time since last request: 0.000095 seconds.
  path: Assets/Scripts/Networks/IpConfig.cs
  artifactKey: Guid(80aaf76cd1b7e4aa7b540f9cb4eef0c9) Importer(2089858483,b0f066a214c2f5e87bad3c948f4d605d)
Start importing Assets/Scripts/Networks/IpConfig.cs using Guid(80aaf76cd1b7e4aa7b540f9cb4eef0c9) Importer(2089858483,b0f066a214c2f5e87bad3c948f4d605d) (ScriptedImporter) -> (artifact id: '6aeac86472ef13a9b4f3618ff1e16805') in 0.0090572 seconds
Number of updated asset objects reloaded before import = 0Number of asset objects unloaded after import = 0

========================================================================
Received Import Request.
  Time since last request: 0.000091 seconds.
  path: Assets/Sprites/city/gorod/gorod_00138.png
  artifactKey: Guid(e7e442f1b9b824ad585fb44e528dff9b) Importer(2089858483,b0f066a214c2f5e87bad3c948f4d605d)
Start importing Assets/Sprites/city/gorod/gorod_00138.png using Guid(e7e442f1b9b824ad585fb44e528dff9b) Importer(2089858483,b0f066a214c2f5e87bad3c948f4d605d) (ScriptedImporter) -> (artifact id: 'be0a5fc09051e3c40ae8ccab19071aca') in 0.0201132 seconds
Number of updated asset objects reloaded before import = 0Number of asset objects unloaded after import = 3

========================================================================
Received Import Request.
  Time since last request: 0.000021 seconds.
  path: Assets/Prefabs/Rooms/RoomsMaterials/Material.026 1.mat
  artifactKey: Guid(365fcead47b4249b9a5a533ffe51c2eb) Importer(2089858483,b0f066a214c2f5e87bad3c948f4d605d)
Start importing Assets/Prefabs/Rooms/RoomsMaterials/Material.026 1.mat using Guid(365fcead47b4249b9a5a533ffe51c2eb) Importer(2089858483,b0f066a214c2f5e87bad3c948f4d605d) (ScriptedImporter) -> (artifact id: '8fcf2dd085cff48dfa385b5c40126c02') in 0.0088832 seconds
Number of updated asset objects reloaded before import = 0Number of asset objects unloaded after import = 1

========================================================================
Received Import Request.
  Time since last request: 0.000085 seconds.
  path: Assets/Prefabs/Rooms/RoomsMaterials/M_handles 2.mat
  artifactKey: Guid(603f355fe20174bb592da013932445b9) Importer(2089858483,b0f066a214c2f5e87bad3c948f4d605d)
Start importing Assets/Prefabs/Rooms/RoomsMaterials/M_handles 2.mat using Guid(603f355fe20174bb592da013932445b9) Importer(2089858483,b0f066a214c2f5e87bad3c948f4d605d) (ScriptedImporter) -> (artifact id: '7510ea9835e8867302359dad3a267200') in 0.0099962 seconds
Number of updated asset objects reloaded before import = 0Number of asset objects unloaded after import = 1

========================================================================
Received Import Request.
  Time since last request: 0.000052 seconds.
  path: Assets/TextMesh Pro/Shaders/TMPro.cginc
  artifactKey: Guid(407bc68d299748449bbf7f48ee690f8d) Importer(2089858483,b0f066a214c2f5e87bad3c948f4d605d)
Start importing Assets/TextMesh Pro/Shaders/TMPro.cginc using Guid(407bc68d299748449bbf7f48ee690f8d) Importer(2089858483,b0f066a214c2f5e87bad3c948f4d605d) (ScriptedImporter) -> (artifact id: '5d212e0f62a150d1c30ca77995efd35a') in 0.0158147 seconds
Number of updated asset objects reloaded before import = 0Number of asset objects unloaded after import = 1

========================================================================
Received Import Request.
  Time since last request: 0.000029 seconds.
  path: Assets/Sprites/city/gorod/gorod_00061.png
  artifactKey: Guid(296c2cae610d64f7b9137339c91148f9) Importer(2089858483,b0f066a214c2f5e87bad3c948f4d605d)
Start importing Assets/Sprites/city/gorod/gorod_00061.png using Guid(296c2cae610d64f7b9137339c91148f9) Importer(2089858483,b0f066a214c2f5e87bad3c948f4d605d) (ScriptedImporter) -> (artifact id: 'c9796fe60f092a1b20e56d71620c5b43') in 0.0167975 seconds
Number of updated asset objects reloaded before import = 0Number of asset objects unloaded after import = 3

========================================================================
Received Import Request.
  Time since last request: 0.000017 seconds.
  path: Assets/Prefabs/Rooms/RoomsMaterials/M_floor_interior 1.mat
  artifactKey: Guid(b72ae49a65fac4a6c923ef69694198d8) Importer(2089858483,b0f066a214c2f5e87bad3c948f4d605d)
Start importing Assets/Prefabs/Rooms/RoomsMaterials/M_floor_interior 1.mat using Guid(b72ae49a65fac4a6c923ef69694198d8) Importer(2089858483,b0f066a214c2f5e87bad3c948f4d605d) (ScriptedImporter) -> (artifact id: '3a8659316d6a3d740ad1b49c6cac5f45') in 0.0095575 seconds
Number of updated asset objects reloaded before import = 0Number of asset objects unloaded after import = 1

========================================================================
Received Import Request.
  Time since last request: 0.000038 seconds.
  path: Assets/Prefabs/Rooms/RoomsMaterials/Material.076.mat
  artifactKey: Guid(caa41fbc7ff0f4b25ac3c4fdf7e51234) Importer(2089858483,b0f066a214c2f5e87bad3c948f4d605d)
Start importing Assets/Prefabs/Rooms/RoomsMaterials/Material.076.mat using Guid(caa41fbc7ff0f4b25ac3c4fdf7e51234) Importer(2089858483,b0f066a214c2f5e87bad3c948f4d605d) (ScriptedImporter) -> (artifact id: '907f71c0ded8815953ad115ef8d414b2') in 0.0091309 seconds
Number of updated asset objects reloaded before import = 0Number of asset objects unloaded after import = 1

========================================================================
Received Import Request.
  Time since last request: 0.000032 seconds.
  path: Assets/Prefabs/Rooms/CafeMaterials/Material.055.mat
  artifactKey: Guid(d2b43ea9c5a3e47158cf4da41a902b06) Importer(2089858483,b0f066a214c2f5e87bad3c948f4d605d)
Start importing Assets/Prefabs/Rooms/CafeMaterials/Material.055.mat using Guid(d2b43ea9c5a3e47158cf4da41a902b06) Importer(2089858483,b0f066a214c2f5e87bad3c948f4d605d) (ScriptedImporter) -> (artifact id: '4675e5515c2653f24a4201c51cd1a0fb') in 0.0094998 seconds
Number of updated asset objects reloaded before import = 0Number of asset objects unloaded after import = 1

========================================================================
Received Import Request.
  Time since last request: 0.000047 seconds.
  path: Assets/Sprites/LoadScenes/scen 1/Безымянный-20042.png
  artifactKey: Guid(94dd3eccfb01a4735ba73c5750a2e29c) Importer(2089858483,b0f066a214c2f5e87bad3c948f4d605d)
Start importing Assets/Sprites/LoadScenes/scen 1/Безымянный-20042.png using Guid(94dd3eccfb01a4735ba73c5750a2e29c) Importer(2089858483,b0f066a214c2f5e87bad3c948f4d605d) (ScriptedImporter) -> (artifact id: 'c08eeb7e1a94bd998588584c8d080466') in 0.0125869 seconds
Number of updated asset objects reloaded before import = 0Number of asset objects unloaded after import = 3

========================================================================
Received Import Request.
  Time since last request: 0.000017 seconds.
  path: Assets/Prefabs/Rooms/RoomsMaterials/M_vase 1.mat
  artifactKey: Guid(a4f1a9d1f6cda4ebdb1868da4530e361) Importer(2089858483,b0f066a214c2f5e87bad3c948f4d605d)
Start importing Assets/Prefabs/Rooms/RoomsMaterials/M_vase 1.mat using Guid(a4f1a9d1f6cda4ebdb1868da4530e361) Importer(2089858483,b0f066a214c2f5e87bad3c948f4d605d) (ScriptedImporter) -> (artifact id: '3eed799c15489b49f88020921ad80f45') in 0.0085838 seconds
Number of updated asset objects reloaded before import = 0Number of asset objects unloaded after import = 1

========================================================================
Received Import Request.
  Time since last request: 0.000027 seconds.
  path: Assets/Sprites/city/gorod/gorod_00137.png
  artifactKey: Guid(3fc42ed390ec64eb0aecc32cad6e45ea) Importer(2089858483,b0f066a214c2f5e87bad3c948f4d605d)
Start importing Assets/Sprites/city/gorod/gorod_00137.png using Guid(3fc42ed390ec64eb0aecc32cad6e45ea) Importer(2089858483,b0f066a214c2f5e87bad3c948f4d605d) (ScriptedImporter) -> (artifact id: 'e601f6250879ffce91c8d0004717a7e8') in 0.0172462 seconds
Number of updated asset objects reloaded before import = 0Number of asset objects unloaded after import = 3

========================================================================
Received Import Request.
  Time since last request: 0.000019 seconds.
  path: Assets/Prefabs/Rooms/RoomsMaterials/M_table_coffee 2.mat
  artifactKey: Guid(73c8fb785a0da4f0f9c6ce24c34330b9) Importer(2089858483,b0f066a214c2f5e87bad3c948f4d605d)
Start importing Assets/Prefabs/Rooms/RoomsMaterials/M_table_coffee 2.mat using Guid(73c8fb785a0da4f0f9c6ce24c34330b9) Importer(2089858483,b0f066a214c2f5e87bad3c948f4d605d) (ScriptedImporter) -> (artifact id: '55c45fc3dbeae45095af435115fec728') in 0.0089211 seconds
Number of updated asset objects reloaded before import = 0Number of asset objects unloaded after import = 1

========================================================================
Received Import Request.
  Time since last request: 0.000063 seconds.
  path: Assets/Prefabs/Rooms/RoomsMaterials/Material.007 1.mat
  artifactKey: Guid(9e40283af4c0f4c9782ea9fe520cd71e) Importer(2089858483,b0f066a214c2f5e87bad3c948f4d605d)
Start importing Assets/Prefabs/Rooms/RoomsMaterials/Material.007 1.mat using Guid(9e40283af4c0f4c9782ea9fe520cd71e) Importer(2089858483,b0f066a214c2f5e87bad3c948f4d605d) (ScriptedImporter) -> (artifact id: '72aefae9c43bc758170e84786cc506c4') in 0.008752 seconds
Number of updated asset objects reloaded before import = 0Number of asset objects unloaded after import = 1

========================================================================
Received Import Request.
  Time since last request: 0.000058 seconds.
  path: Assets/Sprites/city/gorod/gorod_00139.png
  artifactKey: Guid(4c7e54fcaf60a4c779437c4ff6f5193c) Importer(2089858483,b0f066a214c2f5e87bad3c948f4d605d)
Start importing Assets/Sprites/city/gorod/gorod_00139.png using Guid(4c7e54fcaf60a4c779437c4ff6f5193c) Importer(2089858483,b0f066a214c2f5e87bad3c948f4d605d) (ScriptedImporter) -> (artifact id: '887349d62084709f8e27f00888f77a32') in 0.0179131 seconds
Number of updated asset objects reloaded before import = 0Number of asset objects unloaded after import = 3

========================================================================
Received Import Request.
  Time since last request: 0.000014 seconds.
  path: Assets/Scripts/Networks/Protocols/DNS.cs
  artifactKey: Guid(e9e433dcd1acc4b679db6ebea14404d9) Importer(2089858483,b0f066a214c2f5e87bad3c948f4d605d)
Start importing Assets/Scripts/Networks/Protocols/DNS.cs using Guid(e9e433dcd1acc4b679db6ebea14404d9) Importer(2089858483,b0f066a214c2f5e87bad3c948f4d605d) (ScriptedImporter) -> (artifact id: '4ff75b9322f030ef497c9340efab223d') in 0.0077243 seconds
Number of updated asset objects reloaded before import = 0Number of asset objects unloaded after import = 0

========================================================================
Received Import Request.
  Time since last request: 0.000125 seconds.
  path: Assets/Sprites/city/gorod/gorod_00050.png
  artifactKey: Guid(ce11d69fd35f948c99149fc04f7c46cb) Importer(2089858483,b0f066a214c2f5e87bad3c948f4d605d)
Start importing Assets/Sprites/city/gorod/gorod_00050.png using Guid(ce11d69fd35f948c99149fc04f7c46cb) Importer(2089858483,b0f066a214c2f5e87bad3c948f4d605d) (ScriptedImporter) -> (artifact id: 'e96474a329341215e1355c71edc10ca5') in 0.0171488 seconds
Number of updated asset objects reloaded before import = 0Number of asset objects unloaded after import = 3

========================================================================
Received Import Request.
  Time since last request: 0.000020 seconds.
  path: Assets/Sprites/city/gorod/gorod_00110.png
  artifactKey: Guid(ce57c35b2b10447aba46d9eb2f614d65) Importer(2089858483,b0f066a214c2f5e87bad3c948f4d605d)
Start importing Assets/Sprites/city/gorod/gorod_00110.png using Guid(ce57c35b2b10447aba46d9eb2f614d65) Importer(2089858483,b0f066a214c2f5e87bad3c948f4d605d) (ScriptedImporter) -> (artifact id: '64e3fc59ad965a5ea1a1e6d99c5cbec6') in 0.0169289 seconds
Number of updated asset objects reloaded before import = 0Number of asset objects unloaded after import = 3

========================================================================
Received Import Request.
  Time since last request: 0.000015 seconds.
  path: Assets/Sprites/city/gorod/gorod_00094.png
  artifactKey: Guid(e51a410b29dc247f592972fa05cf7b7c) Importer(2089858483,b0f066a214c2f5e87bad3c948f4d605d)
Start importing Assets/Sprites/city/gorod/gorod_00094.png using Guid(e51a410b29dc247f592972fa05cf7b7c) Importer(2089858483,b0f066a214c2f5e87bad3c948f4d605d) (ScriptedImporter) -> (artifact id: 'fd748fc3aceb902022091a862aa7757e') in 0.0169579 seconds
Number of updated asset objects reloaded before import = 0Number of asset objects unloaded after import = 3

========================================================================
Received Import Request.
  Time since last request: 0.000023 seconds.
  path: Assets/Sprites/city/gorod/gorod_00121.png
  artifactKey: Guid(deef1a90f27b64593937d03f7dca1feb) Importer(2089858483,b0f066a214c2f5e87bad3c948f4d605d)
Start importing Assets/Sprites/city/gorod/gorod_00121.png using Guid(deef1a90f27b64593937d03f7dca1feb) Importer(2089858483,b0f066a214c2f5e87bad3c948f4d605d) (ScriptedImporter) -> (artifact id: 'c3dddf421804aae79620c484d6f02305') in 0.0180175 seconds
Number of updated asset objects reloaded before import = 0Number of asset objects unloaded after import = 3

========================================================================
Received Import Request.
  Time since last request: 0.000025 seconds.
  path: Assets/Prefabs/Rooms/CafeMaterials/Material.075.mat
  artifactKey: Guid(7d8915dd5b2e545ecb0a3ee1d151d875) Importer(2089858483,b0f066a214c2f5e87bad3c948f4d605d)
Start importing Assets/Prefabs/Rooms/CafeMaterials/Material.075.mat using Guid(7d8915dd5b2e545ecb0a3ee1d151d875) Importer(2089858483,b0f066a214c2f5e87bad3c948f4d605d) (ScriptedImporter) -> (artifact id: '38c040975a08f36b548f7cd8c1ed0482') in 0.0091192 seconds
Number of updated asset objects reloaded before import = 0Number of asset objects unloaded after import = 1

========================================================================
Received Import Request.
  Time since last request: 0.000058 seconds.
  path: Assets/Sprites/city/gorod/gorod_00056.png
  artifactKey: Guid(05431d001212d40bdbcb6165eafd735d) Importer(2089858483,b0f066a214c2f5e87bad3c948f4d605d)
Start importing Assets/Sprites/city/gorod/gorod_00056.png using Guid(05431d001212d40bdbcb6165eafd735d) Importer(2089858483,b0f066a214c2f5e87bad3c948f4d605d) (ScriptedImporter) -> (artifact id: '63269f44324fa0066006b114f5f9dc19') in 0.0178832 seconds
Number of updated asset objects reloaded before import = 0Number of asset objects unloaded after import = 3

========================================================================
Received Import Request.
  Time since last request: 0.000016 seconds.
  path: Assets/Prefabs/Rooms/OfficeMaterials/Esmalte_Preto.001.mat
  artifactKey: Guid(617efc4343b6e483a9683c9364437250) Importer(2089858483,b0f066a214c2f5e87bad3c948f4d605d)
Start importing Assets/Prefabs/Rooms/OfficeMaterials/Esmalte_Preto.001.mat using Guid(617efc4343b6e483a9683c9364437250) Importer(2089858483,b0f066a214c2f5e87bad3c948f4d605d) (ScriptedImporter) -> (artifact id: 'caae840ed30ab92ac9e34e75d4fcc056') in 0.0089585 seconds
Number of updated asset objects reloaded before import = 0Number of asset objects unloaded after import = 1

========================================================================
Received Import Request.
  Time since last request: 0.000041 seconds.
  path: Assets/Prefabs/Rooms/RoomsMaterials/Material.040 2.mat
  artifactKey: Guid(eb71143df0c444c45b4edae201c6c9b3) Importer(2089858483,b0f066a214c2f5e87bad3c948f4d605d)
Start importing Assets/Prefabs/Rooms/RoomsMaterials/Material.040 2.mat using Guid(eb71143df0c444c45b4edae201c6c9b3) Importer(2089858483,b0f066a214c2f5e87bad3c948f4d605d) (ScriptedImporter) -> (artifact id: 'c6c685624b350f3186ea4418fb6c647c') in 0.0087126 seconds
Number of updated asset objects reloaded before import = 0Number of asset objects unloaded after import = 1

========================================================================
Received Import Request.
  Time since last request: 0.000035 seconds.
  path: Assets/Prefabs/Rooms/CafeMaterials/wire_134110008.mat
  artifactKey: Guid(a2e8f37e7b65749e493328a656c7185e) Importer(2089858483,b0f066a214c2f5e87bad3c948f4d605d)
Start importing Assets/Prefabs/Rooms/CafeMaterials/wire_134110008.mat using Guid(a2e8f37e7b65749e493328a656c7185e) Importer(2089858483,b0f066a214c2f5e87bad3c948f4d605d) (ScriptedImporter) -> (artifact id: '1af6c0aed68dd518739580eae972d332') in 0.0088991 seconds
Number of updated asset objects reloaded before import = 0Number of asset objects unloaded after import = 1

========================================================================
Received Import Request.
  Time since last request: 0.000069 seconds.
  path: Assets/Sprites/city/name point.png
  artifactKey: Guid(c1d6346d624c444e092843e26a157cf8) Importer(2089858483,b0f066a214c2f5e87bad3c948f4d605d)
Start importing Assets/Sprites/city/name point.png using Guid(c1d6346d624c444e092843e26a157cf8) Importer(2089858483,b0f066a214c2f5e87bad3c948f4d605d) (ScriptedImporter) -> (artifact id: '8c08d3f3a4b7f7d73305b19e621a64d8') in 0.0181655 seconds
Number of updated asset objects reloaded before import = 0Number of asset objects unloaded after import = 3

========================================================================
Received Import Request.
  Time since last request: 0.000015 seconds.
  path: Assets/Prefabs/Rooms/CafeMaterials/plastic 6.001.mat
  artifactKey: Guid(439e3bc7e0d6e4dd092ad83b2babe0de) Importer(2089858483,b0f066a214c2f5e87bad3c948f4d605d)
Start importing Assets/Prefabs/Rooms/CafeMaterials/plastic 6.001.mat using Guid(439e3bc7e0d6e4dd092ad83b2babe0de) Importer(2089858483,b0f066a214c2f5e87bad3c948f4d605d) (ScriptedImporter) -> (artifact id: 'e7c686207a4938f67d9d1a4b1503b5d9') in 0.0094846 seconds
Number of updated asset objects reloaded before import = 0Number of asset objects unloaded after import = 1

========================================================================
Received Import Request.
  Time since last request: 0.000053 seconds.
  path: Assets/Sprites/city/gorod/gorod_00091.png
  artifactKey: Guid(7d91c4e63b9c24cd68417866580d7fa7) Importer(2089858483,b0f066a214c2f5e87bad3c948f4d605d)
Start importing Assets/Sprites/city/gorod/gorod_00091.png using Guid(7d91c4e63b9c24cd68417866580d7fa7) Importer(2089858483,b0f066a214c2f5e87bad3c948f4d605d) (ScriptedImporter) -> (artifact id: '62aa55cb94750f4378aba3be7b42866e') in 0.0356679 seconds
Number of updated asset objects reloaded before import = 0Number of asset objects unloaded after import = 3

========================================================================
Received Import Request.
  Time since last request: 0.000016 seconds.
  path: Assets/Scenes/Scene1.unity
  artifactKey: Guid(9fc0d4010bbf28b4594072e72b8655ab) Importer(2089858483,b0f066a214c2f5e87bad3c948f4d605d)
Start importing Assets/Scenes/Scene1.unity using Guid(9fc0d4010bbf28b4594072e72b8655ab) Importer(2089858483,b0f066a214c2f5e87bad3c948f4d605d) (ScriptedImporter) -> (artifact id: '77923d16d3b4a1d1ee565021f63e28a6') in 0.0092827 seconds
Number of updated asset objects reloaded before import = 0Number of asset objects unloaded after import = 1

========================================================================
Received Import Request.
  Time since last request: 0.000041 seconds.
  path: Assets/Prefabs/Rooms/RoomsMaterials/Material.059 1.mat
  artifactKey: Guid(381c57fd2a0ac43e7b86ee895fc59475) Importer(2089858483,b0f066a214c2f5e87bad3c948f4d605d)
Start importing Assets/Prefabs/Rooms/RoomsMaterials/Material.059 1.mat using Guid(381c57fd2a0ac43e7b86ee895fc59475) Importer(2089858483,b0f066a214c2f5e87bad3c948f4d605d) (ScriptedImporter) -> (artifact id: '2df14c00a9f602bb37d79199bacd562b') in 0.008903 seconds
Number of updated asset objects reloaded before import = 0Number of asset objects unloaded after import = 1

========================================================================
Received Import Request.
  Time since last request: 0.000109 seconds.
  path: Assets/QuickOutline/Resources/Materials/New Material.mat
  artifactKey: Guid(46623e7276965b145a04ad5e3a40ec6c) Importer(2089858483,b0f066a214c2f5e87bad3c948f4d605d)
Start importing Assets/QuickOutline/Resources/Materials/New Material.mat using Guid(46623e7276965b145a04ad5e3a40ec6c) Importer(2089858483,b0f066a214c2f5e87bad3c948f4d605d) (ScriptedImporter) -> (artifact id: '5e7edc546a1dbc67aee0fccb7673f432') in 0.0085589 seconds
Number of updated asset objects reloaded before import = 0Number of asset objects unloaded after import = 1

========================================================================
Received Import Request.
  Time since last request: 0.000079 seconds.
  path: Assets/Prefabs/Rooms/RoomsMaterials/Material.019.mat
  artifactKey: Guid(4d0e3a6da921e47bfb4278db61b1b608) Importer(2089858483,b0f066a214c2f5e87bad3c948f4d605d)
Start importing Assets/Prefabs/Rooms/RoomsMaterials/Material.019.mat using Guid(4d0e3a6da921e47bfb4278db61b1b608) Importer(2089858483,b0f066a214c2f5e87bad3c948f4d605d) (ScriptedImporter) -> (artifact id: 'a56f753f28a6c8798cc7d30b5bd45b57') in 0.0088158 seconds
Number of updated asset objects reloaded before import = 0Number of asset objects unloaded after import = 1

========================================================================
Received Import Request.
  Time since last request: 0.000090 seconds.
  path: Assets/Prefabs/Rooms/RoomsMaterials/lamp_cloth.mat
  artifactKey: Guid(6c3693932dc66480294e0091c7fba217) Importer(2089858483,b0f066a214c2f5e87bad3c948f4d605d)
Start importing Assets/Prefabs/Rooms/RoomsMaterials/lamp_cloth.mat using Guid(6c3693932dc66480294e0091c7fba217) Importer(2089858483,b0f066a214c2f5e87bad3c948f4d605d) (ScriptedImporter) -> (artifact id: 'f398be33dff7aa359ddf13974d1d614e') in 0.0088083 seconds
Number of updated asset objects reloaded before import = 0Number of asset objects unloaded after import = 1

========================================================================
Received Import Request.
  Time since last request: 0.000083 seconds.
  path: Assets/Scripts/LevelsManager.cs
  artifactKey: Guid(e459664a0f1f444c8b625e0ba69c2468) Importer(2089858483,b0f066a214c2f5e87bad3c948f4d605d)
Start importing Assets/Scripts/LevelsManager.cs using Guid(e459664a0f1f444c8b625e0ba69c2468) Importer(2089858483,b0f066a214c2f5e87bad3c948f4d605d) (ScriptedImporter) -> (artifact id: 'b58a5de0e2556de8c46d0b8939418cba') in 0.0079301 seconds
Number of updated asset objects reloaded before import = 0Number of asset objects unloaded after import = 0

========================================================================
Received Import Request.
  Time since last request: 0.000043 seconds.
  path: Assets/QuickOutline/Resources/Materials/OutlineFill.mat
  artifactKey: Guid(311313efa011949e98b6761d652ad13c) Importer(2089858483,b0f066a214c2f5e87bad3c948f4d605d)
Start importing Assets/QuickOutline/Resources/Materials/OutlineFill.mat using Guid(311313efa011949e98b6761d652ad13c) Importer(2089858483,b0f066a214c2f5e87bad3c948f4d605d) (ScriptedImporter) -> (artifact id: '36f043afe6eb2d807181cfc6c4c00fbe') in 0.0184076 seconds
Number of updated asset objects reloaded before import = 0Number of asset objects unloaded after import = 1

========================================================================
Received Import Request.
  Time since last request: 0.000064 seconds.
  path: Assets/Prefabs/Rooms/RoomsMaterials/M_handles.mat
  artifactKey: Guid(f83deab1a5f1043c6a3cadd269e3e915) Importer(2089858483,b0f066a214c2f5e87bad3c948f4d605d)
Start importing Assets/Prefabs/Rooms/RoomsMaterials/M_handles.mat using Guid(f83deab1a5f1043c6a3cadd269e3e915) Importer(2089858483,b0f066a214c2f5e87bad3c948f4d605d) (ScriptedImporter) -> (artifact id: '377335ca3f892ba01f25c9ecbb56c026') in 0.0093712 seconds
Number of updated asset objects reloaded before import = 0Number of asset objects unloaded after import = 1

========================================================================
Received Import Request.
  Time since last request: 0.000056 seconds.
  path: Assets/TextMesh Pro/Shaders/TMPro_Mobile.cginc
  artifactKey: Guid(c334973cef89a9840b0b0c507e0377ab) Importer(2089858483,b0f066a214c2f5e87bad3c948f4d605d)
Start importing Assets/TextMesh Pro/Shaders/TMPro_Mobile.cginc using Guid(c334973cef89a9840b0b0c507e0377ab) Importer(2089858483,b0f066a214c2f5e87bad3c948f4d605d) (ScriptedImporter) -> (artifact id: '11c8e0fb2cfa22cc9304b3c3b30f41a9') in 0.0128865 seconds
Number of updated asset objects reloaded before import = 0Number of asset objects unloaded after import = 1

========================================================================
Received Import Request.
  Time since last request: 0.000106 seconds.
  path: Assets/Prefabs/Rooms/RoomsMaterials/comp_desk_a 2.mat
  artifactKey: Guid(efa24ab396b24423394928bc1db176ab) Importer(2089858483,b0f066a214c2f5e87bad3c948f4d605d)
Start importing Assets/Prefabs/Rooms/RoomsMaterials/comp_desk_a 2.mat using Guid(efa24ab396b24423394928bc1db176ab) Importer(2089858483,b0f066a214c2f5e87bad3c948f4d605d) (ScriptedImporter) -> (artifact id: 'e7ae76706cabd34a62fb193da11734c2') in 0.0085653 seconds
Number of updated asset objects reloaded before import = 0Number of asset objects unloaded after import = 1

========================================================================
Received Import Request.
  Time since last request: 0.000036 seconds.
  path: Assets/Sprites/desktop.png
  artifactKey: Guid(e55faffd10f764702b6de12502b2f36a) Importer(2089858483,b0f066a214c2f5e87bad3c948f4d605d)
Start importing Assets/Sprites/desktop.png using Guid(e55faffd10f764702b6de12502b2f36a) Importer(2089858483,b0f066a214c2f5e87bad3c948f4d605d) (ScriptedImporter) -> (artifact id: '659a0d73e46fd1539474d4cda948b6c1') in 0.0125358 seconds
Number of updated asset objects reloaded before import = 0Number of asset objects unloaded after import = 3

========================================================================
Received Import Request.
  Time since last request: 0.000014 seconds.
  path: Assets/Sprites/LoadScenes/scen 1/Безымянный-20067.png
  artifactKey: Guid(21d7ebd8c6d054f5d8ce0bfacddd85a2) Importer(2089858483,b0f066a214c2f5e87bad3c948f4d605d)
Start importing Assets/Sprites/LoadScenes/scen 1/Безымянный-20067.png using Guid(21d7ebd8c6d054f5d8ce0bfacddd85a2) Importer(2089858483,b0f066a214c2f5e87bad3c948f4d605d) (ScriptedImporter) -> (artifact id: '0c954dca82cc0217873cb1faf0d502a0') in 0.0140509 seconds
Number of updated asset objects reloaded before import = 0Number of asset objects unloaded after import = 3

========================================================================
Received Import Request.
  Time since last request: 0.000016 seconds.
  path: Assets/Prefabs/Rooms/RoomsMaterials/Material.058 2.mat
  artifactKey: Guid(3104e250982dd4d0c8566152015eab75) Importer(2089858483,b0f066a214c2f5e87bad3c948f4d605d)
Start importing Assets/Prefabs/Rooms/RoomsMaterials/Material.058 2.mat using Guid(3104e250982dd4d0c8566152015eab75) Importer(2089858483,b0f066a214c2f5e87bad3c948f4d605d) (ScriptedImporter) -> (artifact id: 'ce6a20f983bd744398ede7cf2ad121d5') in 0.0084087 seconds
Number of updated asset objects reloaded before import = 0Number of asset objects unloaded after import = 1

========================================================================
Received Import Request.
  Time since last request: 0.000084 seconds.
  path: Assets/Sprites/city/gorod/gorod_00127.png
  artifactKey: Guid(d679502e3ad6d40bba817d8bc652b205) Importer(2089858483,b0f066a214c2f5e87bad3c948f4d605d)
Start importing Assets/Sprites/city/gorod/gorod_00127.png using Guid(d679502e3ad6d40bba817d8bc652b205) Importer(2089858483,b0f066a214c2f5e87bad3c948f4d605d) (ScriptedImporter) -> (artifact id: 'd961725c0d359514de970e0dcb3ce8f9') in 0.0167407 seconds
Number of updated asset objects reloaded before import = 0Number of asset objects unloaded after import = 3

========================================================================
Received Import Request.
  Time since last request: 0.000022 seconds.
  path: Assets/Prefabs/Rooms/CafeMaterials/STEEL SHINNY.mat
  artifactKey: Guid(3e497bdd0a72244ed9835ab39c050a38) Importer(2089858483,b0f066a214c2f5e87bad3c948f4d605d)
Start importing Assets/Prefabs/Rooms/CafeMaterials/STEEL SHINNY.mat using Guid(3e497bdd0a72244ed9835ab39c050a38) Importer(2089858483,b0f066a214c2f5e87bad3c948f4d605d) (ScriptedImporter) -> (artifact id: '14503126a24c0c0b3e0ddac685a75092') in 0.0088938 seconds
Number of updated asset objects reloaded before import = 0Number of asset objects unloaded after import = 1

========================================================================
Received Import Request.
  Time since last request: 0.000081 seconds.
  path: Assets/Prefabs/Rooms/CafeMaterials/FAUCET_CHROME.mat
  artifactKey: Guid(1e3c1fad8948646b490e4d67b8f69789) Importer(2089858483,b0f066a214c2f5e87bad3c948f4d605d)
Start importing Assets/Prefabs/Rooms/CafeMaterials/FAUCET_CHROME.mat using Guid(1e3c1fad8948646b490e4d67b8f69789) Importer(2089858483,b0f066a214c2f5e87bad3c948f4d605d) (ScriptedImporter) -> (artifact id: '01c9da64ab9fc381d1e423809b70830d') in 0.0092316 seconds
Number of updated asset objects reloaded before import = 0Number of asset objects unloaded after import = 1

========================================================================
Received Import Request.
  Time since last request: 0.000092 seconds.
  path: Assets/Sprites/LoadScenes/scen 1/Безымянный-20133.png
  artifactKey: Guid(1f317ba9223ad4efd99f4a03df02ad9b) Importer(2089858483,b0f066a214c2f5e87bad3c948f4d605d)
Start importing Assets/Sprites/LoadScenes/scen 1/Безымянный-20133.png using Guid(1f317ba9223ad4efd99f4a03df02ad9b) Importer(2089858483,b0f066a214c2f5e87bad3c948f4d605d) (ScriptedImporter) -> (artifact id: 'dd172dde0fdc21ea774b243abd700f9d') in 0.0119425 seconds
Number of updated asset objects reloaded before import = 0Number of asset objects unloaded after import = 3

========================================================================
Received Import Request.
  Time since last request: 0.000021 seconds.
  path: Assets/Scripts/Networks/Base/MACAddress.cs
  artifactKey: Guid(3979ef92d69174ce8910ce2229f0ef45) Importer(2089858483,b0f066a214c2f5e87bad3c948f4d605d)
Start importing Assets/Scripts/Networks/Base/MACAddress.cs using Guid(3979ef92d69174ce8910ce2229f0ef45) Importer(2089858483,b0f066a214c2f5e87bad3c948f4d605d) (ScriptedImporter) -> (artifact id: '181904a56b98bab4d87046c5b49cae3a') in 0.0112801 seconds
Number of updated asset objects reloaded before import = 0Number of asset objects unloaded after import = 0

========================================================================
Received Import Request.
  Time since last request: 0.000103 seconds.
  path: Assets/Prefabs/Rooms/CafeMaterials/Slab marble emperador light texture.mat
  artifactKey: Guid(835268dc9c92a47efbafdbd5c0b9c15a) Importer(2089858483,b0f066a214c2f5e87bad3c948f4d605d)
Start importing Assets/Prefabs/Rooms/CafeMaterials/Slab marble emperador light texture.mat using Guid(835268dc9c92a47efbafdbd5c0b9c15a) Importer(2089858483,b0f066a214c2f5e87bad3c948f4d605d) (ScriptedImporter) -> (artifact id: 'c5fad016990296f749320865772aa906') in 0.008518 seconds
Number of updated asset objects reloaded before import = 0Number of asset objects unloaded after import = 1

========================================================================
Received Import Request.
  Time since last request: 0.000062 seconds.
  path: Assets/Sprites/city/gorod/gorod_00073.png
  artifactKey: Guid(008512bcaf04c4d02a4d154c1407013d) Importer(2089858483,b0f066a214c2f5e87bad3c948f4d605d)
Start importing Assets/Sprites/city/gorod/gorod_00073.png using Guid(008512bcaf04c4d02a4d154c1407013d) Importer(2089858483,b0f066a214c2f5e87bad3c948f4d605d) (ScriptedImporter) -> (artifact id: '75a77660378676f832a8c0de035f513f') in 0.0197229 seconds
Number of updated asset objects reloaded before import = 0Number of asset objects unloaded after import = 3

========================================================================
Received Import Request.
  Time since last request: 0.000021 seconds.
  path: Assets/Prefabs/Rooms/RoomsMaterials/Material.034 1.mat
  artifactKey: Guid(79745a09f5bae4eed9e07a3e4dae77b5) Importer(2089858483,b0f066a214c2f5e87bad3c948f4d605d)
Start importing Assets/Prefabs/Rooms/RoomsMaterials/Material.034 1.mat using Guid(79745a09f5bae4eed9e07a3e4dae77b5) Importer(2089858483,b0f066a214c2f5e87bad3c948f4d605d) (ScriptedImporter) -> (artifact id: 'b938b3c1ddd1b3b782c0316bc6b8fd10') in 0.0103516 seconds
Number of updated asset objects reloaded before import = 0Number of asset objects unloaded after import = 1

========================================================================
Received Import Request.
  Time since last request: 0.000014 seconds.
  path: Assets/Sprites/tabs 1/iconMenuSprite.png
  artifactKey: Guid(598a3bcbf5f644991bb6672d079df18e) Importer(2089858483,b0f066a214c2f5e87bad3c948f4d605d)
Start importing Assets/Sprites/tabs 1/iconMenuSprite.png using Guid(598a3bcbf5f644991bb6672d079df18e) Importer(2089858483,b0f066a214c2f5e87bad3c948f4d605d) (ScriptedImporter) -> (artifact id: '293713b14877dd28f0d047f87020b045') in 0.011557 seconds
Number of updated asset objects reloaded before import = 0Number of asset objects unloaded after import = 3

========================================================================
Received Import Request.
  Time since last request: 0.000019 seconds.
  path: Assets/Prefabs/Rooms/CafeMaterials/Material #319.mat
  artifactKey: Guid(3d634316b82a9448abd013c5869cd6c2) Importer(2089858483,b0f066a214c2f5e87bad3c948f4d605d)
Start importing Assets/Prefabs/Rooms/CafeMaterials/Material #319.mat using Guid(3d634316b82a9448abd013c5869cd6c2) Importer(2089858483,b0f066a214c2f5e87bad3c948f4d605d) (ScriptedImporter) -> (artifact id: '1bed91381f50d8d9b851606994e8ccdd') in 0.0084077 seconds
Number of updated asset objects reloaded before import = 0Number of asset objects unloaded after import = 1

========================================================================
Received Import Request.
  Time since last request: 0.000083 seconds.
  path: Assets/Sprites/city/gorod/gorod_00132.png
  artifactKey: Guid(d39de96acb4a04c6daeb7f8d4feb7ab8) Importer(2089858483,b0f066a214c2f5e87bad3c948f4d605d)
Start importing Assets/Sprites/city/gorod/gorod_00132.png using Guid(d39de96acb4a04c6daeb7f8d4feb7ab8) Importer(2089858483,b0f066a214c2f5e87bad3c948f4d605d) (ScriptedImporter) -> (artifact id: 'cdb7cb7ee4aa76d60866f1abe56f4b6c') in 0.0159532 seconds
Number of updated asset objects reloaded before import = 0Number of asset objects unloaded after import = 3

========================================================================
Received Import Request.
  Time since last request: 0.000013 seconds.
  path: Assets/Prefabs/Rooms/RoomsMaterials/M_lights_ceiling 2.mat
  artifactKey: Guid(4097d4b4a310a4d55be2b319e8d23ece) Importer(2089858483,b0f066a214c2f5e87bad3c948f4d605d)
Start importing Assets/Prefabs/Rooms/RoomsMaterials/M_lights_ceiling 2.mat using Guid(4097d4b4a310a4d55be2b319e8d23ece) Importer(2089858483,b0f066a214c2f5e87bad3c948f4d605d) (ScriptedImporter) -> (artifact id: '131172daaa39af4b1f02a1688683a811') in 0.0081462 seconds
Number of updated asset objects reloaded before import = 0Number of asset objects unloaded after import = 1

========================================================================
Received Import Request.
  Time since last request: 0.000032 seconds.
  path: Assets/Prefabs/Rooms/OfficeMaterials/SURFACE_1_KEYBOARD.mat
  artifactKey: Guid(70baee3ab4c374d58807db80f7ccbd33) Importer(2089858483,b0f066a214c2f5e87bad3c948f4d605d)
Start importing Assets/Prefabs/Rooms/OfficeMaterials/SURFACE_1_KEYBOARD.mat using Guid(70baee3ab4c374d58807db80f7ccbd33) Importer(2089858483,b0f066a214c2f5e87bad3c948f4d605d) (ScriptedImporter) -> (artifact id: '2c32d14ae49ebd4c30a29be27702f3b2') in 0.0084523 seconds
Number of updated asset objects reloaded before import = 0Number of asset objects unloaded after import = 1

========================================================================
Received Import Request.
  Time since last request: 0.000043 seconds.
  path: Assets/Sprites/LoadScenes/scen 1/Безымянный-20051.png
  artifactKey: Guid(191cd62a256024b3e82280cfb6a41fc4) Importer(2089858483,b0f066a214c2f5e87bad3c948f4d605d)
Start importing Assets/Sprites/LoadScenes/scen 1/Безымянный-20051.png using Guid(191cd62a256024b3e82280cfb6a41fc4) Importer(2089858483,b0f066a214c2f5e87bad3c948f4d605d) (ScriptedImporter) -> (artifact id: '5452e49fa5f84246fa4185c244aac4ee') in 0.0132639 seconds
Number of updated asset objects reloaded before import = 0Number of asset objects unloaded after import = 3

========================================================================
Received Import Request.
  Time since last request: 0.000016 seconds.
  path: Assets/Prefabs/Rooms/RoomsMaterials/Material.003 1.mat
  artifactKey: Guid(c39dc7350c363442a93af60675bb3de5) Importer(2089858483,b0f066a214c2f5e87bad3c948f4d605d)
Start importing Assets/Prefabs/Rooms/RoomsMaterials/Material.003 1.mat using Guid(c39dc7350c363442a93af60675bb3de5) Importer(2089858483,b0f066a214c2f5e87bad3c948f4d605d) (ScriptedImporter) -> (artifact id: '25e41f3bf2adeb3aceca5c531a46f282') in 0.0086778 seconds
Number of updated asset objects reloaded before import = 0Number of asset objects unloaded after import = 1

========================================================================
Received Import Request.
  Time since last request: 0.000069 seconds.
  path: Assets/Prefabs/Rooms/RoomsMaterials/light_bulb.mat
  artifactKey: Guid(5acdec356c48243cc81071897ea20feb) Importer(2089858483,b0f066a214c2f5e87bad3c948f4d605d)
Start importing Assets/Prefabs/Rooms/RoomsMaterials/light_bulb.mat using Guid(5acdec356c48243cc81071897ea20feb) Importer(2089858483,b0f066a214c2f5e87bad3c948f4d605d) (ScriptedImporter) -> (artifact id: '1704ccef92adc82c20ba87a801200fca') in 0.0087801 seconds
Number of updated asset objects reloaded before import = 0Number of asset objects unloaded after import = 1

========================================================================
Received Import Request.
  Time since last request: 0.000023 seconds.
  path: Assets/Prefabs/Rooms/RoomsMaterials/Material.024 1.mat
  artifactKey: Guid(7b59a9885d68649b3b93dc155487f0d3) Importer(2089858483,b0f066a214c2f5e87bad3c948f4d605d)
Start importing Assets/Prefabs/Rooms/RoomsMaterials/Material.024 1.mat using Guid(7b59a9885d68649b3b93dc155487f0d3) Importer(2089858483,b0f066a214c2f5e87bad3c948f4d605d) (ScriptedImporter) -> (artifact id: 'ee7fffa14256283ffbf8b42ae3bbee1f') in 0.008317 seconds
Number of updated asset objects reloaded before import = 0Number of asset objects unloaded after import = 1

========================================================================
Received Import Request.
  Time since last request: 0.000068 seconds.
  path: Assets/Prefabs/Rooms/RoomsMaterials/Material.020 2.mat
  artifactKey: Guid(559483e4a14af427581031468f00b94b) Importer(2089858483,b0f066a214c2f5e87bad3c948f4d605d)
Start importing Assets/Prefabs/Rooms/RoomsMaterials/Material.020 2.mat using Guid(559483e4a14af427581031468f00b94b) Importer(2089858483,b0f066a214c2f5e87bad3c948f4d605d) (ScriptedImporter) -> (artifact id: '846a16afddd67ab2a65c662f2b17b9dc') in 0.009087 seconds
Number of updated asset objects reloaded before import = 0Number of asset objects unloaded after import = 1

========================================================================
Received Import Request.
  Time since last request: 0.000042 seconds.
  path: Assets/Scripts/Networks/Base
  artifactKey: Guid(cdd72578522644c809c2d4d6dc672cbc) Importer(2089858483,b0f066a214c2f5e87bad3c948f4d605d)
Start importing Assets/Scripts/Networks/Base using Guid(cdd72578522644c809c2d4d6dc672cbc) Importer(2089858483,b0f066a214c2f5e87bad3c948f4d605d) (ScriptedImporter) -> (artifact id: 'f81119f4f6dd647ba22af9e618e0d002') in 0.007868 seconds
Number of updated asset objects reloaded before import = 0Number of asset objects unloaded after import = 1

========================================================================
Received Import Request.
  Time since last request: 0.000087 seconds.
  path: Assets/Sprites/city/gorod/gorod_00105.png
  artifactKey: Guid(0a41ba6cf95a84c72bdce4b5e9da0709) Importer(2089858483,b0f066a214c2f5e87bad3c948f4d605d)
Start importing Assets/Sprites/city/gorod/gorod_00105.png using Guid(0a41ba6cf95a84c72bdce4b5e9da0709) Importer(2089858483,b0f066a214c2f5e87bad3c948f4d605d) (ScriptedImporter) -> (artifact id: 'e72cd92f55e3ac8533cc77446af520a1') in 0.0168732 seconds
Number of updated asset objects reloaded before import = 0Number of asset objects unloaded after import = 3

========================================================================
Received Import Request.
  Time since last request: 0.000015 seconds.
  path: Assets/Sprites/LoadScenes/scen 1/Безымянный-20017.png
  artifactKey: Guid(4ebb38b62019a4396b230461c9866a09) Importer(2089858483,b0f066a214c2f5e87bad3c948f4d605d)
Start importing Assets/Sprites/LoadScenes/scen 1/Безымянный-20017.png using Guid(4ebb38b62019a4396b230461c9866a09) Importer(2089858483,b0f066a214c2f5e87bad3c948f4d605d) (ScriptedImporter) -> (artifact id: '9a7371453b3fd5f7f49f7fc55ade120e') in 0.0111849 seconds
Number of updated asset objects reloaded before import = 0Number of asset objects unloaded after import = 3

========================================================================
Received Import Request.
  Time since last request: 0.000013 seconds.
  path: Assets/Prefabs/Rooms/RoomsMaterials/Material.028 1.mat
  artifactKey: Guid(ded160d60a6e049d291d0b7ce0e67137) Importer(2089858483,b0f066a214c2f5e87bad3c948f4d605d)
Start importing Assets/Prefabs/Rooms/RoomsMaterials/Material.028 1.mat using Guid(ded160d60a6e049d291d0b7ce0e67137) Importer(2089858483,b0f066a214c2f5e87bad3c948f4d605d) (ScriptedImporter) -> (artifact id: '280ea48cbd2a625563c1c6c1438b1c68') in 0.008219 seconds
Number of updated asset objects reloaded before import = 0Number of asset objects unloaded after import = 1

========================================================================
Received Import Request.
  Time since last request: 0.000040 seconds.
  path: Assets/Prefabs/Rooms/CafeMaterials/TOILET-ceramic.mat
  artifactKey: Guid(ebafb593b196d4688978aacc84ecff7f) Importer(2089858483,b0f066a214c2f5e87bad3c948f4d605d)
Start importing Assets/Prefabs/Rooms/CafeMaterials/TOILET-ceramic.mat using Guid(ebafb593b196d4688978aacc84ecff7f) Importer(2089858483,b0f066a214c2f5e87bad3c948f4d605d) (ScriptedImporter) -> (artifact id: '3a739030700c7090ba54c153cbf3c92c') in 0.0088153 seconds
Number of updated asset objects reloaded before import = 0Number of asset objects unloaded after import = 1

========================================================================
Received Import Request.
  Time since last request: 0.000092 seconds.
  path: Assets/Prefabs/Rooms/CafeMaterials/M_Metal.001.mat
  artifactKey: Guid(a403ee6d20d97448d9e9e95679cb5fb8) Importer(2089858483,b0f066a214c2f5e87bad3c948f4d605d)
Start importing Assets/Prefabs/Rooms/CafeMaterials/M_Metal.001.mat using Guid(a403ee6d20d97448d9e9e95679cb5fb8) Importer(2089858483,b0f066a214c2f5e87bad3c948f4d605d) (ScriptedImporter) -> (artifact id: '8b2c716e5f4379f44ab084efe1327f86') in 0.0087921 seconds
Number of updated asset objects reloaded before import = 0Number of asset objects unloaded after import = 1

========================================================================
Received Import Request.
  Time since last request: 0.000076 seconds.
  path: Assets/Prefabs/Rooms/RoomsMaterials/Material.045 2.mat
  artifactKey: Guid(719efaa0dbaa6470cb4d61560daf5801) Importer(2089858483,b0f066a214c2f5e87bad3c948f4d605d)
Start importing Assets/Prefabs/Rooms/RoomsMaterials/Material.045 2.mat using Guid(719efaa0dbaa6470cb4d61560daf5801) Importer(2089858483,b0f066a214c2f5e87bad3c948f4d605d) (ScriptedImporter) -> (artifact id: '1aac04036f1b068bb687e349caf667a9') in 0.0082267 seconds
Number of updated asset objects reloaded before import = 0Number of asset objects unloaded after import = 1

========================================================================
Received Import Request.
  Time since last request: 0.000062 seconds.
  path: Assets/Sprites/city/gorod/gorod_00080.png
  artifactKey: Guid(e5d2c2ffcaf0742dda6d629909b2f54f) Importer(2089858483,b0f066a214c2f5e87bad3c948f4d605d)
Start importing Assets/Sprites/city/gorod/gorod_00080.png using Guid(e5d2c2ffcaf0742dda6d629909b2f54f) Importer(2089858483,b0f066a214c2f5e87bad3c948f4d605d) (ScriptedImporter) -> (artifact id: 'ca3a0e37df5d0b42e3a3f0bc1a0ee614') in 0.0279752 seconds
Number of updated asset objects reloaded before import = 0Number of asset objects unloaded after import = 3

========================================================================
Received Import Request.
  Time since last request: 0.000019 seconds.
  path: Assets/Sprites/city/gorod/gorod_00124.png
  artifactKey: Guid(1fb605ee19d1e4a548b92b82b7a55916) Importer(2089858483,b0f066a214c2f5e87bad3c948f4d605d)
Start importing Assets/Sprites/city/gorod/gorod_00124.png using Guid(1fb605ee19d1e4a548b92b82b7a55916) Importer(2089858483,b0f066a214c2f5e87bad3c948f4d605d) (ScriptedImporter) -> (artifact id: 'dc6121559e59d24db0a7c84d44aac075') in 0.016533 seconds
Number of updated asset objects reloaded before import = 0Number of asset objects unloaded after import = 3

========================================================================
Received Import Request.
  Time since last request: 0.000015 seconds.
  path: Assets/Prefabs/Rooms/RoomsMaterials/Cube.091__0 1.mat
  artifactKey: Guid(43ddda46b5c4b41ac8139332a73bd750) Importer(2089858483,b0f066a214c2f5e87bad3c948f4d605d)
Start importing Assets/Prefabs/Rooms/RoomsMaterials/Cube.091__0 1.mat using Guid(43ddda46b5c4b41ac8139332a73bd750) Importer(2089858483,b0f066a214c2f5e87bad3c948f4d605d) (ScriptedImporter) -> (artifact id: '981713b1c042a47ee659772f74d72b57') in 0.0087666 seconds
Number of updated asset objects reloaded before import = 0Number of asset objects unloaded after import = 1

========================================================================
Received Import Request.
  Time since last request: 0.000056 seconds.
  path: Assets/Sprites/city/gorod/gorod_00111.png
  artifactKey: Guid(6e5187e9ed1734e369f8b38020e4cf89) Importer(2089858483,b0f066a214c2f5e87bad3c948f4d605d)
Start importing Assets/Sprites/city/gorod/gorod_00111.png using Guid(6e5187e9ed1734e369f8b38020e4cf89) Importer(2089858483,b0f066a214c2f5e87bad3c948f4d605d) (ScriptedImporter) -> (artifact id: '45d235bdf25e553df11f97a86868cbf4') in 0.0172331 seconds
Number of updated asset objects reloaded before import = 0Number of asset objects unloaded after import = 3

========================================================================
Received Import Request.
  Time since last request: 0.000023 seconds.
  path: Assets/Prefabs/Rooms/CafeMaterials/Material.037.mat
  artifactKey: Guid(b5bc9914b812848a9bfb49caffc28be2) Importer(2089858483,b0f066a214c2f5e87bad3c948f4d605d)
Start importing Assets/Prefabs/Rooms/CafeMaterials/Material.037.mat using Guid(b5bc9914b812848a9bfb49caffc28be2) Importer(2089858483,b0f066a214c2f5e87bad3c948f4d605d) (ScriptedImporter) -> (artifact id: '7378f609f39fd0234ad064832a2e2909') in 0.0102503 seconds
Number of updated asset objects reloaded before import = 0Number of asset objects unloaded after import = 1

========================================================================
Received Import Request.
  Time since last request: 0.000032 seconds.
  path: Assets/Scenes/Scene2.unity
  artifactKey: Guid(5ead197789fd840d08601230cfce7b72) Importer(2089858483,b0f066a214c2f5e87bad3c948f4d605d)
Start importing Assets/Scenes/Scene2.unity using Guid(5ead197789fd840d08601230cfce7b72) Importer(2089858483,b0f066a214c2f5e87bad3c948f4d605d) (ScriptedImporter) -> (artifact id: '3647cf54f8fbbac390340c555dfa6d30') in 0.0083639 seconds
Number of updated asset objects reloaded before import = 0Number of asset objects unloaded after import = 1

========================================================================
Received Import Request.
  Time since last request: 0.000016 seconds.
  path: Assets/Prefabs/Rooms/RoomsMaterials/comp_desk_remote 1.mat
  artifactKey: Guid(f98ffc4a7c893498b967a5700aeaddc0) Importer(2089858483,b0f066a214c2f5e87bad3c948f4d605d)
Start importing Assets/Prefabs/Rooms/RoomsMaterials/comp_desk_remote 1.mat using Guid(f98ffc4a7c893498b967a5700aeaddc0) Importer(2089858483,b0f066a214c2f5e87bad3c948f4d605d) (ScriptedImporter) -> (artifact id: 'a9a305b46d3852b2cf538ce3114377ac') in 0.0092317 seconds
Number of updated asset objects reloaded before import = 0Number of asset objects unloaded after import = 1

========================================================================
Received Import Request.
  Time since last request: 0.000062 seconds.
  path: Assets/Prefabs/Rooms/CafeMaterials/Material.041.mat
  artifactKey: Guid(26ca139cc88784f9cb757378c43dd2e1) Importer(2089858483,b0f066a214c2f5e87bad3c948f4d605d)
Start importing Assets/Prefabs/Rooms/CafeMaterials/Material.041.mat using Guid(26ca139cc88784f9cb757378c43dd2e1) Importer(2089858483,b0f066a214c2f5e87bad3c948f4d605d) (ScriptedImporter) -> (artifact id: '1e146d75a4057fc32a66b26b37f740c3') in 0.0088317 seconds
Number of updated asset objects reloaded before import = 0Number of asset objects unloaded after import = 1

========================================================================
Received Import Request.
  Time since last request: 0.000067 seconds.
  path: Assets/Prefabs/Rooms/CafeMaterials/7191_front_display_backlight.mat
  artifactKey: Guid(92c227aaea39d4125983356b923b6484) Importer(2089858483,b0f066a214c2f5e87bad3c948f4d605d)
Start importing Assets/Prefabs/Rooms/CafeMaterials/7191_front_display_backlight.mat using Guid(92c227aaea39d4125983356b923b6484) Importer(2089858483,b0f066a214c2f5e87bad3c948f4d605d) (ScriptedImporter) -> (artifact id: '607c7d882fd0f3aae80dd2d3e5d83847') in 0.0088132 seconds
Number of updated asset objects reloaded before import = 0Number of asset objects unloaded after import = 1

========================================================================
Received Import Request.
  Time since last request: 0.000067 seconds.
  path: Assets/Sprites/LoadScenes/scen 1/Безымянный-20135.png
  artifactKey: Guid(dc03bb805b78741cc8f0bde002b589ec) Importer(2089858483,b0f066a214c2f5e87bad3c948f4d605d)
Start importing Assets/Sprites/LoadScenes/scen 1/Безымянный-20135.png using Guid(dc03bb805b78741cc8f0bde002b589ec) Importer(2089858483,b0f066a214c2f5e87bad3c948f4d605d) (ScriptedImporter) -> (artifact id: '9ad8154a621ca3b97ec75b73756f53fb') in 0.0133033 seconds
Number of updated asset objects reloaded before import = 0Number of asset objects unloaded after import = 3

========================================================================
Received Import Request.
  Time since last request: 0.000016 seconds.
  path: Assets/Prefabs/Rooms/RoomsMaterials/Material.008.mat
  artifactKey: Guid(fdbd60333e07448fcacd6f7744d7c73c) Importer(2089858483,b0f066a214c2f5e87bad3c948f4d605d)
Start importing Assets/Prefabs/Rooms/RoomsMaterials/Material.008.mat using Guid(fdbd60333e07448fcacd6f7744d7c73c) Importer(2089858483,b0f066a214c2f5e87bad3c948f4d605d) (ScriptedImporter) -> (artifact id: '9c5fa98786d3389da8673f7ae9f3ee96') in 0.0089168 seconds
Number of updated asset objects reloaded before import = 0Number of asset objects unloaded after import = 1

========================================================================
Received Import Request.
  Time since last request: 0.000053 seconds.
  path: Assets/Sprites/city/gorod/gorod_00074.png
  artifactKey: Guid(e626774904e7c4f3390e7d3e237c8e50) Importer(2089858483,b0f066a214c2f5e87bad3c948f4d605d)
Start importing Assets/Sprites/city/gorod/gorod_00074.png using Guid(e626774904e7c4f3390e7d3e237c8e50) Importer(2089858483,b0f066a214c2f5e87bad3c948f4d605d) (ScriptedImporter) -> (artifact id: '1dfeb3f84bf86adb6882e25298187b17') in 0.0175355 seconds
Number of updated asset objects reloaded before import = 0Number of asset objects unloaded after import = 3

========================================================================
Received Import Request.
  Time since last request: 0.000014 seconds.
  path: Assets/Sprites/LoadScenes/scen 1/Безымянный-20163.png
  artifactKey: Guid(914288e746d05499987455b53ae6676d) Importer(2089858483,b0f066a214c2f5e87bad3c948f4d605d)
Start importing Assets/Sprites/LoadScenes/scen 1/Безымянный-20163.png using Guid(914288e746d05499987455b53ae6676d) Importer(2089858483,b0f066a214c2f5e87bad3c948f4d605d) (ScriptedImporter) -> (artifact id: 'eea9564fbb2b6f04d769ed347898830b') in 0.0116975 seconds
Number of updated asset objects reloaded before import = 0Number of asset objects unloaded after import = 3

========================================================================
Received Import Request.
  Time since last request: 0.000014 seconds.
  path: Assets/Prefabs/Rooms/RoomsMaterials/Material.071.mat
  artifactKey: Guid(c2b6f0c168cf14f1186fed2dad0ed57f) Importer(2089858483,b0f066a214c2f5e87bad3c948f4d605d)
Start importing Assets/Prefabs/Rooms/RoomsMaterials/Material.071.mat using Guid(c2b6f0c168cf14f1186fed2dad0ed57f) Importer(2089858483,b0f066a214c2f5e87bad3c948f4d605d) (ScriptedImporter) -> (artifact id: 'e9cecfbf8bcd66ca6d9497675ec49e6b') in 0.0087953 seconds
Number of updated asset objects reloaded before import = 0Number of asset objects unloaded after import = 1

========================================================================
Received Import Request.
  Time since last request: 0.000096 seconds.
  path: Assets/Prefabs/Rooms/RoomsMaterials/Material.052.mat
  artifactKey: Guid(06d112502f7af4973a50bf90c177cf06) Importer(2089858483,b0f066a214c2f5e87bad3c948f4d605d)
Start importing Assets/Prefabs/Rooms/RoomsMaterials/Material.052.mat using Guid(06d112502f7af4973a50bf90c177cf06) Importer(2089858483,b0f066a214c2f5e87bad3c948f4d605d) (ScriptedImporter) -> (artifact id: 'ed0ae930584c3b17e5f4f08a725d219c') in 0.0094851 seconds
Number of updated asset objects reloaded before import = 0Number of asset objects unloaded after import = 1

========================================================================
Received Import Request.
  Time since last request: 0.000062 seconds.
  path: Assets/Prefabs/Rooms/CafeMaterials/Rezina.mat
  artifactKey: Guid(6c7b3b1bf3cd94352a464f2d9d17df61) Importer(2089858483,b0f066a214c2f5e87bad3c948f4d605d)
Start importing Assets/Prefabs/Rooms/CafeMaterials/Rezina.mat using Guid(6c7b3b1bf3cd94352a464f2d9d17df61) Importer(2089858483,b0f066a214c2f5e87bad3c948f4d605d) (ScriptedImporter) -> (artifact id: '870e136be3441fef77b2bbcead1354c2') in 0.0088136 seconds
Number of updated asset objects reloaded before import = 0Number of asset objects unloaded after import = 1

========================================================================
Received Import Request.
  Time since last request: 0.000046 seconds.
  path: Assets/Prefabs/Rooms/RoomsMaterials/comp_desk_1remote 1.mat
  artifactKey: Guid(11ce475cdb5994f6b9ad57134572724f) Importer(2089858483,b0f066a214c2f5e87bad3c948f4d605d)
Start importing Assets/Prefabs/Rooms/RoomsMaterials/comp_desk_1remote 1.mat using Guid(11ce475cdb5994f6b9ad57134572724f) Importer(2089858483,b0f066a214c2f5e87bad3c948f4d605d) (ScriptedImporter) -> (artifact id: 'f5ca21d4302b5f2d3c4452179784f080') in 0.0087413 seconds
Number of updated asset objects reloaded before import = 0Number of asset objects unloaded after import = 1

========================================================================
Received Import Request.
  Time since last request: 0.000045 seconds.
  path: Assets/Prefabs/Rooms/RoomsMaterials/Material.066.mat
  artifactKey: Guid(04fb6cfcc89314db99769d3385d50cb6) Importer(2089858483,b0f066a214c2f5e87bad3c948f4d605d)
Start importing Assets/Prefabs/Rooms/RoomsMaterials/Material.066.mat using Guid(04fb6cfcc89314db99769d3385d50cb6) Importer(2089858483,b0f066a214c2f5e87bad3c948f4d605d) (ScriptedImporter) -> (artifact id: '6cf592f1da519f8c58cf2596151cc0f6') in 0.0195345 seconds
Number of updated asset objects reloaded before import = 0Number of asset objects unloaded after import = 1

========================================================================
Received Import Request.
  Time since last request: 0.000014 seconds.
  path: Assets/Sprites/city/gorod/gorod_00048.png
  artifactKey: Guid(b027d9ca34b6d4a82908d253bff8aad1) Importer(2089858483,b0f066a214c2f5e87bad3c948f4d605d)
Start importing Assets/Sprites/city/gorod/gorod_00048.png using Guid(b027d9ca34b6d4a82908d253bff8aad1) Importer(2089858483,b0f066a214c2f5e87bad3c948f4d605d) (ScriptedImporter) -> (artifact id: 'fd7759588975845c81634a17eb32ae64') in 0.017988 seconds
Number of updated asset objects reloaded before import = 0Number of asset objects unloaded after import = 3

========================================================================
Received Import Request.
  Time since last request: 0.000013 seconds.
  path: Assets/Sprites/LoadScenes/scen 1/Безымянный-20099.png
  artifactKey: Guid(cb66aafd16e3949fe854afa7a89004b8) Importer(2089858483,b0f066a214c2f5e87bad3c948f4d605d)
Start importing Assets/Sprites/LoadScenes/scen 1/Безымянный-20099.png using Guid(cb66aafd16e3949fe854afa7a89004b8) Importer(2089858483,b0f066a214c2f5e87bad3c948f4d605d) (ScriptedImporter) -> (artifact id: '224d88c73b1280c5846058e769bc481d') in 0.0125639 seconds
Number of updated asset objects reloaded before import = 0Number of asset objects unloaded after import = 3

========================================================================
Received Import Request.
  Time since last request: 0.000013 seconds.
  path: Assets/Prefabs/Rooms/RoomsMaterials/comp_desk_c 1.mat
  artifactKey: Guid(50cd1ee19178e4866a0a0cb2d54289af) Importer(2089858483,b0f066a214c2f5e87bad3c948f4d605d)
Start importing Assets/Prefabs/Rooms/RoomsMaterials/comp_desk_c 1.mat using Guid(50cd1ee19178e4866a0a0cb2d54289af) Importer(2089858483,b0f066a214c2f5e87bad3c948f4d605d) (ScriptedImporter) -> (artifact id: '7f56f74215f72a83c7d920e643f424be') in 0.0093791 seconds
Number of updated asset objects reloaded before import = 0Number of asset objects unloaded after import = 1

========================================================================
Received Import Request.
  Time since last request: 0.000031 seconds.
  path: Assets/Sprites/city/gorod/gorod_00109.png
  artifactKey: Guid(289154d4b084347e4bd20994b00dc108) Importer(2089858483,b0f066a214c2f5e87bad3c948f4d605d)
Start importing Assets/Sprites/city/gorod/gorod_00109.png using Guid(289154d4b084347e4bd20994b00dc108) Importer(2089858483,b0f066a214c2f5e87bad3c948f4d605d) (ScriptedImporter) -> (artifact id: 'f59921e1a9f42a3089bc6637a0ad975a') in 0.0184224 seconds
Number of updated asset objects reloaded before import = 0Number of asset objects unloaded after import = 3

========================================================================
Received Import Request.
  Time since last request: 0.000016 seconds.
  path: Assets/Prefabs/Rooms/RoomsMaterials/Material.077 1.mat
  artifactKey: Guid(7cb6f96e1a36f4a7f84324b0527dd8fc) Importer(2089858483,b0f066a214c2f5e87bad3c948f4d605d)
Start importing Assets/Prefabs/Rooms/RoomsMaterials/Material.077 1.mat using Guid(7cb6f96e1a36f4a7f84324b0527dd8fc) Importer(2089858483,b0f066a214c2f5e87bad3c948f4d605d) (ScriptedImporter) -> (artifact id: '151b02e2cc2a9dac0c102ae6b74eb5c0') in 0.0095596 seconds
Number of updated asset objects reloaded before import = 0Number of asset objects unloaded after import = 1

========================================================================
Received Import Request.
  Time since last request: 0.000060 seconds.
  path: Assets/Scenes/Menu.unity
  artifactKey: Guid(952baa8ec50fc4f13af7daf125b79c60) Importer(2089858483,b0f066a214c2f5e87bad3c948f4d605d)
Start importing Assets/Scenes/Menu.unity using Guid(952baa8ec50fc4f13af7daf125b79c60) Importer(2089858483,b0f066a214c2f5e87bad3c948f4d605d) (ScriptedImporter) -> (artifact id: '646c5cb27183abb23f3d209c6acc52e6') in 0.0097888 seconds
Number of updated asset objects reloaded before import = 0Number of asset objects unloaded after import = 1

========================================================================
Received Import Request.
  Time since last request: 0.000066 seconds.
  path: Assets/Sprites/LoadScenes/scen 1/Безымянный-20120.png
  artifactKey: Guid(add7e1130919844968307b18bd8fd2d2) Importer(2089858483,b0f066a214c2f5e87bad3c948f4d605d)
Start importing Assets/Sprites/LoadScenes/scen 1/Безымянный-20120.png using Guid(add7e1130919844968307b18bd8fd2d2) Importer(2089858483,b0f066a214c2f5e87bad3c948f4d605d) (ScriptedImporter) -> (artifact id: 'ff17035bc12aa2c13a9b5c4ce9978192') in 0.0138293 seconds
Number of updated asset objects reloaded before import = 0Number of asset objects unloaded after import = 3

========================================================================
Received Import Request.
  Time since last request: 0.000017 seconds.
  path: Assets/Prefabs/Rooms/CafeMaterials/Black brushed metal.mat
  artifactKey: Guid(07a247940e1414efaa5d722ae2a8b8fc) Importer(2089858483,b0f066a214c2f5e87bad3c948f4d605d)
Start importing Assets/Prefabs/Rooms/CafeMaterials/Black brushed metal.mat using Guid(07a247940e1414efaa5d722ae2a8b8fc) Importer(2089858483,b0f066a214c2f5e87bad3c948f4d605d) (ScriptedImporter) -> (artifact id: '920e6403bc54f21377f57b8c774d4730') in 0.0091232 seconds
Number of updated asset objects reloaded before import = 0Number of asset objects unloaded after import = 1

========================================================================
Received Import Request.
  Time since last request: 0.000014 seconds.
  path: Assets/Prefabs/Rooms/RoomsMaterials/Material.018 1.mat
  artifactKey: Guid(0601fbb6c9fb04076bc065c79cc57405) Importer(2089858483,b0f066a214c2f5e87bad3c948f4d605d)
Start importing Assets/Prefabs/Rooms/RoomsMaterials/Material.018 1.mat using Guid(0601fbb6c9fb04076bc065c79cc57405) Importer(2089858483,b0f066a214c2f5e87bad3c948f4d605d) (ScriptedImporter) -> (artifact id: 'b91565f16a2712ca7f1a50e1e3fcb8b4') in 0.0088957 seconds
Number of updated asset objects reloaded before import = 0Number of asset objects unloaded after import = 1

========================================================================
Received Import Request.
  Time since last request: 0.000015 seconds.
  path: Assets/Prefabs/Rooms/RoomsMaterials/M_cushions 1.mat
  artifactKey: Guid(ad22f65d5bc8c4eafb2c6ff413eb7153) Importer(2089858483,b0f066a214c2f5e87bad3c948f4d605d)
Start importing Assets/Prefabs/Rooms/RoomsMaterials/M_cushions 1.mat using Guid(ad22f65d5bc8c4eafb2c6ff413eb7153) Importer(2089858483,b0f066a214c2f5e87bad3c948f4d605d) (ScriptedImporter) -> (artifact id: '43a9f8ae73e1dc5a2350a6547d9c7eec') in 0.0090799 seconds
Number of updated asset objects reloaded before import = 0Number of asset objects unloaded after import = 1

========================================================================
Received Import Request.
  Time since last request: 0.000067 seconds.
  path: Assets/Prefabs/Rooms/RoomsMaterials/Material_72 2.mat
  artifactKey: Guid(42afb816827a1473b85ecaee9648da4d) Importer(2089858483,b0f066a214c2f5e87bad3c948f4d605d)
Start importing Assets/Prefabs/Rooms/RoomsMaterials/Material_72 2.mat using Guid(42afb816827a1473b85ecaee9648da4d) Importer(2089858483,b0f066a214c2f5e87bad3c948f4d605d) (ScriptedImporter) -> (artifact id: 'c81285f09623c7534caddce2a9a335b8') in 0.007956 seconds
Number of updated asset objects reloaded before import = 0Number of asset objects unloaded after import = 1

========================================================================
Received Import Request.
  Time since last request: 0.000020 seconds.
  path: Assets/Scripts/InfoPanel.cs
  artifactKey: Guid(0eb6a69d44a454785965a7c1bd5993be) Importer(2089858483,b0f066a214c2f5e87bad3c948f4d605d)
Start importing Assets/Scripts/InfoPanel.cs using Guid(0eb6a69d44a454785965a7c1bd5993be) Importer(2089858483,b0f066a214c2f5e87bad3c948f4d605d) (ScriptedImporter) -> (artifact id: 'e756314a57ac8b4b80ad8fb1d32598c7') in 0.0083513 seconds
Number of updated asset objects reloaded before import = 0Number of asset objects unloaded after import = 0

========================================================================
Received Import Request.
  Time since last request: 0.000131 seconds.
  path: Assets/Prefabs/Rooms/RoomsMaterials/Material.006 1.mat
  artifactKey: Guid(04b5c7d14e34f40068f6ba88016f008c) Importer(2089858483,b0f066a214c2f5e87bad3c948f4d605d)
Start importing Assets/Prefabs/Rooms/RoomsMaterials/Material.006 1.mat using Guid(04b5c7d14e34f40068f6ba88016f008c) Importer(2089858483,b0f066a214c2f5e87bad3c948f4d605d) (ScriptedImporter) -> (artifact id: 'e8ddf4e589557d2a0d8b1b39e4dc410e') in 0.0098628 seconds
Number of updated asset objects reloaded before import = 0Number of asset objects unloaded after import = 1

========================================================================
Received Import Request.
  Time since last request: 0.000081 seconds.
  path: Assets/Prefabs/Rooms/RoomsMaterials/M_light_ceiling_bulb 1.mat
  artifactKey: Guid(2154d458f118b49628d6b29adb8cd209) Importer(2089858483,b0f066a214c2f5e87bad3c948f4d605d)
Start importing Assets/Prefabs/Rooms/RoomsMaterials/M_light_ceiling_bulb 1.mat using Guid(2154d458f118b49628d6b29adb8cd209) Importer(2089858483,b0f066a214c2f5e87bad3c948f4d605d) (ScriptedImporter) -> (artifact id: '23c720f9e8c12abf745512d5c7bc6272') in 0.0086932 seconds
Number of updated asset objects reloaded before import = 0Number of asset objects unloaded after import = 1

========================================================================
Received Import Request.
  Time since last request: 0.000013 seconds.
  path: Assets/TextMesh Pro/Sprites/EmojiOne.png
  artifactKey: Guid(dffef66376be4fa480fb02b19edbe903) Importer(2089858483,b0f066a214c2f5e87bad3c948f4d605d)
Start importing Assets/TextMesh Pro/Sprites/EmojiOne.png using Guid(dffef66376be4fa480fb02b19edbe903) Importer(2089858483,b0f066a214c2f5e87bad3c948f4d605d) (ScriptedImporter) -> (artifact id: 'af9ffeb6ce3722dee150b089e70496da') in 0.0139971 seconds
Number of updated asset objects reloaded before import = 0Number of asset objects unloaded after import = 1

========================================================================
Received Import Request.
  Time since last request: 0.000080 seconds.
  path: Assets/TextMesh Pro/Resources/Fonts & Materials/LiberationSans SDF - Fallback.asset
  artifactKey: Guid(2e498d1c8094910479dc3e1b768306a4) Importer(2089858483,b0f066a214c2f5e87bad3c948f4d605d)
Start importing Assets/TextMesh Pro/Resources/Fonts & Materials/LiberationSans SDF - Fallback.asset using Guid(2e498d1c8094910479dc3e1b768306a4) Importer(2089858483,b0f066a214c2f5e87bad3c948f4d605d) (ScriptedImporter) -> (artifact id: 'd019281f6c1e1ea9b36e0d7bc54727b7') in 0.0261905 seconds
Number of updated asset objects reloaded before import = 0Number of asset objects unloaded after import = 5

========================================================================
Received Import Request.
  Time since last request: 0.000017 seconds.
  path: Assets/Sprites/city/gorod/CityAnim.anim
  artifactKey: Guid(723522a6dffb649b8a2980fbc4dc85da) Importer(2089858483,b0f066a214c2f5e87bad3c948f4d605d)
Start importing Assets/Sprites/city/gorod/CityAnim.anim using Guid(723522a6dffb649b8a2980fbc4dc85da) Importer(2089858483,b0f066a214c2f5e87bad3c948f4d605d) (ScriptedImporter) -> (artifact id: '713a5fb973b58ffd2c6731442c512d5b') in 0.0224601 seconds
Number of updated asset objects reloaded before import = 0Number of asset objects unloaded after import = 1

========================================================================
Received Import Request.
  Time since last request: 0.000117 seconds.
  path: Assets/Prefabs/Rooms/RoomsMaterials/Material.073.mat
  artifactKey: Guid(bb4b5f26630d24c40b4dc161c32601ac) Importer(2089858483,b0f066a214c2f5e87bad3c948f4d605d)
Start importing Assets/Prefabs/Rooms/RoomsMaterials/Material.073.mat using Guid(bb4b5f26630d24c40b4dc161c32601ac) Importer(2089858483,b0f066a214c2f5e87bad3c948f4d605d) (ScriptedImporter) -> (artifact id: 'd6b8b78782e46b77d4a2786fe3668053') in 0.010267 seconds
Number of updated asset objects reloaded before import = 0Number of asset objects unloaded after import = 1

========================================================================
Received Import Request.
  Time since last request: 0.000110 seconds.
  path: Assets/Prefabs/Rooms/CafeMaterials/Material.013.mat
  artifactKey: Guid(1300f042f263240c1b32aa28031d76d4) Importer(2089858483,b0f066a214c2f5e87bad3c948f4d605d)
Start importing Assets/Prefabs/Rooms/CafeMaterials/Material.013.mat using Guid(1300f042f263240c1b32aa28031d76d4) Importer(2089858483,b0f066a214c2f5e87bad3c948f4d605d) (ScriptedImporter) -> (artifact id: 'c928f41bc17d7653b6d757102b254c2b') in 0.0089266 seconds
Number of updated asset objects reloaded before import = 0Number of asset objects unloaded after import = 1

========================================================================
Received Import Request.
  Time since last request: 0.000044 seconds.
  path: Assets/Prefabs/Rooms/CafeMaterials/7191_scanner_sensor.mat
  artifactKey: Guid(bade0985f507a4a7a9e0ae118dd00f76) Importer(2089858483,b0f066a214c2f5e87bad3c948f4d605d)
Start importing Assets/Prefabs/Rooms/CafeMaterials/7191_scanner_sensor.mat using Guid(bade0985f507a4a7a9e0ae118dd00f76) Importer(2089858483,b0f066a214c2f5e87bad3c948f4d605d) (ScriptedImporter) -> (artifact id: 'f4109cda5e778dfbf4c20666d46cfcbf') in 0.0086983 seconds
Number of updated asset objects reloaded before import = 0Number of asset objects unloaded after import = 1

========================================================================
Received Import Request.
  Time since last request: 0.000062 seconds.
  path: Assets/Prefabs/Rooms/RoomsMaterials/Material_52.mat
  artifactKey: Guid(78e5fa5e747a14c5186a6a69bec58c94) Importer(2089858483,b0f066a214c2f5e87bad3c948f4d605d)
Start importing Assets/Prefabs/Rooms/RoomsMaterials/Material_52.mat using Guid(78e5fa5e747a14c5186a6a69bec58c94) Importer(2089858483,b0f066a214c2f5e87bad3c948f4d605d) (ScriptedImporter) -> (artifact id: '541f8ee5d5b6c0f68f0039c54e031b2b') in 0.0104942 seconds
Number of updated asset objects reloaded before import = 0Number of asset objects unloaded after import = 1

========================================================================
Received Import Request.
  Time since last request: 0.000015 seconds.
  path: Assets/TextMesh Pro/Shaders/TMP_Bitmap-Custom-Atlas.shader
  artifactKey: Guid(48bb5f55d8670e349b6e614913f9d910) Importer(2089858483,b0f066a214c2f5e87bad3c948f4d605d)
Start importing Assets/TextMesh Pro/Shaders/TMP_Bitmap-Custom-Atlas.shader using Guid(48bb5f55d8670e349b6e614913f9d910) Importer(2089858483,b0f066a214c2f5e87bad3c948f4d605d) (ScriptedImporter) -> (artifact id: '236324ab6388eb467772cff106affdff') in 0.0084811 seconds
Number of updated asset objects reloaded before import = 0Number of asset objects unloaded after import = 1

========================================================================
Received Import Request.
  Time since last request: 0.000084 seconds.
  path: Assets/Prefabs/Rooms/RoomsMaterials/Material.032.mat
  artifactKey: Guid(35a7031e1320e47ed87644b820324803) Importer(2089858483,b0f066a214c2f5e87bad3c948f4d605d)
Start importing Assets/Prefabs/Rooms/RoomsMaterials/Material.032.mat using Guid(35a7031e1320e47ed87644b820324803) Importer(2089858483,b0f066a214c2f5e87bad3c948f4d605d) (ScriptedImporter) -> (artifact id: '1173543fbc6867b91b62f3b8225469d8') in 0.0091792 seconds
Number of updated asset objects reloaded before import = 0Number of asset objects unloaded after import = 1

========================================================================
Received Import Request.
  Time since last request: 0.000073 seconds.
  path: Assets/Scenes/Scene4.unity
  artifactKey: Guid(e30ffc9197a2f49968ad2839b9c2e05b) Importer(2089858483,b0f066a214c2f5e87bad3c948f4d605d)
Start importing Assets/Scenes/Scene4.unity using Guid(e30ffc9197a2f49968ad2839b9c2e05b) Importer(2089858483,b0f066a214c2f5e87bad3c948f4d605d) (ScriptedImporter) -> (artifact id: '728e7a11334e2eaa0ba1123d87855b41') in 0.0082609 seconds
Number of updated asset objects reloaded before import = 0Number of asset objects unloaded after import = 1

========================================================================
Received Import Request.
  Time since last request: 0.000088 seconds.
  path: Assets/Prefabs/Rooms/RoomsMaterials/M_cushions.mat
  artifactKey: Guid(a3e20389b904f4d9a80cc63305e6247c) Importer(2089858483,b0f066a214c2f5e87bad3c948f4d605d)
Start importing Assets/Prefabs/Rooms/RoomsMaterials/M_cushions.mat using Guid(a3e20389b904f4d9a80cc63305e6247c) Importer(2089858483,b0f066a214c2f5e87bad3c948f4d605d) (ScriptedImporter) -> (artifact id: 'd67e9af13a708da3674862f0cc37317b') in 0.0094007 seconds
Number of updated asset objects reloaded before import = 0Number of asset objects unloaded after import = 1

========================================================================
Received Import Request.
  Time since last request: 0.000037 seconds.
  path: Assets/TextMesh Pro/Shaders/TMP_SDF.shader
  artifactKey: Guid(68e6db2ebdc24f95958faec2be5558d6) Importer(2089858483,b0f066a214c2f5e87bad3c948f4d605d)
Start importing Assets/TextMesh Pro/Shaders/TMP_SDF.shader using Guid(68e6db2ebdc24f95958faec2be5558d6) Importer(2089858483,b0f066a214c2f5e87bad3c948f4d605d) (ScriptedImporter) -> (artifact id: '80be6970ebe5d95ca2b5c07e1924e1e4') in 0.0081801 seconds
Number of updated asset objects reloaded before import = 0Number of asset objects unloaded after import = 1

========================================================================
Received Import Request.
  Time since last request: 0.000088 seconds.
  path: Assets/Scripts/Networks/Base/INetworkDevice.cs
  artifactKey: Guid(c885e80919da44934ba29bd1764e21ab) Importer(2089858483,b0f066a214c2f5e87bad3c948f4d605d)
Start importing Assets/Scripts/Networks/Base/INetworkDevice.cs using Guid(c885e80919da44934ba29bd1764e21ab) Importer(2089858483,b0f066a214c2f5e87bad3c948f4d605d) (ScriptedImporter) -> (artifact id: '59cfba13588c40898a089df1ddc57e8a') in 0.0078999 seconds
Number of updated asset objects reloaded before import = 0Number of asset objects unloaded after import = 0

========================================================================
Received Import Request.
  Time since last request: 0.000092 seconds.
  path: Assets/Prefabs/Rooms/RoomsMaterials/comp_desk_remote 2.mat
  artifactKey: Guid(8581d7af68df9428aadbf671f51de466) Importer(2089858483,b0f066a214c2f5e87bad3c948f4d605d)
Start importing Assets/Prefabs/Rooms/RoomsMaterials/comp_desk_remote 2.mat using Guid(8581d7af68df9428aadbf671f51de466) Importer(2089858483,b0f066a214c2f5e87bad3c948f4d605d) (ScriptedImporter) -> (artifact id: '80ab6e1f055f965d8a9986b163dbbaab') in 0.0076201 seconds
Number of updated asset objects reloaded before import = 0Number of asset objects unloaded after import = 1

========================================================================
Received Import Request.
  Time since last request: 0.000044 seconds.
  path: Assets/Prefabs/Rooms/RoomsMaterials/Material_51.mat
  artifactKey: Guid(215205e74e2d54edfb4ed79f068c4325) Importer(2089858483,b0f066a214c2f5e87bad3c948f4d605d)
Start importing Assets/Prefabs/Rooms/RoomsMaterials/Material_51.mat using Guid(215205e74e2d54edfb4ed79f068c4325) Importer(2089858483,b0f066a214c2f5e87bad3c948f4d605d) (ScriptedImporter) -> (artifact id: '53a9411835d39460688faa47accfe49a') in 0.0084331 seconds
Number of updated asset objects reloaded before import = 0Number of asset objects unloaded after import = 1

========================================================================
Received Import Request.
  Time since last request: 0.000038 seconds.
  path: Assets/Sprites/LoadScenes/scen 1/Безымянный-20030.png
  artifactKey: Guid(0b1083dae7374429fbcd10593825980d) Importer(2089858483,b0f066a214c2f5e87bad3c948f4d605d)
Start importing Assets/Sprites/LoadScenes/scen 1/Безымянный-20030.png using Guid(0b1083dae7374429fbcd10593825980d) Importer(2089858483,b0f066a214c2f5e87bad3c948f4d605d) (ScriptedImporter) -> (artifact id: '7cbf535716dbe4fe72ae66d3e06e334d') in 0.0121897 seconds
Number of updated asset objects reloaded before import = 0Number of asset objects unloaded after import = 3

========================================================================
Received Import Request.
  Time since last request: 0.000017 seconds.
  path: Assets/Prefabs/Rooms/RoomsMaterials/Material.078 2.mat
  artifactKey: Guid(b1532fc5de20a472dbeba20a5b817030) Importer(2089858483,b0f066a214c2f5e87bad3c948f4d605d)
Start importing Assets/Prefabs/Rooms/RoomsMaterials/Material.078 2.mat using Guid(b1532fc5de20a472dbeba20a5b817030) Importer(2089858483,b0f066a214c2f5e87bad3c948f4d605d) (ScriptedImporter) -> (artifact id: '9a67be6550352023a8f46de7e5bda70f') in 0.0083754 seconds
Number of updated asset objects reloaded before import = 0Number of asset objects unloaded after import = 1

========================================================================
Received Import Request.
  Time since last request: 0.000045 seconds.
  path: Assets/Sprites/city/gorod/gorod_00027.png
  artifactKey: Guid(18503620036cf44869dfe6c52f8d8986) Importer(2089858483,b0f066a214c2f5e87bad3c948f4d605d)
Start importing Assets/Sprites/city/gorod/gorod_00027.png using Guid(18503620036cf44869dfe6c52f8d8986) Importer(2089858483,b0f066a214c2f5e87bad3c948f4d605d) (ScriptedImporter) -> (artifact id: '7f4c48a3f4000ed30cfec12529f90d2b') in 0.0161183 seconds
Number of updated asset objects reloaded before import = 0Number of asset objects unloaded after import = 3

========================================================================
Received Import Request.
  Time since last request: 0.000018 seconds.
  path: Assets/Sprites/Manual/man.png
  artifactKey: Guid(445c2736488b946f5a6ce8157edcdd26) Importer(2089858483,b0f066a214c2f5e87bad3c948f4d605d)
Start importing Assets/Sprites/Manual/man.png using Guid(445c2736488b946f5a6ce8157edcdd26) Importer(2089858483,b0f066a214c2f5e87bad3c948f4d605d) (ScriptedImporter) -> (artifact id: 'c2faa4d1bf48231bc6eee30ad7cf5b6e') in 0.0130992 seconds
Number of updated asset objects reloaded before import = 0Number of asset objects unloaded after import = 3

========================================================================
Received Import Request.
  Time since last request: 0.000016 seconds.
  path: Assets/Prefabs/Rooms/RoomsMaterials/M_sofa_long.001 1.mat
  artifactKey: Guid(419acbd646f0f452391971b64fe687d5) Importer(2089858483,b0f066a214c2f5e87bad3c948f4d605d)
Start importing Assets/Prefabs/Rooms/RoomsMaterials/M_sofa_long.001 1.mat using Guid(419acbd646f0f452391971b64fe687d5) Importer(2089858483,b0f066a214c2f5e87bad3c948f4d605d) (ScriptedImporter) -> (artifact id: '15b8818d8b8275ed48c4a7f4c24dc06a') in 0.0092131 seconds
Number of updated asset objects reloaded before import = 0Number of asset objects unloaded after import = 1

========================================================================
Received Import Request.
  Time since last request: 0.000023 seconds.
  path: Assets/Prefabs/Rooms/CafeMaterials/plastic 4.001.mat
  artifactKey: Guid(7d3c13abde5b245c5931ff48728bd11d) Importer(2089858483,b0f066a214c2f5e87bad3c948f4d605d)
Start importing Assets/Prefabs/Rooms/CafeMaterials/plastic 4.001.mat using Guid(7d3c13abde5b245c5931ff48728bd11d) Importer(2089858483,b0f066a214c2f5e87bad3c948f4d605d) (ScriptedImporter) -> (artifact id: '3d5351a097f575729b0355387249c633') in 0.0092777 seconds
Number of updated asset objects reloaded before import = 0Number of asset objects unloaded after import = 1

========================================================================
Received Import Request.
  Time since last request: 0.000076 seconds.
  path: Assets/Sprites/LoadScenes/scen 1/Безымянный-20083.png
  artifactKey: Guid(31be43e985be1428694357756d066dab) Importer(2089858483,b0f066a214c2f5e87bad3c948f4d605d)
Start importing Assets/Sprites/LoadScenes/scen 1/Безымянный-20083.png using Guid(31be43e985be1428694357756d066dab) Importer(2089858483,b0f066a214c2f5e87bad3c948f4d605d) (ScriptedImporter) -> (artifact id: '8cd03533daf0fd4224ed1349e8f6ffaa') in 0.0121594 seconds
Number of updated asset objects reloaded before import = 0Number of asset objects unloaded after import = 3

========================================================================
Received Import Request.
  Time since last request: 0.000016 seconds.
  path: Assets/Sprites/city/gorod/gorod_00022.png
  artifactKey: Guid(c135c1093dc5d424dacf407c3609e82b) Importer(2089858483,b0f066a214c2f5e87bad3c948f4d605d)
Start importing Assets/Sprites/city/gorod/gorod_00022.png using Guid(c135c1093dc5d424dacf407c3609e82b) Importer(2089858483,b0f066a214c2f5e87bad3c948f4d605d) (ScriptedImporter) -> (artifact id: 'f365533b850894aa0f5e2d44adc0d8d2') in 0.018537 seconds
Number of updated asset objects reloaded before import = 0Number of asset objects unloaded after import = 3

========================================================================
Received Import Request.
  Time since last request: 0.000014 seconds.
  path: Assets/Sprites/city/gorod/gorod_00086.png
  artifactKey: Guid(f00ead7dc12f24520a86539cc2372c68) Importer(2089858483,b0f066a214c2f5e87bad3c948f4d605d)
Start importing Assets/Sprites/city/gorod/gorod_00086.png using Guid(f00ead7dc12f24520a86539cc2372c68) Importer(2089858483,b0f066a214c2f5e87bad3c948f4d605d) (ScriptedImporter) -> (artifact id: 'a292177866d749e92584fa0e9ed16e30') in 0.015357 seconds
Number of updated asset objects reloaded before import = 0Number of asset objects unloaded after import = 3

========================================================================
Received Import Request.
  Time since last request: 0.000014 seconds.
  path: Assets/TextMesh Pro/Resources/Fonts & Materials/LiberationSans SDF - Drop Shadow.mat
  artifactKey: Guid(e73a58f6e2794ae7b1b7e50b7fb811b0) Importer(2089858483,b0f066a214c2f5e87bad3c948f4d605d)
Start importing Assets/TextMesh Pro/Resources/Fonts & Materials/LiberationSans SDF - Drop Shadow.mat using Guid(e73a58f6e2794ae7b1b7e50b7fb811b0) Importer(2089858483,b0f066a214c2f5e87bad3c948f4d605d) (ScriptedImporter) -> (artifact id: 'b5e5d011e0c221475ff8c25a12f8c4cf') in 0.0178105 seconds
Number of updated asset objects reloaded before import = 0Number of asset objects unloaded after import = 2

========================================================================
Received Import Request.
  Time since last request: 0.000018 seconds.
  path: Assets/Prefabs/Rooms/RoomsMaterials/light_bulb 2.mat
  artifactKey: Guid(752e27335c1ef4774af92192dc62bfd5) Importer(2089858483,b0f066a214c2f5e87bad3c948f4d605d)
Start importing Assets/Prefabs/Rooms/RoomsMaterials/light_bulb 2.mat using Guid(752e27335c1ef4774af92192dc62bfd5) Importer(2089858483,b0f066a214c2f5e87bad3c948f4d605d) (ScriptedImporter) -> (artifact id: '40b0b0cc23b9c678ce82a5a82ea86960') in 0.0080941 seconds
Number of updated asset objects reloaded before import = 0Number of asset objects unloaded after import = 1

========================================================================
Received Import Request.
  Time since last request: 0.000047 seconds.
  path: Assets/Sprites/LoadScenes/scen 1/Безымянный-20123.png
  artifactKey: Guid(516a996401a6340c3b91531525115f40) Importer(2089858483,b0f066a214c2f5e87bad3c948f4d605d)
Start importing Assets/Sprites/LoadScenes/scen 1/Безымянный-20123.png using Guid(516a996401a6340c3b91531525115f40) Importer(2089858483,b0f066a214c2f5e87bad3c948f4d605d) (ScriptedImporter) -> (artifact id: '5915a745279786636a8cc55b57fddd0a') in 0.0132683 seconds
Number of updated asset objects reloaded before import = 0Number of asset objects unloaded after import = 3

========================================================================
Received Import Request.
  Time since last request: 0.000023 seconds.
  path: Assets/Prefabs/Rooms/RoomsMaterials/Material.079 2.mat
  artifactKey: Guid(bfdf9df7007e249d887af82bcbcc21e9) Importer(2089858483,b0f066a214c2f5e87bad3c948f4d605d)
Start importing Assets/Prefabs/Rooms/RoomsMaterials/Material.079 2.mat using Guid(bfdf9df7007e249d887af82bcbcc21e9) Importer(2089858483,b0f066a214c2f5e87bad3c948f4d605d) (ScriptedImporter) -> (artifact id: 'bfafeaf942cb6a7c12e39abb38fc06a3') in 0.0087028 seconds
Number of updated asset objects reloaded before import = 0Number of asset objects unloaded after import = 1

========================================================================
Received Import Request.
  Time since last request: 0.000058 seconds.
  path: Assets/Prefabs/Rooms/RoomsMaterials/Material.023 1.mat
  artifactKey: Guid(26d6917b820c54b5fad25cba4ead1476) Importer(2089858483,b0f066a214c2f5e87bad3c948f4d605d)
Start importing Assets/Prefabs/Rooms/RoomsMaterials/Material.023 1.mat using Guid(26d6917b820c54b5fad25cba4ead1476) Importer(2089858483,b0f066a214c2f5e87bad3c948f4d605d) (ScriptedImporter) -> (artifact id: 'b743255594799f065aab8836fe5ea17f') in 0.009546 seconds
Number of updated asset objects reloaded before import = 0Number of asset objects unloaded after import = 1

========================================================================
Received Import Request.
  Time since last request: 0.000114 seconds.
  path: Assets/Prefabs/Rooms/CafeMaterials/White Marble Texture.001.mat
  artifactKey: Guid(3535d81d69f884b7c81193d0aef32999) Importer(2089858483,b0f066a214c2f5e87bad3c948f4d605d)
Start importing Assets/Prefabs/Rooms/CafeMaterials/White Marble Texture.001.mat using Guid(3535d81d69f884b7c81193d0aef32999) Importer(2089858483,b0f066a214c2f5e87bad3c948f4d605d) (ScriptedImporter) -> (artifact id: 'caa25ad9299ec3c4b6c6c3695c2633a3') in 0.0090569 seconds
Number of updated asset objects reloaded before import = 0Number of asset objects unloaded after import = 1

========================================================================
Received Import Request.
  Time since last request: 0.000074 seconds.
  path: Assets/QuickOutline/Resources
  artifactKey: Guid(70fd40674751a8042a8b9b2e8d9f915f) Importer(2089858483,b0f066a214c2f5e87bad3c948f4d605d)
Start importing Assets/QuickOutline/Resources using Guid(70fd40674751a8042a8b9b2e8d9f915f) Importer(2089858483,b0f066a214c2f5e87bad3c948f4d605d) (ScriptedImporter) -> (artifact id: '39dc93ee3b4c8ed1529c41f973aa576d') in 0.007688 seconds
Number of updated asset objects reloaded before import = 0Number of asset objects unloaded after import = 1

========================================================================
Received Import Request.
  Time since last request: 0.000044 seconds.
  path: Assets/Prefabs/Rooms/RoomsMaterials/light.002 2.mat
  artifactKey: Guid(77be3a9985c7a48c18611483fb307036) Importer(2089858483,b0f066a214c2f5e87bad3c948f4d605d)
Start importing Assets/Prefabs/Rooms/RoomsMaterials/light.002 2.mat using Guid(77be3a9985c7a48c18611483fb307036) Importer(2089858483,b0f066a214c2f5e87bad3c948f4d605d) (ScriptedImporter) -> (artifact id: '07556627bda014b9a5e0b5eb29751d3a') in 0.0089188 seconds
Number of updated asset objects reloaded before import = 0Number of asset objects unloaded after import = 1

========================================================================
Received Import Request.
  Time since last request: 0.000069 seconds.
  path: Assets/Prefabs/Rooms/RoomsMaterials/Material.056 2.mat
  artifactKey: Guid(b58f5cf0c35ba4b0f8ff89a4970ed4bb) Importer(2089858483,b0f066a214c2f5e87bad3c948f4d605d)
Start importing Assets/Prefabs/Rooms/RoomsMaterials/Material.056 2.mat using Guid(b58f5cf0c35ba4b0f8ff89a4970ed4bb) Importer(2089858483,b0f066a214c2f5e87bad3c948f4d605d) (ScriptedImporter) -> (artifact id: 'f262c365113a4ff2b14a64bcf059ec1b') in 0.009046 seconds
Number of updated asset objects reloaded before import = 0Number of asset objects unloaded after import = 1

========================================================================
Received Import Request.
  Time since last request: 0.000057 seconds.
  path: Assets/Prefabs/Rooms/RoomsMaterials/Material.032 1.mat
  artifactKey: Guid(d6af03db0eefd451bae79476437c1e35) Importer(2089858483,b0f066a214c2f5e87bad3c948f4d605d)
Start importing Assets/Prefabs/Rooms/RoomsMaterials/Material.032 1.mat using Guid(d6af03db0eefd451bae79476437c1e35) Importer(2089858483,b0f066a214c2f5e87bad3c948f4d605d) (ScriptedImporter) -> (artifact id: '57d42b367e7ae4b16d55c9e6bd4595dc') in 0.0083615 seconds
Number of updated asset objects reloaded before import = 0Number of asset objects unloaded after import = 1

========================================================================
Received Import Request.
  Time since last request: 0.000014 seconds.
  path: Assets/Sprites/LoadScenes/scen 1/Безымянный-20091.png
  artifactKey: Guid(9a2b0c99aaaa84efe97fb97c607425fc) Importer(2089858483,b0f066a214c2f5e87bad3c948f4d605d)
Start importing Assets/Sprites/LoadScenes/scen 1/Безымянный-20091.png using Guid(9a2b0c99aaaa84efe97fb97c607425fc) Importer(2089858483,b0f066a214c2f5e87bad3c948f4d605d) (ScriptedImporter) -> (artifact id: '0ea0352dc20d0b9c13da0feba52784be') in 0.0127361 seconds
Number of updated asset objects reloaded before import = 0Number of asset objects unloaded after import = 3

========================================================================
Received Import Request.
  Time since last request: 0.000019 seconds.
  path: Assets/Prefabs/Rooms/CafeMaterials/белый.002.mat
  artifactKey: Guid(6d3fd19c2ea1c45aaafc8880b7bc0e9d) Importer(2089858483,b0f066a214c2f5e87bad3c948f4d605d)
Start importing Assets/Prefabs/Rooms/CafeMaterials/белый.002.mat using Guid(6d3fd19c2ea1c45aaafc8880b7bc0e9d) Importer(2089858483,b0f066a214c2f5e87bad3c948f4d605d) (ScriptedImporter) -> (artifact id: 'd728de9b4d0e8beef62598f38dd81b68') in 0.00863 seconds
Number of updated asset objects reloaded before import = 0Number of asset objects unloaded after import = 1

========================================================================
Received Import Request.
  Time since last request: 0.000065 seconds.
  path: Assets/Prefabs/Rooms/RoomsMaterials/Material.059.mat
  artifactKey: Guid(cd511738ca5b844b2b6475c5e4170027) Importer(2089858483,b0f066a214c2f5e87bad3c948f4d605d)
Start importing Assets/Prefabs/Rooms/RoomsMaterials/Material.059.mat using Guid(cd511738ca5b844b2b6475c5e4170027) Importer(2089858483,b0f066a214c2f5e87bad3c948f4d605d) (ScriptedImporter) -> (artifact id: 'cbfb92626775ba5c2270407541df8c1f') in 0.0088819 seconds
Number of updated asset objects reloaded before import = 0Number of asset objects unloaded after import = 1

========================================================================
Received Import Request.
  Time since last request: 0.000050 seconds.
  path: Assets/Prefabs/Rooms/RoomsMaterials/GamerStorm_logo 1.mat
  artifactKey: Guid(41e4b032950df4059b41f4466b003e8a) Importer(2089858483,b0f066a214c2f5e87bad3c948f4d605d)
Start importing Assets/Prefabs/Rooms/RoomsMaterials/GamerStorm_logo 1.mat using Guid(41e4b032950df4059b41f4466b003e8a) Importer(2089858483,b0f066a214c2f5e87bad3c948f4d605d) (ScriptedImporter) -> (artifact id: 'deae374239fa3e2712ee9866b98d2521') in 0.0095398 seconds
Number of updated asset objects reloaded before import = 0Number of asset objects unloaded after import = 1

========================================================================
Received Import Request.
  Time since last request: 0.000090 seconds.
  path: Assets/Prefabs/Rooms/RoomsMaterials/M_wall_trim 2.mat
  artifactKey: Guid(7c4c06b60009848cbaec6bc105875fb7) Importer(2089858483,b0f066a214c2f5e87bad3c948f4d605d)
Start importing Assets/Prefabs/Rooms/RoomsMaterials/M_wall_trim 2.mat using Guid(7c4c06b60009848cbaec6bc105875fb7) Importer(2089858483,b0f066a214c2f5e87bad3c948f4d605d) (ScriptedImporter) -> (artifact id: 'd1c73fdf08b8f5f775e860b13bcc6136') in 0.0090672 seconds
Number of updated asset objects reloaded before import = 0Number of asset objects unloaded after import = 1

========================================================================
Received Import Request.
  Time since last request: 0.000048 seconds.
  path: Assets/Prefabs/Rooms/CafeMaterials/Material.073.mat
  artifactKey: Guid(1a51111f6cd834fb39d1b815fac2e420) Importer(2089858483,b0f066a214c2f5e87bad3c948f4d605d)
Start importing Assets/Prefabs/Rooms/CafeMaterials/Material.073.mat using Guid(1a51111f6cd834fb39d1b815fac2e420) Importer(2089858483,b0f066a214c2f5e87bad3c948f4d605d) (ScriptedImporter) -> (artifact id: 'c8f522f091b531ef85776fdef5a552fa') in 0.009011 seconds
Number of updated asset objects reloaded before import = 0Number of asset objects unloaded after import = 1

========================================================================
Received Import Request.
  Time since last request: 0.000015 seconds.
  path: Assets/Sprites/LoadScenes/scen 1/Безымянный-20153.png
  artifactKey: Guid(4c453f8e897074cb8a94ae29d687315a) Importer(2089858483,b0f066a214c2f5e87bad3c948f4d605d)
Start importing Assets/Sprites/LoadScenes/scen 1/Безымянный-20153.png using Guid(4c453f8e897074cb8a94ae29d687315a) Importer(2089858483,b0f066a214c2f5e87bad3c948f4d605d) (ScriptedImporter) -> (artifact id: 'c23dd127aaffd879eab0d7c8f9a3ef84') in 0.0140442 seconds
Number of updated asset objects reloaded before import = 0Number of asset objects unloaded after import = 3

========================================================================
Received Import Request.
  Time since last request: 0.000013 seconds.
  path: Assets/Sprites/LoadScenes/scen 1/Безымянный-20156.png
  artifactKey: Guid(2f03d15d7d41d4747ac17e0198849d70) Importer(2089858483,b0f066a214c2f5e87bad3c948f4d605d)
Start importing Assets/Sprites/LoadScenes/scen 1/Безымянный-20156.png using Guid(2f03d15d7d41d4747ac17e0198849d70) Importer(2089858483,b0f066a214c2f5e87bad3c948f4d605d) (ScriptedImporter) -> (artifact id: '6a9456bf7bfdf253bde63646f8d07137') in 0.0115305 seconds
Number of updated asset objects reloaded before import = 0Number of asset objects unloaded after import = 3

========================================================================
Received Import Request.
  Time since last request: 0.000014 seconds.
  path: Assets/Prefabs/Rooms/RoomsMaterials/Material.059 2.mat
  artifactKey: Guid(04f6930a2f6624d88872e201e68d7fb6) Importer(2089858483,b0f066a214c2f5e87bad3c948f4d605d)
Start importing Assets/Prefabs/Rooms/RoomsMaterials/Material.059 2.mat using Guid(04f6930a2f6624d88872e201e68d7fb6) Importer(2089858483,b0f066a214c2f5e87bad3c948f4d605d) (ScriptedImporter) -> (artifact id: 'daf3b8dd7b9eebf185b525deb8363a6c') in 0.0093943 seconds
Number of updated asset objects reloaded before import = 0Number of asset objects unloaded after import = 1

========================================================================
Received Import Request.
  Time since last request: 0.000013 seconds.
  path: Assets/Prefabs/Rooms/RoomsMaterials/M_chair_001.mat
  artifactKey: Guid(dc597269905d54e28b28199ee4d3ed1d) Importer(2089858483,b0f066a214c2f5e87bad3c948f4d605d)
Start importing Assets/Prefabs/Rooms/RoomsMaterials/M_chair_001.mat using Guid(dc597269905d54e28b28199ee4d3ed1d) Importer(2089858483,b0f066a214c2f5e87bad3c948f4d605d) (ScriptedImporter) -> (artifact id: 'fd792c88b35e9287e7d41282f410a0cc') in 0.0147959 seconds
Number of updated asset objects reloaded before import = 0Number of asset objects unloaded after import = 1

========================================================================
Received Import Request.
  Time since last request: 0.000058 seconds.
  path: Assets/Sprites/LoadScenes/scen 1/Безымянный-20037.png
  artifactKey: Guid(549abb07f188f4ca69638db92da1eb20) Importer(2089858483,b0f066a214c2f5e87bad3c948f4d605d)
Start importing Assets/Sprites/LoadScenes/scen 1/Безымянный-20037.png using Guid(549abb07f188f4ca69638db92da1eb20) Importer(2089858483,b0f066a214c2f5e87bad3c948f4d605d) (ScriptedImporter) -> (artifact id: 'd4000999513453eb4c5fe1de0941b471') in 0.0122892 seconds
Number of updated asset objects reloaded before import = 0Number of asset objects unloaded after import = 3

========================================================================
Received Import Request.
  Time since last request: 0.000019 seconds.
  path: Assets/Prefabs/Rooms/RoomsMaterials/Material.042 2.mat
  artifactKey: Guid(9cf34693ae24a4aa7840bb3c9cb44c74) Importer(2089858483,b0f066a214c2f5e87bad3c948f4d605d)
Start importing Assets/Prefabs/Rooms/RoomsMaterials/Material.042 2.mat using Guid(9cf34693ae24a4aa7840bb3c9cb44c74) Importer(2089858483,b0f066a214c2f5e87bad3c948f4d605d) (ScriptedImporter) -> (artifact id: 'e616ff74203c2595684343eeeb737a0e') in 0.0099015 seconds
Number of updated asset objects reloaded before import = 0Number of asset objects unloaded after import = 1

========================================================================
Received Import Request.
  Time since last request: 0.000052 seconds.
  path: Assets/Prefabs/Rooms/CafeMaterials/Material.002.mat
  artifactKey: Guid(29ef44663e6fa4086bcfc67338d26925) Importer(2089858483,b0f066a214c2f5e87bad3c948f4d605d)
Start importing Assets/Prefabs/Rooms/CafeMaterials/Material.002.mat using Guid(29ef44663e6fa4086bcfc67338d26925) Importer(2089858483,b0f066a214c2f5e87bad3c948f4d605d) (ScriptedImporter) -> (artifact id: '5da9c266136d4c033be4fe0b9c6418dc') in 0.0091289 seconds
Number of updated asset objects reloaded before import = 0Number of asset objects unloaded after import = 1

========================================================================
Received Import Request.
  Time since last request: 0.000012 seconds.
  path: Assets/Prefabs/Rooms/CafeMaterials/Material.005.mat
  artifactKey: Guid(00eeeda17d13a4df2b577c83d3397368) Importer(2089858483,b0f066a214c2f5e87bad3c948f4d605d)
Start importing Assets/Prefabs/Rooms/CafeMaterials/Material.005.mat using Guid(00eeeda17d13a4df2b577c83d3397368) Importer(2089858483,b0f066a214c2f5e87bad3c948f4d605d) (ScriptedImporter) -> (artifact id: '35fba322daac844d162f3f521dd5c5cc') in 0.009523 seconds
Number of updated asset objects reloaded before import = 0Number of asset objects unloaded after import = 1

========================================================================
Received Import Request.
  Time since last request: 0.000015 seconds.
  path: Assets/Prefabs/Rooms/RoomsMaterials/Material.085 1.mat
  artifactKey: Guid(bce68aaf0fabc46f78af6faf8f649ed1) Importer(2089858483,b0f066a214c2f5e87bad3c948f4d605d)
Start importing Assets/Prefabs/Rooms/RoomsMaterials/Material.085 1.mat using Guid(bce68aaf0fabc46f78af6faf8f649ed1) Importer(2089858483,b0f066a214c2f5e87bad3c948f4d605d) (ScriptedImporter) -> (artifact id: '6d88c77462da68c60b2c9783cef2c4c1') in 0.009241 seconds
Number of updated asset objects reloaded before import = 0Number of asset objects unloaded after import = 1

========================================================================
Received Import Request.
  Time since last request: 0.000078 seconds.
  path: Assets/Prefabs/Rooms/CafeMaterials/Material.014.mat
  artifactKey: Guid(b37a58147c7524e64977e965e7b15db0) Importer(2089858483,b0f066a214c2f5e87bad3c948f4d605d)
Start importing Assets/Prefabs/Rooms/CafeMaterials/Material.014.mat using Guid(b37a58147c7524e64977e965e7b15db0) Importer(2089858483,b0f066a214c2f5e87bad3c948f4d605d) (ScriptedImporter) -> (artifact id: '5d23f12a2f6139dfa0b77a8c4b602ad1') in 0.0221717 seconds
Number of updated asset objects reloaded before import = 0Number of asset objects unloaded after import = 1

========================================================================
Received Import Request.
  Time since last request: 0.000048 seconds.
  path: Assets/Prefabs/Rooms/RoomsMaterials/M_door_frame 1.mat
  artifactKey: Guid(a965e517af430434eb297c01b2a1a6fa) Importer(2089858483,b0f066a214c2f5e87bad3c948f4d605d)
Start importing Assets/Prefabs/Rooms/RoomsMaterials/M_door_frame 1.mat using Guid(a965e517af430434eb297c01b2a1a6fa) Importer(2089858483,b0f066a214c2f5e87bad3c948f4d605d) (ScriptedImporter) -> (artifact id: '991ce71650f7d4dc58c0354a02156ebc') in 0.0089597 seconds
Number of updated asset objects reloaded before import = 0Number of asset objects unloaded after import = 1

========================================================================
Received Import Request.
  Time since last request: 0.000083 seconds.
  path: Assets/Sprites/city/gorod/gorod_00095.png
  artifactKey: Guid(c82cfbbf47567454b8c804346dd9442f) Importer(2089858483,b0f066a214c2f5e87bad3c948f4d605d)
Start importing Assets/Sprites/city/gorod/gorod_00095.png using Guid(c82cfbbf47567454b8c804346dd9442f) Importer(2089858483,b0f066a214c2f5e87bad3c948f4d605d) (ScriptedImporter) -> (artifact id: '8a073ae96741120d476214871bb7bc19') in 0.0179896 seconds
Number of updated asset objects reloaded before import = 0Number of asset objects unloaded after import = 3

========================================================================
Received Import Request.
  Time since last request: 0.000014 seconds.
  path: Assets/Sprites/city/gorod/gorod_00024.png
  artifactKey: Guid(55caa099091314b91a8eb23ef8423f3f) Importer(2089858483,b0f066a214c2f5e87bad3c948f4d605d)
Start importing Assets/Sprites/city/gorod/gorod_00024.png using Guid(55caa099091314b91a8eb23ef8423f3f) Importer(2089858483,b0f066a214c2f5e87bad3c948f4d605d) (ScriptedImporter) -> (artifact id: 'd2195c59fcf514c4917ee1fefe07e44b') in 0.0169236 seconds
Number of updated asset objects reloaded before import = 0Number of asset objects unloaded after import = 3

========================================================================
Received Import Request.
  Time since last request: 0.000013 seconds.
  path: Assets/Sprites/city
  artifactKey: Guid(dafbb2e4a0aab41c3a20b60a0dec5df1) Importer(2089858483,b0f066a214c2f5e87bad3c948f4d605d)
Start importing Assets/Sprites/city using Guid(dafbb2e4a0aab41c3a20b60a0dec5df1) Importer(2089858483,b0f066a214c2f5e87bad3c948f4d605d) (ScriptedImporter) -> (artifact id: '444d6e44da8e604e070adef43ca83d7d') in 0.0080071 seconds
Number of updated asset objects reloaded before import = 0Number of asset objects unloaded after import = 1

========================================================================
Received Import Request.
  Time since last request: 0.000086 seconds.
  path: Assets/Sprites/LoadScenes/scen 1/Безымянный-20088.png
  artifactKey: Guid(568103470b14c488a85f3a50805d016e) Importer(2089858483,b0f066a214c2f5e87bad3c948f4d605d)
Start importing Assets/Sprites/LoadScenes/scen 1/Безымянный-20088.png using Guid(568103470b14c488a85f3a50805d016e) Importer(2089858483,b0f066a214c2f5e87bad3c948f4d605d) (ScriptedImporter) -> (artifact id: 'de55e31e8939a51ce89af6be135cec48') in 0.0132536 seconds
Number of updated asset objects reloaded before import = 0Number of asset objects unloaded after import = 3

========================================================================
Received Import Request.
  Time since last request: 0.000058 seconds.
  path: Assets/Prefabs/Rooms/CafeMaterials/Black & White Floor (Procedural).001.mat
  artifactKey: Guid(eea33d494b8934331844080d88073235) Importer(2089858483,b0f066a214c2f5e87bad3c948f4d605d)
Start importing Assets/Prefabs/Rooms/CafeMaterials/Black & White Floor (Procedural).001.mat using Guid(eea33d494b8934331844080d88073235) Importer(2089858483,b0f066a214c2f5e87bad3c948f4d605d) (ScriptedImporter) -> (artifact id: '7fed80677a6fecff2a3cfc2fc4e60810') in 0.0092566 seconds
Number of updated asset objects reloaded before import = 0Number of asset objects unloaded after import = 1

========================================================================
Received Import Request.
  Time since last request: 0.000064 seconds.
  path: Assets/Prefabs/Rooms/RoomsMaterials/M_pot_flower.mat
  artifactKey: Guid(fd75b1568ffc5432e82023908b6eec7d) Importer(2089858483,b0f066a214c2f5e87bad3c948f4d605d)
Start importing Assets/Prefabs/Rooms/RoomsMaterials/M_pot_flower.mat using Guid(fd75b1568ffc5432e82023908b6eec7d) Importer(2089858483,b0f066a214c2f5e87bad3c948f4d605d) (ScriptedImporter) -> (artifact id: '9af5fa37d39cbdf487fa6dfe93845370') in 0.0097442 seconds
Number of updated asset objects reloaded before import = 0Number of asset objects unloaded after import = 1

========================================================================
Received Import Request.
  Time since last request: 0.000061 seconds.
  path: Assets/Sprites/LoadScenes/scen 1/Безымянный-20073.png
  artifactKey: Guid(c4a615bc4c8cd4d8c9da0fb4b99cf33d) Importer(2089858483,b0f066a214c2f5e87bad3c948f4d605d)
Start importing Assets/Sprites/LoadScenes/scen 1/Безымянный-20073.png using Guid(c4a615bc4c8cd4d8c9da0fb4b99cf33d) Importer(2089858483,b0f066a214c2f5e87bad3c948f4d605d) (ScriptedImporter) -> (artifact id: '010b8eb44b948bed313d9c65e51dca2a') in 0.0127854 seconds
Number of updated asset objects reloaded before import = 0Number of asset objects unloaded after import = 3

========================================================================
Received Import Request.
  Time since last request: 0.000021 seconds.
  path: Assets/Prefabs/Rooms/CafeMaterials/Material.056.mat
  artifactKey: Guid(700f681b957d749f792a4e1a45c6c66b) Importer(2089858483,b0f066a214c2f5e87bad3c948f4d605d)
Start importing Assets/Prefabs/Rooms/CafeMaterials/Material.056.mat using Guid(700f681b957d749f792a4e1a45c6c66b) Importer(2089858483,b0f066a214c2f5e87bad3c948f4d605d) (ScriptedImporter) -> (artifact id: '2ffff8067ee2a327df301de70a9cdc5d') in 0.0101091 seconds
Number of updated asset objects reloaded before import = 0Number of asset objects unloaded after import = 1

========================================================================
Received Import Request.
  Time since last request: 0.000038 seconds.
  path: Assets/Sprites/Manual
  artifactKey: Guid(c1241fa91a0984269b709f7f2dbc8546) Importer(2089858483,b0f066a214c2f5e87bad3c948f4d605d)
Start importing Assets/Sprites/Manual using Guid(c1241fa91a0984269b709f7f2dbc8546) Importer(2089858483,b0f066a214c2f5e87bad3c948f4d605d) (ScriptedImporter) -> (artifact id: 'cdd166d0a9f9ba758dcf8d6ade236f2a') in 0.0075069 seconds
Number of updated asset objects reloaded before import = 0Number of asset objects unloaded after import = 1

========================================================================
Received Import Request.
  Time since last request: 0.000053 seconds.
  path: Assets/Prefabs/Rooms/CafeMaterials/Special Copper Satin.002.mat
  artifactKey: Guid(adba3cbf2cda949489c239e1a89abaad) Importer(2089858483,b0f066a214c2f5e87bad3c948f4d605d)
Start importing Assets/Prefabs/Rooms/CafeMaterials/Special Copper Satin.002.mat using Guid(adba3cbf2cda949489c239e1a89abaad) Importer(2089858483,b0f066a214c2f5e87bad3c948f4d605d) (ScriptedImporter) -> (artifact id: '5e0aa25087eaff8f8eb36c714a387894') in 0.00939 seconds
Number of updated asset objects reloaded before import = 0Number of asset objects unloaded after import = 1

========================================================================
Received Import Request.
  Time since last request: 0.000076 seconds.
  path: Assets/Sprites/LoadScenes/scen 1/Безымянный-20046.png
  artifactKey: Guid(a3b7ca57a5eef46d7b1659a69a2f9fc7) Importer(2089858483,b0f066a214c2f5e87bad3c948f4d605d)
Start importing Assets/Sprites/LoadScenes/scen 1/Безымянный-20046.png using Guid(a3b7ca57a5eef46d7b1659a69a2f9fc7) Importer(2089858483,b0f066a214c2f5e87bad3c948f4d605d) (ScriptedImporter) -> (artifact id: 'a90f6d47e87f92f927ca7fad08457bd0') in 0.0126235 seconds
Number of updated asset objects reloaded before import = 0Number of asset objects unloaded after import = 3

========================================================================
Received Import Request.
  Time since last request: 0.000014 seconds.
  path: Assets/TextMesh Pro/Shaders/TMPro_Properties.cginc
  artifactKey: Guid(3997e2241185407d80309a82f9148466) Importer(2089858483,b0f066a214c2f5e87bad3c948f4d605d)
Start importing Assets/TextMesh Pro/Shaders/TMPro_Properties.cginc using Guid(3997e2241185407d80309a82f9148466) Importer(2089858483,b0f066a214c2f5e87bad3c948f4d605d) (ScriptedImporter) -> (artifact id: '6021322c6ddcd056137a2433ac35c142') in 0.013125 seconds
Number of updated asset objects reloaded before import = 0Number of asset objects unloaded after import = 1

========================================================================
Received Import Request.
  Time since last request: 0.000102 seconds.
  path: Assets/Prefabs/Rooms/OfficeMaterials/Light_Case.mat
  artifactKey: Guid(6b1e2493de311481098e2f0d64b08890) Importer(2089858483,b0f066a214c2f5e87bad3c948f4d605d)
Start importing Assets/Prefabs/Rooms/OfficeMaterials/Light_Case.mat using Guid(6b1e2493de311481098e2f0d64b08890) Importer(2089858483,b0f066a214c2f5e87bad3c948f4d605d) (ScriptedImporter) -> (artifact id: '89db376e934e38c096f522940fe47242') in 0.0094817 seconds
Number of updated asset objects reloaded before import = 0Number of asset objects unloaded after import = 1

========================================================================
Received Import Request.
  Time since last request: 0.000102 seconds.
  path: Assets/Prefabs/Rooms/CafeMaterials/plastic .003.mat
  artifactKey: Guid(d5e6e2bd417c84028be4da9852b577cf) Importer(2089858483,b0f066a214c2f5e87bad3c948f4d605d)
Start importing Assets/Prefabs/Rooms/CafeMaterials/plastic .003.mat using Guid(d5e6e2bd417c84028be4da9852b577cf) Importer(2089858483,b0f066a214c2f5e87bad3c948f4d605d) (ScriptedImporter) -> (artifact id: '8258019bd49b90f103b6635465364f6d') in 0.0091832 seconds
Number of updated asset objects reloaded before import = 0Number of asset objects unloaded after import = 1

========================================================================
Received Import Request.
  Time since last request: 0.000051 seconds.
  path: Assets/Sprites/LoadScenes/scen 1/Безымянный-20151.png
  artifactKey: Guid(e850a06163c7443c6aad5b1ed8b38f08) Importer(2089858483,b0f066a214c2f5e87bad3c948f4d605d)
Start importing Assets/Sprites/LoadScenes/scen 1/Безымянный-20151.png using Guid(e850a06163c7443c6aad5b1ed8b38f08) Importer(2089858483,b0f066a214c2f5e87bad3c948f4d605d) (ScriptedImporter) -> (artifact id: 'b79942b495855326a097955c3bb4e3b7') in 0.0122519 seconds
Number of updated asset objects reloaded before import = 0Number of asset objects unloaded after import = 3

========================================================================
Received Import Request.
  Time since last request: 0.000021 seconds.
  path: Assets/Prefabs/Rooms/CafeMaterials/GreyLeather.mat
  artifactKey: Guid(48fa7971c06a84135a02da0d1ade9391) Importer(2089858483,b0f066a214c2f5e87bad3c948f4d605d)
Start importing Assets/Prefabs/Rooms/CafeMaterials/GreyLeather.mat using Guid(48fa7971c06a84135a02da0d1ade9391) Importer(2089858483,b0f066a214c2f5e87bad3c948f4d605d) (ScriptedImporter) -> (artifact id: '7201951712033d01f67e256a13dd2837') in 0.0085808 seconds
Number of updated asset objects reloaded before import = 0Number of asset objects unloaded after import = 1

========================================================================
Received Import Request.
  Time since last request: 0.000047 seconds.
  path: Assets/Sprites/LoadScenes/scen 1/Безымянный-20100.png
  artifactKey: Guid(c5113c62f4070491ca33efb5bcc8f3a0) Importer(2089858483,b0f066a214c2f5e87bad3c948f4d605d)
Start importing Assets/Sprites/LoadScenes/scen 1/Безымянный-20100.png using Guid(c5113c62f4070491ca33efb5bcc8f3a0) Importer(2089858483,b0f066a214c2f5e87bad3c948f4d605d) (ScriptedImporter) -> (artifact id: 'b349e4251d47dbdc93de001464dc2c41') in 0.0224128 seconds
Number of updated asset objects reloaded before import = 0Number of asset objects unloaded after import = 3

========================================================================
Received Import Request.
  Time since last request: 0.000018 seconds.
  path: Assets/Prefabs/Rooms/RoomsMaterials/Material.083 2.mat
  artifactKey: Guid(321f079ec7e1c4a989e6947bc8865492) Importer(2089858483,b0f066a214c2f5e87bad3c948f4d605d)
Start importing Assets/Prefabs/Rooms/RoomsMaterials/Material.083 2.mat using Guid(321f079ec7e1c4a989e6947bc8865492) Importer(2089858483,b0f066a214c2f5e87bad3c948f4d605d) (ScriptedImporter) -> (artifact id: '4b71416a950183b201546b5410230b60') in 0.0097684 seconds
Number of updated asset objects reloaded before import = 0Number of asset objects unloaded after import = 1

========================================================================
Received Import Request.
  Time since last request: 0.000066 seconds.
  path: Assets/Sprites/LoadScenes/scen 1/Безымянный-20080.png
  artifactKey: Guid(0b4f41a43200844449d18910ce2d7868) Importer(2089858483,b0f066a214c2f5e87bad3c948f4d605d)
Start importing Assets/Sprites/LoadScenes/scen 1/Безымянный-20080.png using Guid(0b4f41a43200844449d18910ce2d7868) Importer(2089858483,b0f066a214c2f5e87bad3c948f4d605d) (ScriptedImporter) -> (artifact id: '0a9aeb47a02f32896e6a07f6c66707e0') in 0.0136682 seconds
Number of updated asset objects reloaded before import = 0Number of asset objects unloaded after import = 3

========================================================================
Received Import Request.
  Time since last request: 0.000019 seconds.
  path: Assets/Prefabs/Rooms/CafeMaterials/7191_plastic_black.mat
  artifactKey: Guid(76920f86b58d2401d9326eeeb54d692b) Importer(2089858483,b0f066a214c2f5e87bad3c948f4d605d)
Start importing Assets/Prefabs/Rooms/CafeMaterials/7191_plastic_black.mat using Guid(76920f86b58d2401d9326eeeb54d692b) Importer(2089858483,b0f066a214c2f5e87bad3c948f4d605d) (ScriptedImporter) -> (artifact id: '4b5fd9a6378cf2da5f19e2710679fa83') in 0.0106564 seconds
Number of updated asset objects reloaded before import = 0Number of asset objects unloaded after import = 1

========================================================================
Received Import Request.
  Time since last request: 0.000069 seconds.
  path: Assets/Prefabs/Rooms/RoomsMaterials/Material.081 1.mat
  artifactKey: Guid(85a576e5388cd49a2b629f3bd6cab04c) Importer(2089858483,b0f066a214c2f5e87bad3c948f4d605d)
Start importing Assets/Prefabs/Rooms/RoomsMaterials/Material.081 1.mat using Guid(85a576e5388cd49a2b629f3bd6cab04c) Importer(2089858483,b0f066a214c2f5e87bad3c948f4d605d) (ScriptedImporter) -> (artifact id: '7876573c055ba48cbb13cf64df9a803a') in 0.0094785 seconds
Number of updated asset objects reloaded before import = 0Number of asset objects unloaded after import = 1

========================================================================
Received Import Request.
  Time since last request: 0.000086 seconds.
  path: Assets/Prefabs/Rooms/CafeMaterials/7191_pos_display_backlight.mat
  artifactKey: Guid(3d7bfb348f2aa49e58d63b9ac094bc00) Importer(2089858483,b0f066a214c2f5e87bad3c948f4d605d)
Start importing Assets/Prefabs/Rooms/CafeMaterials/7191_pos_display_backlight.mat using Guid(3d7bfb348f2aa49e58d63b9ac094bc00) Importer(2089858483,b0f066a214c2f5e87bad3c948f4d605d) (ScriptedImporter) -> (artifact id: 'a73e721ec01bb272a4eb0d494560ec17') in 0.0103803 seconds
Number of updated asset objects reloaded before import = 0Number of asset objects unloaded after import = 1

========================================================================
Received Import Request.
  Time since last request: 0.000035 seconds.
  path: Assets/Prefabs/Rooms/RoomsMaterials/Material.028.mat
  artifactKey: Guid(6a71c89052ba84e02927aca53b2f09bd) Importer(2089858483,b0f066a214c2f5e87bad3c948f4d605d)
Start importing Assets/Prefabs/Rooms/RoomsMaterials/Material.028.mat using Guid(6a71c89052ba84e02927aca53b2f09bd) Importer(2089858483,b0f066a214c2f5e87bad3c948f4d605d) (ScriptedImporter) -> (artifact id: '56da34cd52d9ef12d53fc4e097b98752') in 0.0088984 seconds
Number of updated asset objects reloaded before import = 0Number of asset objects unloaded after import = 1

========================================================================
Received Import Request.
  Time since last request: 0.000056 seconds.
  path: Assets/Prefabs/Rooms/RoomsMaterials/Material.005.mat
  artifactKey: Guid(13eca23bccc394c01acc0c0455ca8224) Importer(2089858483,b0f066a214c2f5e87bad3c948f4d605d)
Start importing Assets/Prefabs/Rooms/RoomsMaterials/Material.005.mat using Guid(13eca23bccc394c01acc0c0455ca8224) Importer(2089858483,b0f066a214c2f5e87bad3c948f4d605d) (ScriptedImporter) -> (artifact id: 'f009eb01ea5ea5fb6a97b61ef89efa64') in 0.0096449 seconds
Number of updated asset objects reloaded before import = 0Number of asset objects unloaded after import = 1

========================================================================
Received Import Request.
  Time since last request: 0.000079 seconds.
  path: Assets/Sprites/city/gorod/gorod_00092.png
  artifactKey: Guid(5830af256768c46fd817b10e59b8474a) Importer(2089858483,b0f066a214c2f5e87bad3c948f4d605d)
Start importing Assets/Sprites/city/gorod/gorod_00092.png using Guid(5830af256768c46fd817b10e59b8474a) Importer(2089858483,b0f066a214c2f5e87bad3c948f4d605d) (ScriptedImporter) -> (artifact id: '849124c67ac31a427c29304b95dadb4b') in 0.0180108 seconds
Number of updated asset objects reloaded before import = 0Number of asset objects unloaded after import = 3

========================================================================
Received Import Request.
  Time since last request: 0.000016 seconds.
  path: Assets/Prefabs/Rooms/CafeMaterials/plastic 2.003.mat
  artifactKey: Guid(e7c8d9bef2684435d95477a13883e218) Importer(2089858483,b0f066a214c2f5e87bad3c948f4d605d)
Start importing Assets/Prefabs/Rooms/CafeMaterials/plastic 2.003.mat using Guid(e7c8d9bef2684435d95477a13883e218) Importer(2089858483,b0f066a214c2f5e87bad3c948f4d605d) (ScriptedImporter) -> (artifact id: 'db6935928f13ea71b94040da8690d581') in 0.0092907 seconds
Number of updated asset objects reloaded before import = 0Number of asset objects unloaded after import = 1

========================================================================
Received Import Request.
  Time since last request: 0.000014 seconds.
  path: Assets/Scripts/Networks/Protocols/TCP.cs
  artifactKey: Guid(aa88cd6d190d6431ca0f1d282494d652) Importer(2089858483,b0f066a214c2f5e87bad3c948f4d605d)
Start importing Assets/Scripts/Networks/Protocols/TCP.cs using Guid(aa88cd6d190d6431ca0f1d282494d652) Importer(2089858483,b0f066a214c2f5e87bad3c948f4d605d) (ScriptedImporter) -> (artifact id: 'e64e164c03a5ef92800337d246b52164') in 0.0085045 seconds
Number of updated asset objects reloaded before import = 0Number of asset objects unloaded after import = 0

========================================================================
Received Import Request.
  Time since last request: 0.000068 seconds.
  path: Assets/Prefabs/Rooms/RoomsMaterials/M_door.mat
  artifactKey: Guid(5e26ccdf139904026ac0ce3566cf326f) Importer(2089858483,b0f066a214c2f5e87bad3c948f4d605d)
Start importing Assets/Prefabs/Rooms/RoomsMaterials/M_door.mat using Guid(5e26ccdf139904026ac0ce3566cf326f) Importer(2089858483,b0f066a214c2f5e87bad3c948f4d605d) (ScriptedImporter) -> (artifact id: 'fbd2073c4ae71be92518cf071269ddee') in 0.008978 seconds
Number of updated asset objects reloaded before import = 0Number of asset objects unloaded after import = 1

========================================================================
Received Import Request.
  Time since last request: 0.000059 seconds.
  path: Assets/Sprites/LoadScenes/scen 1/Безымянный-20115.png
  artifactKey: Guid(c4eb6ae308b114df6a237e8a8f94df38) Importer(2089858483,b0f066a214c2f5e87bad3c948f4d605d)
Start importing Assets/Sprites/LoadScenes/scen 1/Безымянный-20115.png using Guid(c4eb6ae308b114df6a237e8a8f94df38) Importer(2089858483,b0f066a214c2f5e87bad3c948f4d605d) (ScriptedImporter) -> (artifact id: '7ebb40f7014b71ecfafd9e660c4284de') in 0.0192403 seconds
Number of updated asset objects reloaded before import = 0Number of asset objects unloaded after import = 3

========================================================================
Received Import Request.
  Time since last request: 0.000025 seconds.
  path: Assets/Scripts/Networks/Protocols/NAT.cs
  artifactKey: Guid(42745708a6edb4b94abcbe7eca3c0ba3) Importer(2089858483,b0f066a214c2f5e87bad3c948f4d605d)
Start importing Assets/Scripts/Networks/Protocols/NAT.cs using Guid(42745708a6edb4b94abcbe7eca3c0ba3) Importer(2089858483,b0f066a214c2f5e87bad3c948f4d605d) (ScriptedImporter) -> (artifact id: '4a6aec088a3415f95877f59cfd812fd8') in 0.0082224 seconds
Number of updated asset objects reloaded before import = 0Number of asset objects unloaded after import = 0

========================================================================
Received Import Request.
  Time since last request: 0.000087 seconds.
  path: Assets/Prefabs/City
  artifactKey: Guid(80bf9b463f67c494bae8f313f97f74ef) Importer(2089858483,b0f066a214c2f5e87bad3c948f4d605d)
Start importing Assets/Prefabs/City using Guid(80bf9b463f67c494bae8f313f97f74ef) Importer(2089858483,b0f066a214c2f5e87bad3c948f4d605d) (ScriptedImporter) -> (artifact id: 'aae15517f15e838fec3083ad27fee182') in 0.0079646 seconds
Number of updated asset objects reloaded before import = 0Number of asset objects unloaded after import = 1

========================================================================
Received Import Request.
  Time since last request: 0.000042 seconds.
  path: Assets/Prefabs/Rooms/RoomsMaterials/Material.052 2.mat
  artifactKey: Guid(9291e1187d6134db4b70f6b53b59315a) Importer(2089858483,b0f066a214c2f5e87bad3c948f4d605d)
Start importing Assets/Prefabs/Rooms/RoomsMaterials/Material.052 2.mat using Guid(9291e1187d6134db4b70f6b53b59315a) Importer(2089858483,b0f066a214c2f5e87bad3c948f4d605d) (ScriptedImporter) -> (artifact id: 'a199757377fb61ccb0b6db419c1422a6') in 0.0100145 seconds
Number of updated asset objects reloaded before import = 0Number of asset objects unloaded after import = 1

========================================================================
Received Import Request.
  Time since last request: 0.000085 seconds.
  path: Assets/Sprites/city/gorod/gorod_00140.png
  artifactKey: Guid(d991ec52c1e994477aa1f72bb8776352) Importer(2089858483,b0f066a214c2f5e87bad3c948f4d605d)
Start importing Assets/Sprites/city/gorod/gorod_00140.png using Guid(d991ec52c1e994477aa1f72bb8776352) Importer(2089858483,b0f066a214c2f5e87bad3c948f4d605d) (ScriptedImporter) -> (artifact id: '65e2cb611681b088441c8651434dbe54') in 0.0181333 seconds
Number of updated asset objects reloaded before import = 0Number of asset objects unloaded after import = 3

========================================================================
Received Import Request.
  Time since last request: 0.000017 seconds.
  path: Assets/Sprites/LoadScenes/scen 1/Безымянный-20023.png
  artifactKey: Guid(169110c75213b47e7afbab6001cc19f9) Importer(2089858483,b0f066a214c2f5e87bad3c948f4d605d)
Start importing Assets/Sprites/LoadScenes/scen 1/Безымянный-20023.png using Guid(169110c75213b47e7afbab6001cc19f9) Importer(2089858483,b0f066a214c2f5e87bad3c948f4d605d) (ScriptedImporter) -> (artifact id: '46488b4f879b012e4abdcfd0a9875c36') in 0.0118267 seconds
Number of updated asset objects reloaded before import = 0Number of asset objects unloaded after import = 3

========================================================================
Received Import Request.
  Time since last request: 0.000014 seconds.
  path: Assets/Prefabs/Rooms/CafeMaterials/Material.039.mat
  artifactKey: Guid(809991a37ee954634b4bbbc28ef76736) Importer(2089858483,b0f066a214c2f5e87bad3c948f4d605d)
Start importing Assets/Prefabs/Rooms/CafeMaterials/Material.039.mat using Guid(809991a37ee954634b4bbbc28ef76736) Importer(2089858483,b0f066a214c2f5e87bad3c948f4d605d) (ScriptedImporter) -> (artifact id: 'b4f9914c31794f42124f7b28f7f6b94b') in 0.0085749 seconds
Number of updated asset objects reloaded before import = 0Number of asset objects unloaded after import = 1

========================================================================
Received Import Request.
  Time since last request: 0.000051 seconds.
  path: Assets/TextMesh Pro/Shaders/TMPro_Surface.cginc
  artifactKey: Guid(d930090c0cd643c7b55f19a38538c162) Importer(2089858483,b0f066a214c2f5e87bad3c948f4d605d)
Start importing Assets/TextMesh Pro/Shaders/TMPro_Surface.cginc using Guid(d930090c0cd643c7b55f19a38538c162) Importer(2089858483,b0f066a214c2f5e87bad3c948f4d605d) (ScriptedImporter) -> (artifact id: 'c12846f34bfb0f1bd7d900fde4616ad2') in 0.0119294 seconds
Number of updated asset objects reloaded before import = 0Number of asset objects unloaded after import = 1

========================================================================
Received Import Request.
  Time since last request: 0.000040 seconds.
  path: Assets/Prefabs/Network/Icons/free-icon-laptop-3470491.png
  artifactKey: Guid(2e0e865ca97ed419f853a0038a3bc001) Importer(2089858483,b0f066a214c2f5e87bad3c948f4d605d)
Start importing Assets/Prefabs/Network/Icons/free-icon-laptop-3470491.png using Guid(2e0e865ca97ed419f853a0038a3bc001) Importer(2089858483,b0f066a214c2f5e87bad3c948f4d605d) (ScriptedImporter) -> (artifact id: 'ae715838f078ab3850ac4a41a65a2930') in 0.0119303 seconds
Number of updated asset objects reloaded before import = 0Number of asset objects unloaded after import = 3

========================================================================
Received Import Request.
  Time since last request: 0.000017 seconds.
  path: Assets/Scripts/Camera
  artifactKey: Guid(d933e62a3721e4fdbb76f850b4781770) Importer(2089858483,b0f066a214c2f5e87bad3c948f4d605d)
Start importing Assets/Scripts/Camera using Guid(d933e62a3721e4fdbb76f850b4781770) Importer(2089858483,b0f066a214c2f5e87bad3c948f4d605d) (ScriptedImporter) -> (artifact id: 'd510332131a8f580103f8c0f0cbbb4a7') in 0.0088056 seconds
Number of updated asset objects reloaded before import = 0Number of asset objects unloaded after import = 1

========================================================================
Received Import Request.
  Time since last request: 0.000049 seconds.
  path: Assets/Sprites/LoadScenes/scen 1/Безымянный-20144.png
  artifactKey: Guid(b530a563db014404d8307e6f61d56d52) Importer(2089858483,b0f066a214c2f5e87bad3c948f4d605d)
Start importing Assets/Sprites/LoadScenes/scen 1/Безымянный-20144.png using Guid(b530a563db014404d8307e6f61d56d52) Importer(2089858483,b0f066a214c2f5e87bad3c948f4d605d) (ScriptedImporter) -> (artifact id: '5693581c6c2105f032b37afb0f966dd1') in 0.0119969 seconds
Number of updated asset objects reloaded before import = 0Number of asset objects unloaded after import = 3

========================================================================
Received Import Request.
  Time since last request: 0.000017 seconds.
  path: Assets/Prefabs/Rooms/RoomsMaterials/Material.092 1.mat
  artifactKey: Guid(67965f4c3bc684c1c915d2962b27cdf6) Importer(2089858483,b0f066a214c2f5e87bad3c948f4d605d)
Start importing Assets/Prefabs/Rooms/RoomsMaterials/Material.092 1.mat using Guid(67965f4c3bc684c1c915d2962b27cdf6) Importer(2089858483,b0f066a214c2f5e87bad3c948f4d605d) (ScriptedImporter) -> (artifact id: 'c7d8a321f85a734c0cb8b9177fb5a719') in 0.0091841 seconds
Number of updated asset objects reloaded before import = 0Number of asset objects unloaded after import = 1

========================================================================
Received Import Request.
  Time since last request: 0.000053 seconds.
  path: Assets/Sprites/LoadScenes/scen 1/Безымянный-20145.png
  artifactKey: Guid(3871e330b196a435fae68a34b13b83b2) Importer(2089858483,b0f066a214c2f5e87bad3c948f4d605d)
Start importing Assets/Sprites/LoadScenes/scen 1/Безымянный-20145.png using Guid(3871e330b196a435fae68a34b13b83b2) Importer(2089858483,b0f066a214c2f5e87bad3c948f4d605d) (ScriptedImporter) -> (artifact id: '231029d96a3a8c377c0a6060272a6f4a') in 0.0123167 seconds
Number of updated asset objects reloaded before import = 0Number of asset objects unloaded after import = 3

========================================================================
Received Import Request.
  Time since last request: 0.000017 seconds.
  path: Assets/Prefabs/Rooms/CafeMaterials/Material #4623.mat
  artifactKey: Guid(4da157c75ba1a4ba6bf564f541107350) Importer(2089858483,b0f066a214c2f5e87bad3c948f4d605d)
Start importing Assets/Prefabs/Rooms/CafeMaterials/Material #4623.mat using Guid(4da157c75ba1a4ba6bf564f541107350) Importer(2089858483,b0f066a214c2f5e87bad3c948f4d605d) (ScriptedImporter) -> (artifact id: '404217e0b9a15d1ca701b541a57ab83c') in 0.0090629 seconds
Number of updated asset objects reloaded before import = 0Number of asset objects unloaded after import = 1

========================================================================
Received Import Request.
  Time since last request: 0.000039 seconds.
  path: Assets/TextMesh Pro/Sprites
  artifactKey: Guid(d0603b6d5186471b96c778c3949c7ce2) Importer(2089858483,b0f066a214c2f5e87bad3c948f4d605d)
Start importing Assets/TextMesh Pro/Sprites using Guid(d0603b6d5186471b96c778c3949c7ce2) Importer(2089858483,b0f066a214c2f5e87bad3c948f4d605d) (ScriptedImporter) -> (artifact id: '1c59c01715474d1c79336a43073d0e85') in 0.0077746 seconds
Number of updated asset objects reloaded before import = 0Number of asset objects unloaded after import = 1

========================================================================
Received Import Request.
  Time since last request: 0.000048 seconds.
  path: Assets/Scripts/Networks/Protocols/OSPF.cs
  artifactKey: Guid(2398c9329bfc64453b5f842e3291d871) Importer(2089858483,b0f066a214c2f5e87bad3c948f4d605d)
Start importing Assets/Scripts/Networks/Protocols/OSPF.cs using Guid(2398c9329bfc64453b5f842e3291d871) Importer(2089858483,b0f066a214c2f5e87bad3c948f4d605d) (ScriptedImporter) -> (artifact id: 'a5e36db0e1b15a9bea895bf7877f471a') in 0.0079528 seconds
Number of updated asset objects reloaded before import = 0Number of asset objects unloaded after import = 0

========================================================================
Received Import Request.
  Time since last request: 0.000080 seconds.
  path: Assets/Prefabs/Rooms/CafeMaterials/Material #155.001.mat
  artifactKey: Guid(1e1e6db0c5370485b87388ab951e37db) Importer(2089858483,b0f066a214c2f5e87bad3c948f4d605d)
Start importing Assets/Prefabs/Rooms/CafeMaterials/Material #155.001.mat using Guid(1e1e6db0c5370485b87388ab951e37db) Importer(2089858483,b0f066a214c2f5e87bad3c948f4d605d) (ScriptedImporter) -> (artifact id: '6addc942ef5366f0ad791b8fa06c0f83') in 0.0103821 seconds
Number of updated asset objects reloaded before import = 0Number of asset objects unloaded after import = 1

========================================================================
Received Import Request.
  Time since last request: 0.000124 seconds.
  path: Assets/Prefabs/Rooms/RoomsMaterials/Material.024.mat
  artifactKey: Guid(e304040a8948a4e4c8ed8b43a2317f63) Importer(2089858483,b0f066a214c2f5e87bad3c948f4d605d)
Start importing Assets/Prefabs/Rooms/RoomsMaterials/Material.024.mat using Guid(e304040a8948a4e4c8ed8b43a2317f63) Importer(2089858483,b0f066a214c2f5e87bad3c948f4d605d) (ScriptedImporter) -> (artifact id: '8318a2b088949bdd240b5bd3587b692c') in 0.0090114 seconds
Number of updated asset objects reloaded before import = 0Number of asset objects unloaded after import = 1

========================================================================
Received Import Request.
  Time since last request: 0.000079 seconds.
  path: Assets/Sprites/LoadScenes/scen 1/Безымянный-20031.png
  artifactKey: Guid(cf7cb0c030da24990b6ccd86f4638aab) Importer(2089858483,b0f066a214c2f5e87bad3c948f4d605d)
Start importing Assets/Sprites/LoadScenes/scen 1/Безымянный-20031.png using Guid(cf7cb0c030da24990b6ccd86f4638aab) Importer(2089858483,b0f066a214c2f5e87bad3c948f4d605d) (ScriptedImporter) -> (artifact id: 'a3d0bb991b337edb969c5191d7e38d8a') in 0.0562456 seconds
Number of updated asset objects reloaded before import = 0Number of asset objects unloaded after import = 3

========================================================================
Received Import Request.
  Time since last request: 0.000017 seconds.
  path: Assets/Prefabs/Canvases.prefab
  artifactKey: Guid(34ce4da5429da47aab2436b9342035fa) Importer(2089858483,b0f066a214c2f5e87bad3c948f4d605d)
Start importing Assets/Prefabs/Canvases.prefab using Guid(34ce4da5429da47aab2436b9342035fa) Importer(2089858483,b0f066a214c2f5e87bad3c948f4d605d) (ScriptedImporter) -> (artifact id: 'aac5552e7cef6cc18d20cad2c99e3cb2') in 0.0508768 seconds
Number of updated asset objects reloaded before import = 0Number of asset objects unloaded after import = 1163

========================================================================
Received Import Request.
  Time since last request: 0.000030 seconds.
  path: Assets/Sprites/LoadScenes/scen 1/Безымянный-20020.png
  artifactKey: Guid(326207b504ba444f180f97e3c86c6b33) Importer(2089858483,b0f066a214c2f5e87bad3c948f4d605d)
Start importing Assets/Sprites/LoadScenes/scen 1/Безымянный-20020.png using Guid(326207b504ba444f180f97e3c86c6b33) Importer(2089858483,b0f066a214c2f5e87bad3c948f4d605d) (ScriptedImporter) -> (artifact id: 'ad0a821f27c4ea47b091d290d4beac6c') in 0.0162453 seconds
Number of updated asset objects reloaded before import = 0Number of asset objects unloaded after import = 3

========================================================================
Received Import Request.
  Time since last request: 0.000015 seconds.
  path: Assets/Prefabs/Rooms/RoomsMaterials/Material.009 1.mat
  artifactKey: Guid(9ea45ced9e5c042bb9b6681903e74a48) Importer(2089858483,b0f066a214c2f5e87bad3c948f4d605d)
Start importing Assets/Prefabs/Rooms/RoomsMaterials/Material.009 1.mat using Guid(9ea45ced9e5c042bb9b6681903e74a48) Importer(2089858483,b0f066a214c2f5e87bad3c948f4d605d) (ScriptedImporter) -> (artifact id: 'cc27421c1ead6f7a8018073c984d9140') in 0.0084572 seconds
Number of updated asset objects reloaded before import = 0Number of asset objects unloaded after import = 1

========================================================================
Received Import Request.
  Time since last request: 0.000082 seconds.
  path: Assets/Scripts/Managers
  artifactKey: Guid(54f6be1a01ff54f5692e555f8717e251) Importer(2089858483,b0f066a214c2f5e87bad3c948f4d605d)
Start importing Assets/Scripts/Managers using Guid(54f6be1a01ff54f5692e555f8717e251) Importer(2089858483,b0f066a214c2f5e87bad3c948f4d605d) (ScriptedImporter) -> (artifact id: 'ba2ee90ea5596a3cd572d0fd9ff0bf16') in 0.0073012 seconds
Number of updated asset objects reloaded before import = 0Number of asset objects unloaded after import = 1

========================================================================
Received Import Request.
  Time since last request: 0.000046 seconds.
  path: Assets/Sprites/city/gorod/gorod_00088.png
  artifactKey: Guid(e463b5161c0ef4367a81e5fa1cabf54f) Importer(2089858483,b0f066a214c2f5e87bad3c948f4d605d)
Start importing Assets/Sprites/city/gorod/gorod_00088.png using Guid(e463b5161c0ef4367a81e5fa1cabf54f) Importer(2089858483,b0f066a214c2f5e87bad3c948f4d605d) (ScriptedImporter) -> (artifact id: '3e7c5ccdd288b0775e0ff87087190a00') in 0.0186345 seconds
Number of updated asset objects reloaded before import = 0Number of asset objects unloaded after import = 3

========================================================================
Received Import Request.
  Time since last request: 0.000015 seconds.
  path: Assets/Prefabs/Rooms/RoomsMaterials/Material.046.mat
  artifactKey: Guid(b245ccaf21db145c2bddcf272f4a8da0) Importer(2089858483,b0f066a214c2f5e87bad3c948f4d605d)
Start importing Assets/Prefabs/Rooms/RoomsMaterials/Material.046.mat using Guid(b245ccaf21db145c2bddcf272f4a8da0) Importer(2089858483,b0f066a214c2f5e87bad3c948f4d605d) (ScriptedImporter) -> (artifact id: 'ad7a330909c0d977bb3cc5e66ef576c6') in 0.0091194 seconds
Number of updated asset objects reloaded before import = 0Number of asset objects unloaded after import = 1

========================================================================
Received Import Request.
  Time since last request: 0.000067 seconds.
  path: Assets/Prefabs/Rooms/RoomsMaterials/Material 1.mat
  artifactKey: Guid(9005aac38586e438dae70f73a4617d2e) Importer(2089858483,b0f066a214c2f5e87bad3c948f4d605d)
Start importing Assets/Prefabs/Rooms/RoomsMaterials/Material 1.mat using Guid(9005aac38586e438dae70f73a4617d2e) Importer(2089858483,b0f066a214c2f5e87bad3c948f4d605d) (ScriptedImporter) -> (artifact id: '8da690336a93ac5d21c02a8719b88757') in 0.0087922 seconds
Number of updated asset objects reloaded before import = 0Number of asset objects unloaded after import = 1

========================================================================
Received Import Request.
  Time since last request: 0.000046 seconds.
  path: Assets/Prefabs/Rooms/RoomsMaterials/Material.037.mat
  artifactKey: Guid(506916738e0ed4a3ba03a91b1f814bfa) Importer(2089858483,b0f066a214c2f5e87bad3c948f4d605d)
Start importing Assets/Prefabs/Rooms/RoomsMaterials/Material.037.mat using Guid(506916738e0ed4a3ba03a91b1f814bfa) Importer(2089858483,b0f066a214c2f5e87bad3c948f4d605d) (ScriptedImporter) -> (artifact id: '030c8992dc1500da488bf8fc0567ab8d') in 0.0086185 seconds
Number of updated asset objects reloaded before import = 0Number of asset objects unloaded after import = 1

========================================================================
Received Import Request.
  Time since last request: 0.000106 seconds.
  path: Assets/Sprites/LoadScenes/scen 1/Безымянный-20109.png
  artifactKey: Guid(febf1bfd5aee941be9d1ce8a8298c19f) Importer(2089858483,b0f066a214c2f5e87bad3c948f4d605d)
Start importing Assets/Sprites/LoadScenes/scen 1/Безымянный-20109.png using Guid(febf1bfd5aee941be9d1ce8a8298c19f) Importer(2089858483,b0f066a214c2f5e87bad3c948f4d605d) (ScriptedImporter) -> (artifact id: 'cb86b6804220db5f9238ad291e4fdc70') in 0.0119022 seconds
Number of updated asset objects reloaded before import = 0Number of asset objects unloaded after import = 3

========================================================================
Received Import Request.
  Time since last request: 0.000018 seconds.
  path: Assets/Prefabs/Rooms/RoomsMaterials/Material.091 2.mat
  artifactKey: Guid(a1eced11a950a40ca80908f53d723ba3) Importer(2089858483,b0f066a214c2f5e87bad3c948f4d605d)
Start importing Assets/Prefabs/Rooms/RoomsMaterials/Material.091 2.mat using Guid(a1eced11a950a40ca80908f53d723ba3) Importer(2089858483,b0f066a214c2f5e87bad3c948f4d605d) (ScriptedImporter) -> (artifact id: '4f0f397b7968c660715d1d46ab10bbef') in 0.009127 seconds
Number of updated asset objects reloaded before import = 0Number of asset objects unloaded after import = 1

========================================================================
Received Import Request.
  Time since last request: 0.000098 seconds.
  path: Assets/Prefabs/Rooms/CafeMaterials/Material.047.mat
  artifactKey: Guid(31594f6fbc3e94b7e985a11f2be56e07) Importer(2089858483,b0f066a214c2f5e87bad3c948f4d605d)
Start importing Assets/Prefabs/Rooms/CafeMaterials/Material.047.mat using Guid(31594f6fbc3e94b7e985a11f2be56e07) Importer(2089858483,b0f066a214c2f5e87bad3c948f4d605d) (ScriptedImporter) -> (artifact id: '89c2d0fe388b9bd89a3cf149362acc65') in 0.0087141 seconds
Number of updated asset objects reloaded before import = 0Number of asset objects unloaded after import = 1

========================================================================
Received Import Request.
  Time since last request: 0.000048 seconds.
  path: Assets/Prefabs/Rooms/RoomsMaterials/Material.014 1.mat
  artifactKey: Guid(ed5d9fe8ae4fb4ea2826ab10a202b7cc) Importer(2089858483,b0f066a214c2f5e87bad3c948f4d605d)
Start importing Assets/Prefabs/Rooms/RoomsMaterials/Material.014 1.mat using Guid(ed5d9fe8ae4fb4ea2826ab10a202b7cc) Importer(2089858483,b0f066a214c2f5e87bad3c948f4d605d) (ScriptedImporter) -> (artifact id: '8a606d2f7ed139f104635fa2748346cf') in 0.0089381 seconds
Number of updated asset objects reloaded before import = 0Number of asset objects unloaded after import = 1

========================================================================
Received Import Request.
  Time since last request: 0.000048 seconds.
  path: Assets/Prefabs/Rooms/CafeMaterials/Forging.mat
  artifactKey: Guid(cff588cb41298407583eba238a52d0e6) Importer(2089858483,b0f066a214c2f5e87bad3c948f4d605d)
Start importing Assets/Prefabs/Rooms/CafeMaterials/Forging.mat using Guid(cff588cb41298407583eba238a52d0e6) Importer(2089858483,b0f066a214c2f5e87bad3c948f4d605d) (ScriptedImporter) -> (artifact id: 'a63d215d77c105fcc8f3af9cbd836307') in 0.0086909 seconds
Number of updated asset objects reloaded before import = 0Number of asset objects unloaded after import = 1

========================================================================
Received Import Request.
  Time since last request: 0.000054 seconds.
  path: Assets/Prefabs/Rooms/RoomsMaterials/Material.034 2.mat
  artifactKey: Guid(f3ae61d72b9284dddb7fabe59ad97015) Importer(2089858483,b0f066a214c2f5e87bad3c948f4d605d)
Start importing Assets/Prefabs/Rooms/RoomsMaterials/Material.034 2.mat using Guid(f3ae61d72b9284dddb7fabe59ad97015) Importer(2089858483,b0f066a214c2f5e87bad3c948f4d605d) (ScriptedImporter) -> (artifact id: '30b32265351c353cdddf4fc18ed0e21c') in 0.008811 seconds
Number of updated asset objects reloaded before import = 0Number of asset objects unloaded after import = 1

========================================================================
Received Import Request.
  Time since last request: 0.000056 seconds.
  path: Assets/Sprites/LoadScenes/scen 1/Безымянный-20127.png
  artifactKey: Guid(3fa3fcf6db3bd4b868c8c54403deb803) Importer(2089858483,b0f066a214c2f5e87bad3c948f4d605d)
Start importing Assets/Sprites/LoadScenes/scen 1/Безымянный-20127.png using Guid(3fa3fcf6db3bd4b868c8c54403deb803) Importer(2089858483,b0f066a214c2f5e87bad3c948f4d605d) (ScriptedImporter) -> (artifact id: '00cf1ce23aa420b81b76843fc657a19b') in 0.0120915 seconds
Number of updated asset objects reloaded before import = 0Number of asset objects unloaded after import = 3

========================================================================
Received Import Request.
  Time since last request: 0.000017 seconds.
  path: Assets/TextMesh Pro/Fonts/LiberationSans.ttf
  artifactKey: Guid(e3265ab4bf004d28a9537516768c1c75) Importer(2089858483,b0f066a214c2f5e87bad3c948f4d605d)
Start importing Assets/TextMesh Pro/Fonts/LiberationSans.ttf using Guid(e3265ab4bf004d28a9537516768c1c75) Importer(2089858483,b0f066a214c2f5e87bad3c948f4d605d) (ScriptedImporter) -> (artifact id: '6cf94ebc03fa7b972e3b39573b9c9d17') in 0.0147366 seconds
Number of updated asset objects reloaded before import = 0Number of asset objects unloaded after import = 3

========================================================================
Received Import Request.
  Time since last request: 0.000019 seconds.
  path: Assets/Sprites/city/gorod/gorod_00007.png
  artifactKey: Guid(1c8477f44afe442de92cc43ad2d79bce) Importer(2089858483,b0f066a214c2f5e87bad3c948f4d605d)
Start importing Assets/Sprites/city/gorod/gorod_00007.png using Guid(1c8477f44afe442de92cc43ad2d79bce) Importer(2089858483,b0f066a214c2f5e87bad3c948f4d605d) (ScriptedImporter) -> (artifact id: 'f20033722b33d0691cea23910c85887a') in 0.0171253 seconds
Number of updated asset objects reloaded before import = 0Number of asset objects unloaded after import = 3

========================================================================
Received Import Request.
  Time since last request: 0.000021 seconds.
  path: Assets/Sprites/city/gorod/gorod_00038.png
  artifactKey: Guid(1c61c4d23206d4092821f72100fadec1) Importer(2089858483,b0f066a214c2f5e87bad3c948f4d605d)
Start importing Assets/Sprites/city/gorod/gorod_00038.png using Guid(1c61c4d23206d4092821f72100fadec1) Importer(2089858483,b0f066a214c2f5e87bad3c948f4d605d) (ScriptedImporter) -> (artifact id: '03fa64e70882d774e9ecfd1a39129afd') in 0.0174896 seconds
Number of updated asset objects reloaded before import = 0Number of asset objects unloaded after import = 3

========================================================================
Received Import Request.
  Time since last request: 0.000026 seconds.
  path: Assets/Prefabs/Rooms/CafeMaterials/paper.mat
  artifactKey: Guid(b8f18c5be6b4844f3bf9bbe89a62c323) Importer(2089858483,b0f066a214c2f5e87bad3c948f4d605d)
Start importing Assets/Prefabs/Rooms/CafeMaterials/paper.mat using Guid(b8f18c5be6b4844f3bf9bbe89a62c323) Importer(2089858483,b0f066a214c2f5e87bad3c948f4d605d) (ScriptedImporter) -> (artifact id: 'e77d570da56f6fefe7c79735278342a7') in 0.0102011 seconds
Number of updated asset objects reloaded before import = 0Number of asset objects unloaded after import = 1

========================================================================
Received Import Request.
  Time since last request: 0.000086 seconds.
  path: Assets/Prefabs/Rooms/CafeMaterials/Procedural Dirt.001.mat
  artifactKey: Guid(7b2706bc9c21d4768a52052a3a982650) Importer(2089858483,b0f066a214c2f5e87bad3c948f4d605d)
Start importing Assets/Prefabs/Rooms/CafeMaterials/Procedural Dirt.001.mat using Guid(7b2706bc9c21d4768a52052a3a982650) Importer(2089858483,b0f066a214c2f5e87bad3c948f4d605d) (ScriptedImporter) -> (artifact id: '1cc06397598d400fd127f83e4d7b4cfa') in 0.0094313 seconds
Number of updated asset objects reloaded before import = 0Number of asset objects unloaded after import = 1

========================================================================
Received Import Request.
  Time since last request: 0.000078 seconds.
  path: Assets/Prefabs/Rooms/CafeMaterials/Plastik black.mat
  artifactKey: Guid(4af982cede9494cd48298992fa7e3fab) Importer(2089858483,b0f066a214c2f5e87bad3c948f4d605d)
Start importing Assets/Prefabs/Rooms/CafeMaterials/Plastik black.mat using Guid(4af982cede9494cd48298992fa7e3fab) Importer(2089858483,b0f066a214c2f5e87bad3c948f4d605d) (ScriptedImporter) -> (artifact id: 'd02204db4cd9e7d462be321fadbab4aa') in 0.0090957 seconds
Number of updated asset objects reloaded before import = 0Number of asset objects unloaded after import = 1

========================================================================
Received Import Request.
  Time since last request: 0.000015 seconds.
  path: Assets/Sprites/city/gorod/gorod_00106.png
  artifactKey: Guid(75df5aba86b0540ff9da9ba0949dc6ea) Importer(2089858483,b0f066a214c2f5e87bad3c948f4d605d)
Start importing Assets/Sprites/city/gorod/gorod_00106.png using Guid(75df5aba86b0540ff9da9ba0949dc6ea) Importer(2089858483,b0f066a214c2f5e87bad3c948f4d605d) (ScriptedImporter) -> (artifact id: '2d73c6aac6cc7d717832551649069706') in 0.0156356 seconds
Number of updated asset objects reloaded before import = 0Number of asset objects unloaded after import = 3

========================================================================
Received Import Request.
  Time since last request: 0.000015 seconds.
  path: Assets/TextMesh Pro/Resources/LineBreaking Leading Characters.txt
  artifactKey: Guid(d82c1b31c7e74239bff1220585707d2b) Importer(2089858483,b0f066a214c2f5e87bad3c948f4d605d)
Start importing Assets/TextMesh Pro/Resources/LineBreaking Leading Characters.txt using Guid(d82c1b31c7e74239bff1220585707d2b) Importer(2089858483,b0f066a214c2f5e87bad3c948f4d605d) (ScriptedImporter) -> (artifact id: '8832b8096a843e1dc8989ad57bf3c308') in 0.0077534 seconds
Number of updated asset objects reloaded before import = 0Number of asset objects unloaded after import = 1

========================================================================
Received Import Request.
  Time since last request: 0.000069 seconds.
  path: Assets/Prefabs/Rooms/RoomsMaterials/M_carpet 2.mat
  artifactKey: Guid(3ecd4b8d54e5546af9f3b5082c39e256) Importer(2089858483,b0f066a214c2f5e87bad3c948f4d605d)
Start importing Assets/Prefabs/Rooms/RoomsMaterials/M_carpet 2.mat using Guid(3ecd4b8d54e5546af9f3b5082c39e256) Importer(2089858483,b0f066a214c2f5e87bad3c948f4d605d) (ScriptedImporter) -> (artifact id: '17f6a7c7de2ec50e734462297faa34bb') in 0.009332 seconds
Number of updated asset objects reloaded before import = 0Number of asset objects unloaded after import = 1

========================================================================
Received Import Request.
  Time since last request: 0.000040 seconds.
  path: Assets/Prefabs/Rooms/RoomsMaterials/Material.093.mat
  artifactKey: Guid(2b3ee8541896842fb81e2d46edaacdd9) Importer(2089858483,b0f066a214c2f5e87bad3c948f4d605d)
Start importing Assets/Prefabs/Rooms/RoomsMaterials/Material.093.mat using Guid(2b3ee8541896842fb81e2d46edaacdd9) Importer(2089858483,b0f066a214c2f5e87bad3c948f4d605d) (ScriptedImporter) -> (artifact id: '6e4a25dcf257e46e48fdc951c6305efb') in 0.0092031 seconds
Number of updated asset objects reloaded before import = 0Number of asset objects unloaded after import = 1

========================================================================
Received Import Request.
  Time since last request: 0.000043 seconds.
  path: Assets/Prefabs/Rooms/RoomsMaterials/Material.064 2.mat
  artifactKey: Guid(7bfee931c193b4d08b573c1750893367) Importer(2089858483,b0f066a214c2f5e87bad3c948f4d605d)
Start importing Assets/Prefabs/Rooms/RoomsMaterials/Material.064 2.mat using Guid(7bfee931c193b4d08b573c1750893367) Importer(2089858483,b0f066a214c2f5e87bad3c948f4d605d) (ScriptedImporter) -> (artifact id: '56d5e871cb63807fac11caab15e13f51') in 0.0097012 seconds
Number of updated asset objects reloaded before import = 0Number of asset objects unloaded after import = 1

========================================================================
Received Import Request.
  Time since last request: 0.000075 seconds.
  path: Assets/Prefabs/Rooms/CafeMaterials/Chrome.mat
  artifactKey: Guid(e80aea2e06d214ec4bbda70b7c3efaa9) Importer(2089858483,b0f066a214c2f5e87bad3c948f4d605d)
Start importing Assets/Prefabs/Rooms/CafeMaterials/Chrome.mat using Guid(e80aea2e06d214ec4bbda70b7c3efaa9) Importer(2089858483,b0f066a214c2f5e87bad3c948f4d605d) (ScriptedImporter) -> (artifact id: 'f5fea931f8d17e9d27f17431d54539cd') in 0.0094195 seconds
Number of updated asset objects reloaded before import = 0Number of asset objects unloaded after import = 1

========================================================================
Received Import Request.
  Time since last request: 0.000076 seconds.
  path: Assets/Prefabs/Rooms/RoomsMaterials/Material.002 2.mat
  artifactKey: Guid(e1ba889b774d34aa2a6f1f5cf996ce13) Importer(2089858483,b0f066a214c2f5e87bad3c948f4d605d)
Start importing Assets/Prefabs/Rooms/RoomsMaterials/Material.002 2.mat using Guid(e1ba889b774d34aa2a6f1f5cf996ce13) Importer(2089858483,b0f066a214c2f5e87bad3c948f4d605d) (ScriptedImporter) -> (artifact id: '8991a2cc9941a32005e8ecafd35287e9') in 0.0091111 seconds
Number of updated asset objects reloaded before import = 0Number of asset objects unloaded after import = 1

========================================================================
Received Import Request.
  Time since last request: 0.000076 seconds.
  path: Assets/Prefabs/Rooms
  artifactKey: Guid(538aea52f9be04516a5da1d6047677f0) Importer(2089858483,b0f066a214c2f5e87bad3c948f4d605d)
Start importing Assets/Prefabs/Rooms using Guid(538aea52f9be04516a5da1d6047677f0) Importer(2089858483,b0f066a214c2f5e87bad3c948f4d605d) (ScriptedImporter) -> (artifact id: '514d69810ef3968e0062a1664c48fdc0') in 0.0076424 seconds
Number of updated asset objects reloaded before import = 0Number of asset objects unloaded after import = 1

========================================================================
Received Import Request.
  Time since last request: 0.000054 seconds.
  path: Assets/Prefabs/Rooms/RoomsMaterials/Material.054 2.mat
  artifactKey: Guid(5b106c046e22d4400a90678545421aa3) Importer(2089858483,b0f066a214c2f5e87bad3c948f4d605d)
Start importing Assets/Prefabs/Rooms/RoomsMaterials/Material.054 2.mat using Guid(5b106c046e22d4400a90678545421aa3) Importer(2089858483,b0f066a214c2f5e87bad3c948f4d605d) (ScriptedImporter) -> (artifact id: 'db997b9c7901ebd7c60affce25bddf25') in 0.0086184 seconds
Number of updated asset objects reloaded before import = 0Number of asset objects unloaded after import = 1

========================================================================
Received Import Request.
  Time since last request: 0.000065 seconds.
  path: Assets/Sprites/LoadScenes/scen 1/Безымянный-20150.png
  artifactKey: Guid(d9ba82febbe4947c2a1094866ab7e681) Importer(2089858483,b0f066a214c2f5e87bad3c948f4d605d)
Start importing Assets/Sprites/LoadScenes/scen 1/Безымянный-20150.png using Guid(d9ba82febbe4947c2a1094866ab7e681) Importer(2089858483,b0f066a214c2f5e87bad3c948f4d605d) (ScriptedImporter) -> (artifact id: '4eb5265b62dd6d37d2eaaf6331fb83f7') in 0.0124033 seconds
Number of updated asset objects reloaded before import = 0Number of asset objects unloaded after import = 3

========================================================================
Received Import Request.
  Time since last request: 0.000015 seconds.
  path: Assets/Scripts/Networks/Base/Computer.cs
  artifactKey: Guid(5dfe0ab3f327048978a0528cc2474e5f) Importer(2089858483,b0f066a214c2f5e87bad3c948f4d605d)
Start importing Assets/Scripts/Networks/Base/Computer.cs using Guid(5dfe0ab3f327048978a0528cc2474e5f) Importer(2089858483,b0f066a214c2f5e87bad3c948f4d605d) (ScriptedImporter) -> (artifact id: 'd690006de0a7d0450c65dfcdc02c9272') in 0.0074508 seconds
Number of updated asset objects reloaded before import = 0Number of asset objects unloaded after import = 0

========================================================================
Received Import Request.
  Time since last request: 0.000093 seconds.
  path: Assets/Scripts/Console
  artifactKey: Guid(4f9a6dcc5125f4894855a828fa81c93d) Importer(2089858483,b0f066a214c2f5e87bad3c948f4d605d)
Start importing Assets/Scripts/Console using Guid(4f9a6dcc5125f4894855a828fa81c93d) Importer(2089858483,b0f066a214c2f5e87bad3c948f4d605d) (ScriptedImporter) -> (artifact id: '92e721f8c8ee769e2df5bb93698a9008') in 0.0082734 seconds
Number of updated asset objects reloaded before import = 0Number of asset objects unloaded after import = 1

========================================================================
Received Import Request.
  Time since last request: 0.000023 seconds.
  path: Assets/Sprites/city/gorod/gorod_00040.png
  artifactKey: Guid(cfb134e8d2cde43fa9660dd1d0e81ee4) Importer(2089858483,b0f066a214c2f5e87bad3c948f4d605d)
Start importing Assets/Sprites/city/gorod/gorod_00040.png using Guid(cfb134e8d2cde43fa9660dd1d0e81ee4) Importer(2089858483,b0f066a214c2f5e87bad3c948f4d605d) (ScriptedImporter) -> (artifact id: '3ef1daadc6ae9c894790440bade3c217') in 0.0175383 seconds
Number of updated asset objects reloaded before import = 0Number of asset objects unloaded after import = 3

========================================================================
Received Import Request.
  Time since last request: 0.000017 seconds.
  path: Assets/Prefabs/Rooms/RoomsMaterials/Material.044.mat
  artifactKey: Guid(d940bd1c2cbdc4d908a1be8835b44fb7) Importer(2089858483,b0f066a214c2f5e87bad3c948f4d605d)
Start importing Assets/Prefabs/Rooms/RoomsMaterials/Material.044.mat using Guid(d940bd1c2cbdc4d908a1be8835b44fb7) Importer(2089858483,b0f066a214c2f5e87bad3c948f4d605d) (ScriptedImporter) -> (artifact id: '4cf157bf5752bd7a3f774caead2fed97') in 0.009158 seconds
Number of updated asset objects reloaded before import = 0Number of asset objects unloaded after import = 1

========================================================================
Received Import Request.
  Time since last request: 0.000042 seconds.
  path: Assets/Prefabs/Rooms/RoomsMaterials/Material.060.mat
  artifactKey: Guid(32060859ea18e42559f3c80702fd6217) Importer(2089858483,b0f066a214c2f5e87bad3c948f4d605d)
Start importing Assets/Prefabs/Rooms/RoomsMaterials/Material.060.mat using Guid(32060859ea18e42559f3c80702fd6217) Importer(2089858483,b0f066a214c2f5e87bad3c948f4d605d) (ScriptedImporter) -> (artifact id: '69568590ef650e36404245920c40edd7') in 0.0083415 seconds
Number of updated asset objects reloaded before import = 0Number of asset objects unloaded after import = 1

========================================================================
Received Import Request.
  Time since last request: 0.000079 seconds.
  path: Assets/Prefabs/Rooms/CafeMaterials/Metal.014.mat
  artifactKey: Guid(112f1ee600251492383c656373e7adab) Importer(2089858483,b0f066a214c2f5e87bad3c948f4d605d)
Start importing Assets/Prefabs/Rooms/CafeMaterials/Metal.014.mat using Guid(112f1ee600251492383c656373e7adab) Importer(2089858483,b0f066a214c2f5e87bad3c948f4d605d) (ScriptedImporter) -> (artifact id: 'b9b49c893e53f12e668483b055f3c49c') in 0.008694 seconds
Number of updated asset objects reloaded before import = 0Number of asset objects unloaded after import = 1

========================================================================
Received Import Request.
  Time since last request: 0.000073 seconds.
  path: Assets/Sprites/city/gorod/gorod_00045.png
  artifactKey: Guid(3e1bf2074c64d440ea6ade0c1dc8e094) Importer(2089858483,b0f066a214c2f5e87bad3c948f4d605d)
Start importing Assets/Sprites/city/gorod/gorod_00045.png using Guid(3e1bf2074c64d440ea6ade0c1dc8e094) Importer(2089858483,b0f066a214c2f5e87bad3c948f4d605d) (ScriptedImporter) -> (artifact id: '0332260c2ddefd9e09236e3ec14b2ebf') in 0.0166458 seconds
Number of updated asset objects reloaded before import = 0Number of asset objects unloaded after import = 3

========================================================================
Received Import Request.
  Time since last request: 0.000017 seconds.
  path: Assets/Prefabs/Rooms/RoomsMaterials/Material.090 2.mat
  artifactKey: Guid(b535d130c3846401094307bb20ffbb12) Importer(2089858483,b0f066a214c2f5e87bad3c948f4d605d)
Start importing Assets/Prefabs/Rooms/RoomsMaterials/Material.090 2.mat using Guid(b535d130c3846401094307bb20ffbb12) Importer(2089858483,b0f066a214c2f5e87bad3c948f4d605d) (ScriptedImporter) -> (artifact id: 'ccad6f2144367b22d43bf6e8bbea1596') in 0.0099561 seconds
Number of updated asset objects reloaded before import = 0Number of asset objects unloaded after import = 1

========================================================================
Received Import Request.
  Time since last request: 0.000047 seconds.
  path: Assets/Prefabs/Rooms/CafeMaterials/MDF Freijó - Guararapis.001.mat
  artifactKey: Guid(cd274d07cfeda464aa801f1ca69c9dd3) Importer(2089858483,b0f066a214c2f5e87bad3c948f4d605d)
Start importing Assets/Prefabs/Rooms/CafeMaterials/MDF Freijó - Guararapis.001.mat using Guid(cd274d07cfeda464aa801f1ca69c9dd3) Importer(2089858483,b0f066a214c2f5e87bad3c948f4d605d) (ScriptedImporter) -> (artifact id: 'd4e4aa62aee579df5cdcc074a7deb428') in 0.0089953 seconds
Number of updated asset objects reloaded before import = 0Number of asset objects unloaded after import = 1

========================================================================
Received Import Request.
  Time since last request: 0.000070 seconds.
  path: Assets/Prefabs/Rooms/CafeMaterials/M_White.001.mat
  artifactKey: Guid(499d5aff2304341298e95c07123541e5) Importer(2089858483,b0f066a214c2f5e87bad3c948f4d605d)
Start importing Assets/Prefabs/Rooms/CafeMaterials/M_White.001.mat using Guid(499d5aff2304341298e95c07123541e5) Importer(2089858483,b0f066a214c2f5e87bad3c948f4d605d) (ScriptedImporter) -> (artifact id: 'd2ead045f51dbf7ebddcb27ac5438384') in 0.0089607 seconds
Number of updated asset objects reloaded before import = 0Number of asset objects unloaded after import = 1

========================================================================
Received Import Request.
  Time since last request: 0.000036 seconds.
  path: Assets/Prefabs/Rooms/RoomsMaterials/Material.046 1.mat
  artifactKey: Guid(5c60f8ddee6d544a98269a53826c31cf) Importer(2089858483,b0f066a214c2f5e87bad3c948f4d605d)
Start importing Assets/Prefabs/Rooms/RoomsMaterials/Material.046 1.mat using Guid(5c60f8ddee6d544a98269a53826c31cf) Importer(2089858483,b0f066a214c2f5e87bad3c948f4d605d) (ScriptedImporter) -> (artifact id: '28ec723d9cd1ad5cc73816109cce3edf') in 0.0106289 seconds
Number of updated asset objects reloaded before import = 0Number of asset objects unloaded after import = 1

========================================================================
Received Import Request.
  Time since last request: 0.000051 seconds.
  path: Assets/Prefabs/Rooms/RoomsMaterials/Material.065.mat
  artifactKey: Guid(07b4ae24decb847b7903bbfea38c95be) Importer(2089858483,b0f066a214c2f5e87bad3c948f4d605d)
Start importing Assets/Prefabs/Rooms/RoomsMaterials/Material.065.mat using Guid(07b4ae24decb847b7903bbfea38c95be) Importer(2089858483,b0f066a214c2f5e87bad3c948f4d605d) (ScriptedImporter) -> (artifact id: '8c70f451b1eedaefcb6d358dd730eb3d') in 0.0090999 seconds
Number of updated asset objects reloaded before import = 0Number of asset objects unloaded after import = 1

========================================================================
Received Import Request.
  Time since last request: 0.000049 seconds.
  path: Assets/Prefabs/Rooms/CafeMaterials/7191_blue_light.mat
  artifactKey: Guid(697163b45604c46ea8407535aae7264d) Importer(2089858483,b0f066a214c2f5e87bad3c948f4d605d)
Start importing Assets/Prefabs/Rooms/CafeMaterials/7191_blue_light.mat using Guid(697163b45604c46ea8407535aae7264d) Importer(2089858483,b0f066a214c2f5e87bad3c948f4d605d) (ScriptedImporter) -> (artifact id: '82f58331645136e8326f21850fdef859') in 0.0096375 seconds
Number of updated asset objects reloaded before import = 0Number of asset objects unloaded after import = 1

========================================================================
Received Import Request.
  Time since last request: 0.000049 seconds.
  path: Assets/Sprites/city/gorod/gorod_00102.png
  artifactKey: Guid(70131e6e76bee4085ba574e27a702d66) Importer(2089858483,b0f066a214c2f5e87bad3c948f4d605d)
Start importing Assets/Sprites/city/gorod/gorod_00102.png using Guid(70131e6e76bee4085ba574e27a702d66) Importer(2089858483,b0f066a214c2f5e87bad3c948f4d605d) (ScriptedImporter) -> (artifact id: '6e1a305885ceed8478e6ec05932632e8') in 0.0167869 seconds
Number of updated asset objects reloaded before import = 0Number of asset objects unloaded after import = 3

========================================================================
Received Import Request.
  Time since last request: 0.000016 seconds.
  path: Assets/Sprites/LoadScenes/scen 1/Безымянный-20129.png
  artifactKey: Guid(36c78c212e2cb4978a4038b146c31822) Importer(2089858483,b0f066a214c2f5e87bad3c948f4d605d)
Start importing Assets/Sprites/LoadScenes/scen 1/Безымянный-20129.png using Guid(36c78c212e2cb4978a4038b146c31822) Importer(2089858483,b0f066a214c2f5e87bad3c948f4d605d) (ScriptedImporter) -> (artifact id: '0a10c15accdece49e7415de3a7e2348f') in 0.0136858 seconds
Number of updated asset objects reloaded before import = 0Number of asset objects unloaded after import = 3

========================================================================
Received Import Request.
  Time since last request: 0.000024 seconds.
  path: Assets/Prefabs/Rooms/RoomsMaterials/Material_50 1.mat
  artifactKey: Guid(4052b6f4b8b5e4b4693ee9cc10884f74) Importer(2089858483,b0f066a214c2f5e87bad3c948f4d605d)
Start importing Assets/Prefabs/Rooms/RoomsMaterials/Material_50 1.mat using Guid(4052b6f4b8b5e4b4693ee9cc10884f74) Importer(2089858483,b0f066a214c2f5e87bad3c948f4d605d) (ScriptedImporter) -> (artifact id: '928f8d939edbb91a7339ba8f0c05fb3a') in 0.0086507 seconds
Number of updated asset objects reloaded before import = 0Number of asset objects unloaded after import = 1

========================================================================
Received Import Request.
  Time since last request: 0.000018 seconds.
  path: Assets/Prefabs/Rooms/RoomsMaterials/Material.011 1.mat
  artifactKey: Guid(8d8e5e622240c4fb990fb6d9b5241ae7) Importer(2089858483,b0f066a214c2f5e87bad3c948f4d605d)
Start importing Assets/Prefabs/Rooms/RoomsMaterials/Material.011 1.mat using Guid(8d8e5e622240c4fb990fb6d9b5241ae7) Importer(2089858483,b0f066a214c2f5e87bad3c948f4d605d) (ScriptedImporter) -> (artifact id: '409c61ca1e3aff8c810028eec84e737e') in 0.0088654 seconds
Number of updated asset objects reloaded before import = 0Number of asset objects unloaded after import = 1

========================================================================
Received Import Request.
  Time since last request: 0.000051 seconds.
  path: Assets/Prefabs/Rooms/RoomsMaterials/comp_desk_top 1.mat
  artifactKey: Guid(51fe802eb3c884695ba71da195444f94) Importer(2089858483,b0f066a214c2f5e87bad3c948f4d605d)
Start importing Assets/Prefabs/Rooms/RoomsMaterials/comp_desk_top 1.mat using Guid(51fe802eb3c884695ba71da195444f94) Importer(2089858483,b0f066a214c2f5e87bad3c948f4d605d) (ScriptedImporter) -> (artifact id: '02cba2524b9a6ba3786e8caba1929e2e') in 0.0082596 seconds
Number of updated asset objects reloaded before import = 0Number of asset objects unloaded after import = 1

========================================================================
Received Import Request.
  Time since last request: 0.000085 seconds.
  path: Assets/Prefabs/Rooms/CafeMaterials/wire_115115115.001.mat
  artifactKey: Guid(b1ea1afb7c6c74c91a552a7103cddd3c) Importer(2089858483,b0f066a214c2f5e87bad3c948f4d605d)
Start importing Assets/Prefabs/Rooms/CafeMaterials/wire_115115115.001.mat using Guid(b1ea1afb7c6c74c91a552a7103cddd3c) Importer(2089858483,b0f066a214c2f5e87bad3c948f4d605d) (ScriptedImporter) -> (artifact id: 'a846f3b95be6e538f0bfcffba7560290') in 0.0091039 seconds
Number of updated asset objects reloaded before import = 0Number of asset objects unloaded after import = 1

========================================================================
Received Import Request.
  Time since last request: 0.000060 seconds.
  path: Assets/Prefabs/Rooms/OfficeMaterials/Black_Frame_Window.mat
  artifactKey: Guid(e4b9a5de8bec34976b26c677c996cd7d) Importer(2089858483,b0f066a214c2f5e87bad3c948f4d605d)
Start importing Assets/Prefabs/Rooms/OfficeMaterials/Black_Frame_Window.mat using Guid(e4b9a5de8bec34976b26c677c996cd7d) Importer(2089858483,b0f066a214c2f5e87bad3c948f4d605d) (ScriptedImporter) -> (artifact id: '6f87534d596d5a6b55d10969bcda7773') in 0.0089604 seconds
Number of updated asset objects reloaded before import = 0Number of asset objects unloaded after import = 1

========================================================================
Received Import Request.
  Time since last request: 0.000024 seconds.
  path: Assets/Sprites/city/gorod/gorod_00037.png
  artifactKey: Guid(0ee82c084999145beb8c044f889deb0b) Importer(2089858483,b0f066a214c2f5e87bad3c948f4d605d)
Start importing Assets/Sprites/city/gorod/gorod_00037.png using Guid(0ee82c084999145beb8c044f889deb0b) Importer(2089858483,b0f066a214c2f5e87bad3c948f4d605d) (ScriptedImporter) -> (artifact id: '9f182fc6770687bc00bbec0ec4fa2d7f') in 0.018151 seconds
Number of updated asset objects reloaded before import = 0Number of asset objects unloaded after import = 3

========================================================================
Received Import Request.
  Time since last request: 0.000016 seconds.
  path: Assets/Sprites/city/gorod/gorod_00083.png
  artifactKey: Guid(9a1dd646424b94b21823cdd6cd668596) Importer(2089858483,b0f066a214c2f5e87bad3c948f4d605d)
Start importing Assets/Sprites/city/gorod/gorod_00083.png using Guid(9a1dd646424b94b21823cdd6cd668596) Importer(2089858483,b0f066a214c2f5e87bad3c948f4d605d) (ScriptedImporter) -> (artifact id: '5ad60ab1bfe5191f3a1b42395087766d') in 0.0179754 seconds
Number of updated asset objects reloaded before import = 0Number of asset objects unloaded after import = 3

========================================================================
Received Import Request.
  Time since last request: 0.000015 seconds.
  path: Assets/Prefabs/Rooms/RoomsMaterials/Material.065 1.mat
  artifactKey: Guid(2d0c2cee5973a4881834c4382603d2e4) Importer(2089858483,b0f066a214c2f5e87bad3c948f4d605d)
Start importing Assets/Prefabs/Rooms/RoomsMaterials/Material.065 1.mat using Guid(2d0c2cee5973a4881834c4382603d2e4) Importer(2089858483,b0f066a214c2f5e87bad3c948f4d605d) (ScriptedImporter) -> (artifact id: '3a8afcf52a1dd29799cd543156e2b964') in 0.0086299 seconds
Number of updated asset objects reloaded before import = 0Number of asset objects unloaded after import = 1

========================================================================
Received Import Request.
  Time since last request: 0.000051 seconds.
  path: Assets/Prefabs/Rooms/RoomsMaterials/Material.054 1.mat
  artifactKey: Guid(f79cc93940568403e86d9fe3e0bb4112) Importer(2089858483,b0f066a214c2f5e87bad3c948f4d605d)
Start importing Assets/Prefabs/Rooms/RoomsMaterials/Material.054 1.mat using Guid(f79cc93940568403e86d9fe3e0bb4112) Importer(2089858483,b0f066a214c2f5e87bad3c948f4d605d) (ScriptedImporter) -> (artifact id: 'ed48f668161fd988586521f9daff6b50') in 0.0093704 seconds
Number of updated asset objects reloaded before import = 0Number of asset objects unloaded after import = 1

========================================================================
Received Import Request.
  Time since last request: 0.000072 seconds.
  path: Assets/Prefabs/Rooms/RoomsMaterials/Material.048.mat
  artifactKey: Guid(7e258845868c245cd9dbad5a7548b95f) Importer(2089858483,b0f066a214c2f5e87bad3c948f4d605d)
Start importing Assets/Prefabs/Rooms/RoomsMaterials/Material.048.mat using Guid(7e258845868c245cd9dbad5a7548b95f) Importer(2089858483,b0f066a214c2f5e87bad3c948f4d605d) (ScriptedImporter) -> (artifact id: '4bf1d5087486d3a988023ea15c65229f') in 0.0088143 seconds
Number of updated asset objects reloaded before import = 0Number of asset objects unloaded after import = 1

========================================================================
Received Import Request.
  Time since last request: 0.000041 seconds.
  path: Assets/Sprites/city/gorod/gorod_00028.png
  artifactKey: Guid(6de31d02c4757402bb25a97c6693ef6e) Importer(2089858483,b0f066a214c2f5e87bad3c948f4d605d)
Start importing Assets/Sprites/city/gorod/gorod_00028.png using Guid(6de31d02c4757402bb25a97c6693ef6e) Importer(2089858483,b0f066a214c2f5e87bad3c948f4d605d) (ScriptedImporter) -> (artifact id: '831b551e13a3c08a0bfc7de58a617172') in 0.0177545 seconds
Number of updated asset objects reloaded before import = 0Number of asset objects unloaded after import = 3

========================================================================
Received Import Request.
  Time since last request: 0.000017 seconds.
  path: Assets/Prefabs/Rooms/CafeMaterials/Material.003.mat
  artifactKey: Guid(3587656b0ffa44753a2168302c7700a5) Importer(2089858483,b0f066a214c2f5e87bad3c948f4d605d)
Start importing Assets/Prefabs/Rooms/CafeMaterials/Material.003.mat using Guid(3587656b0ffa44753a2168302c7700a5) Importer(2089858483,b0f066a214c2f5e87bad3c948f4d605d) (ScriptedImporter) -> (artifact id: 'e54219aec0c88800bbc6136097dc673e') in 0.0093126 seconds
Number of updated asset objects reloaded before import = 0Number of asset objects unloaded after import = 1

========================================================================
Received Import Request.
  Time since last request: 0.000022 seconds.
  path: Assets/Sprites/LoadScenes/scen 1/Безымянный-20040.png
  artifactKey: Guid(cf1879657586544e28936e996e4da19b) Importer(2089858483,b0f066a214c2f5e87bad3c948f4d605d)
Start importing Assets/Sprites/LoadScenes/scen 1/Безымянный-20040.png using Guid(cf1879657586544e28936e996e4da19b) Importer(2089858483,b0f066a214c2f5e87bad3c948f4d605d) (ScriptedImporter) -> (artifact id: 'd32f1fb1f2e995a56f8ac0958f8da614') in 0.0120454 seconds
Number of updated asset objects reloaded before import = 0Number of asset objects unloaded after import = 3

========================================================================
Received Import Request.
  Time since last request: 0.000016 seconds.
  path: Assets/Prefabs/Rooms/RoomsMaterials/Material.076 2.mat
  artifactKey: Guid(29112fcd79d8c4822bbed6be64df6d35) Importer(2089858483,b0f066a214c2f5e87bad3c948f4d605d)
Start importing Assets/Prefabs/Rooms/RoomsMaterials/Material.076 2.mat using Guid(29112fcd79d8c4822bbed6be64df6d35) Importer(2089858483,b0f066a214c2f5e87bad3c948f4d605d) (ScriptedImporter) -> (artifact id: '464d7f492f0a9a60e8017277392445f3') in 0.0090757 seconds
Number of updated asset objects reloaded before import = 0Number of asset objects unloaded after import = 1

========================================================================
Received Import Request.
  Time since last request: 0.000044 seconds.
  path: Assets/Prefabs/Rooms/RoomsMaterials/Material.022 1.mat
  artifactKey: Guid(8ff7e2861d2264652a47f5f77810c87f) Importer(2089858483,b0f066a214c2f5e87bad3c948f4d605d)
Start importing Assets/Prefabs/Rooms/RoomsMaterials/Material.022 1.mat using Guid(8ff7e2861d2264652a47f5f77810c87f) Importer(2089858483,b0f066a214c2f5e87bad3c948f4d605d) (ScriptedImporter) -> (artifact id: 'bfbcb379de13e83fe146df94f103aa0a') in 0.0087131 seconds
Number of updated asset objects reloaded before import = 0Number of asset objects unloaded after import = 1

========================================================================
Received Import Request.
  Time since last request: 0.000032 seconds.
  path: Assets/Prefabs/Rooms/RoomsMaterials/Material.027.mat
  artifactKey: Guid(e7d07c64642c348da86e6d71281779cc) Importer(2089858483,b0f066a214c2f5e87bad3c948f4d605d)
Start importing Assets/Prefabs/Rooms/RoomsMaterials/Material.027.mat using Guid(e7d07c64642c348da86e6d71281779cc) Importer(2089858483,b0f066a214c2f5e87bad3c948f4d605d) (ScriptedImporter) -> (artifact id: '88e615778fda23fee91bfeaae95967cf') in 0.0088422 seconds
Number of updated asset objects reloaded before import = 0Number of asset objects unloaded after import = 1

========================================================================
Received Import Request.
  Time since last request: 0.000017 seconds.
  path: Assets/Prefabs/Rooms/RoomsMaterials/M_wall_trim.mat
  artifactKey: Guid(70e2cb99802da4a06b413626ccdfa348) Importer(2089858483,b0f066a214c2f5e87bad3c948f4d605d)
Start importing Assets/Prefabs/Rooms/RoomsMaterials/M_wall_trim.mat using Guid(70e2cb99802da4a06b413626ccdfa348) Importer(2089858483,b0f066a214c2f5e87bad3c948f4d605d) (ScriptedImporter) -> (artifact id: '220585e503c19d542d1652a51ec79feb') in 0.0084952 seconds
Number of updated asset objects reloaded before import = 0Number of asset objects unloaded after import = 1

========================================================================
Received Import Request.
  Time since last request: 0.000058 seconds.
  path: Assets/Prefabs/Rooms/RoomsMaterials/Material.076 1.mat
  artifactKey: Guid(896a5d1ebce8f4c9aa43c3c93ab42ec0) Importer(2089858483,b0f066a214c2f5e87bad3c948f4d605d)
Start importing Assets/Prefabs/Rooms/RoomsMaterials/Material.076 1.mat using Guid(896a5d1ebce8f4c9aa43c3c93ab42ec0) Importer(2089858483,b0f066a214c2f5e87bad3c948f4d605d) (ScriptedImporter) -> (artifact id: '14b679976dfeb644614ebeaad654ba32') in 0.0089022 seconds
Number of updated asset objects reloaded before import = 0Number of asset objects unloaded after import = 1

========================================================================
Received Import Request.
  Time since last request: 0.000054 seconds.
  path: Assets/Prefabs/Rooms/RoomsMaterials/Material.056.mat
  artifactKey: Guid(50568509baf344f1690a2abf340c1ccc) Importer(2089858483,b0f066a214c2f5e87bad3c948f4d605d)
Start importing Assets/Prefabs/Rooms/RoomsMaterials/Material.056.mat using Guid(50568509baf344f1690a2abf340c1ccc) Importer(2089858483,b0f066a214c2f5e87bad3c948f4d605d) (ScriptedImporter) -> (artifact id: '4224b3429fc5d7307a22a716b33cca8d') in 0.0089273 seconds
Number of updated asset objects reloaded before import = 0Number of asset objects unloaded after import = 1

========================================================================
Received Import Request.
  Time since last request: 0.000102 seconds.
  path: Assets/Prefabs/Rooms/RoomsMaterials/M_carpet.mat
  artifactKey: Guid(7bfc92e5e38f64031a0cd2fe06206d5a) Importer(2089858483,b0f066a214c2f5e87bad3c948f4d605d)
Start importing Assets/Prefabs/Rooms/RoomsMaterials/M_carpet.mat using Guid(7bfc92e5e38f64031a0cd2fe06206d5a) Importer(2089858483,b0f066a214c2f5e87bad3c948f4d605d) (ScriptedImporter) -> (artifact id: '254efd6aaa3f5375be59929d90806c4c') in 0.0091192 seconds
Number of updated asset objects reloaded before import = 0Number of asset objects unloaded after import = 1

========================================================================
Received Import Request.
  Time since last request: 0.000027 seconds.
  path: Assets/Prefabs/Rooms/CafeMaterials/Material.015.mat
  artifactKey: Guid(32a9bf2ca7553426f951181126d09dc5) Importer(2089858483,b0f066a214c2f5e87bad3c948f4d605d)
Start importing Assets/Prefabs/Rooms/CafeMaterials/Material.015.mat using Guid(32a9bf2ca7553426f951181126d09dc5) Importer(2089858483,b0f066a214c2f5e87bad3c948f4d605d) (ScriptedImporter) -> (artifact id: '379d42481f2a8e9995a89eadf4aa1768') in 0.0086183 seconds
Number of updated asset objects reloaded before import = 0Number of asset objects unloaded after import = 1

========================================================================
Received Import Request.
  Time since last request: 0.000048 seconds.
  path: Assets/Sprites/city/gorod/gorod_00070.png
  artifactKey: Guid(1f082f12153b04f24947988339f22dc0) Importer(2089858483,b0f066a214c2f5e87bad3c948f4d605d)
Start importing Assets/Sprites/city/gorod/gorod_00070.png using Guid(1f082f12153b04f24947988339f22dc0) Importer(2089858483,b0f066a214c2f5e87bad3c948f4d605d) (ScriptedImporter) -> (artifact id: '53b8f6792ec04e7e9d682304ea0f3c33') in 0.0162289 seconds
Number of updated asset objects reloaded before import = 0Number of asset objects unloaded after import = 3

========================================================================
Received Import Request.
  Time since last request: 0.000014 seconds.
  path: Assets/Sprites/LoadScenes/scen 1/Безымянный-20059.png
  artifactKey: Guid(f3cf26f108045462cb8e82f1a1d5c6ee) Importer(2089858483,b0f066a214c2f5e87bad3c948f4d605d)
Start importing Assets/Sprites/LoadScenes/scen 1/Безымянный-20059.png using Guid(f3cf26f108045462cb8e82f1a1d5c6ee) Importer(2089858483,b0f066a214c2f5e87bad3c948f4d605d) (ScriptedImporter) -> (artifact id: 'f00f8241f5ebc834e40d9ff2d29b8672') in 0.0120629 seconds
Number of updated asset objects reloaded before import = 0Number of asset objects unloaded after import = 3

========================================================================
Received Import Request.
  Time since last request: 0.000013 seconds.
  path: Assets/Prefabs/Rooms/CafeMaterials/7191_display3_2sided.mat
  artifactKey: Guid(c20b547cf78f5446cb6dfb3b83c5c14e) Importer(2089858483,b0f066a214c2f5e87bad3c948f4d605d)
Start importing Assets/Prefabs/Rooms/CafeMaterials/7191_display3_2sided.mat using Guid(c20b547cf78f5446cb6dfb3b83c5c14e) Importer(2089858483,b0f066a214c2f5e87bad3c948f4d605d) (ScriptedImporter) -> (artifact id: 'face0aaf304638258a12f1795016458e') in 0.0089345 seconds
Number of updated asset objects reloaded before import = 0Number of asset objects unloaded after import = 1

========================================================================
Received Import Request.
  Time since last request: 0.000103 seconds.
  path: Assets/Sprites/city/gorod/gorod_00060.png
  artifactKey: Guid(4cea31412c5744e72927a3a4f9c5343c) Importer(2089858483,b0f066a214c2f5e87bad3c948f4d605d)
Start importing Assets/Sprites/city/gorod/gorod_00060.png using Guid(4cea31412c5744e72927a3a4f9c5343c) Importer(2089858483,b0f066a214c2f5e87bad3c948f4d605d) (ScriptedImporter) -> (artifact id: '0eb26dea791555c93937fa8b324224ed') in 0.0166947 seconds
Number of updated asset objects reloaded before import = 0Number of asset objects unloaded after import = 3

========================================================================
Received Import Request.
  Time since last request: 0.000020 seconds.
  path: Assets/Prefabs/Rooms/RoomsMaterials/Material.011.mat
  artifactKey: Guid(59e71ec654ea943b6b6597750ea40f88) Importer(2089858483,b0f066a214c2f5e87bad3c948f4d605d)
Start importing Assets/Prefabs/Rooms/RoomsMaterials/Material.011.mat using Guid(59e71ec654ea943b6b6597750ea40f88) Importer(2089858483,b0f066a214c2f5e87bad3c948f4d605d) (ScriptedImporter) -> (artifact id: '601021f7f1f2b568f92a9e8c6d497354') in 0.0106119 seconds
Number of updated asset objects reloaded before import = 0Number of asset objects unloaded after import = 1

========================================================================
Received Import Request.
  Time since last request: 0.000105 seconds.
  path: Assets/Prefabs/Rooms/RoomsMaterials/Material.098 1.mat
  artifactKey: Guid(e970d8abcaaba4f46ae8e5736f913050) Importer(2089858483,b0f066a214c2f5e87bad3c948f4d605d)
Start importing Assets/Prefabs/Rooms/RoomsMaterials/Material.098 1.mat using Guid(e970d8abcaaba4f46ae8e5736f913050) Importer(2089858483,b0f066a214c2f5e87bad3c948f4d605d) (ScriptedImporter) -> (artifact id: 'b41f445c7e595bb27efa9b625792fbfc') in 0.0101404 seconds
Number of updated asset objects reloaded before import = 0Number of asset objects unloaded after import = 1

========================================================================
Received Import Request.
  Time since last request: 0.000096 seconds.
  path: Assets/Prefabs/Rooms/RoomsMaterials/Material.072.mat
  artifactKey: Guid(12d17da5280e9489785107e745937500) Importer(2089858483,b0f066a214c2f5e87bad3c948f4d605d)
Start importing Assets/Prefabs/Rooms/RoomsMaterials/Material.072.mat using Guid(12d17da5280e9489785107e745937500) Importer(2089858483,b0f066a214c2f5e87bad3c948f4d605d) (ScriptedImporter) -> (artifact id: 'd9c303817230a9ece3bc090f66d4a366') in 0.0490001 seconds
Number of updated asset objects reloaded before import = 0Number of asset objects unloaded after import = 1

========================================================================
Received Import Request.
  Time since last request: 0.000049 seconds.
  path: Assets/Sprites/city/gorod/gorod_00016.png
  artifactKey: Guid(6e5a34813b63f48f99319bf8a1702808) Importer(2089858483,b0f066a214c2f5e87bad3c948f4d605d)
Start importing Assets/Sprites/city/gorod/gorod_00016.png using Guid(6e5a34813b63f48f99319bf8a1702808) Importer(2089858483,b0f066a214c2f5e87bad3c948f4d605d) (ScriptedImporter) -> (artifact id: '63396ded4305882e7f314c76de47eef3') in 0.0181828 seconds
Number of updated asset objects reloaded before import = 0Number of asset objects unloaded after import = 3

========================================================================
Received Import Request.
  Time since last request: 0.000021 seconds.
  path: Assets/Prefabs/Rooms/RoomsMaterials/M_tea 1.mat
  artifactKey: Guid(8622a9058ae814c3981579d79a420004) Importer(2089858483,b0f066a214c2f5e87bad3c948f4d605d)
Start importing Assets/Prefabs/Rooms/RoomsMaterials/M_tea 1.mat using Guid(8622a9058ae814c3981579d79a420004) Importer(2089858483,b0f066a214c2f5e87bad3c948f4d605d) (ScriptedImporter) -> (artifact id: '575b4360e547afc91a10a7b142a61c02') in 0.0089476 seconds
Number of updated asset objects reloaded before import = 0Number of asset objects unloaded after import = 1

========================================================================
Received Import Request.
  Time since last request: 0.000017 seconds.
  path: Assets/Prefabs/Rooms/OfficeMaterials/Material.063.mat
  artifactKey: Guid(3ee9da8c5cf374b54a9a8aa30720fa26) Importer(2089858483,b0f066a214c2f5e87bad3c948f4d605d)
Start importing Assets/Prefabs/Rooms/OfficeMaterials/Material.063.mat using Guid(3ee9da8c5cf374b54a9a8aa30720fa26) Importer(2089858483,b0f066a214c2f5e87bad3c948f4d605d) (ScriptedImporter) -> (artifact id: '32bec8feaf8ac010a84a18b24bf9b276') in 0.0093812 seconds
Number of updated asset objects reloaded before import = 0Number of asset objects unloaded after import = 1

========================================================================
Received Import Request.
  Time since last request: 0.000019 seconds.
  path: Assets/Prefabs/Rooms/RoomsMaterials/Material_51 1.mat
  artifactKey: Guid(d4f5f030ababa4055aa454d932e3934e) Importer(2089858483,b0f066a214c2f5e87bad3c948f4d605d)
Start importing Assets/Prefabs/Rooms/RoomsMaterials/Material_51 1.mat using Guid(d4f5f030ababa4055aa454d932e3934e) Importer(2089858483,b0f066a214c2f5e87bad3c948f4d605d) (ScriptedImporter) -> (artifact id: '0aad34ca589d513e474be92e28ec4a65') in 0.0086365 seconds
Number of updated asset objects reloaded before import = 0Number of asset objects unloaded after import = 1

========================================================================
Received Import Request.
  Time since last request: 0.000017 seconds.
  path: Assets/Sprites/LoadScenes/Scene 1.anim
  artifactKey: Guid(f7109f29be5a6497c816f92dc809fb17) Importer(2089858483,b0f066a214c2f5e87bad3c948f4d605d)
Start importing Assets/Sprites/LoadScenes/Scene 1.anim using Guid(f7109f29be5a6497c816f92dc809fb17) Importer(2089858483,b0f066a214c2f5e87bad3c948f4d605d) (ScriptedImporter) -> (artifact id: '343145fda7a6f2894044b2b19820728b') in 0.0165989 seconds
Number of updated asset objects reloaded before import = 0Number of asset objects unloaded after import = 1

========================================================================
Received Import Request.
  Time since last request: 0.000105 seconds.
  path: Assets/Prefabs/Rooms/RoomsMaterials/Material.099 2.mat
  artifactKey: Guid(94cc322e7c353490c831f877f8b907e9) Importer(2089858483,b0f066a214c2f5e87bad3c948f4d605d)
Start importing Assets/Prefabs/Rooms/RoomsMaterials/Material.099 2.mat using Guid(94cc322e7c353490c831f877f8b907e9) Importer(2089858483,b0f066a214c2f5e87bad3c948f4d605d) (ScriptedImporter) -> (artifact id: '213fc4ba6fa2edfd2dfe1d7b3610e949') in 0.0080938 seconds
Number of updated asset objects reloaded before import = 0Number of asset objects unloaded after import = 1

========================================================================
Received Import Request.
  Time since last request: 0.000079 seconds.
  path: Assets/Scripts/Camera/CameraZoom.cs
  artifactKey: Guid(d933df5a3f01744e0b20dc91e6571c47) Importer(2089858483,b0f066a214c2f5e87bad3c948f4d605d)
Start importing Assets/Scripts/Camera/CameraZoom.cs using Guid(d933df5a3f01744e0b20dc91e6571c47) Importer(2089858483,b0f066a214c2f5e87bad3c948f4d605d) (ScriptedImporter) -> (artifact id: '130a2365e02e5da2a4e454feb5a72167') in 0.0076424 seconds
Number of updated asset objects reloaded before import = 0Number of asset objects unloaded after import = 0

========================================================================
Received Import Request.
  Time since last request: 0.000089 seconds.
  path: Assets/Sprites/LoadScenes/scen 1/Безымянный-20029.png
  artifactKey: Guid(a5bcac6ab80b54d218f02e3b40dbe2f2) Importer(2089858483,b0f066a214c2f5e87bad3c948f4d605d)
Start importing Assets/Sprites/LoadScenes/scen 1/Безымянный-20029.png using Guid(a5bcac6ab80b54d218f02e3b40dbe2f2) Importer(2089858483,b0f066a214c2f5e87bad3c948f4d605d) (ScriptedImporter) -> (artifact id: '71502cd55202b76ce4c96f9473fd2b35') in 0.0181171 seconds
Number of updated asset objects reloaded before import = 0Number of asset objects unloaded after import = 3

========================================================================
Received Import Request.
  Time since last request: 0.000017 seconds.
  path: Assets/Prefabs/Rooms/CafeMaterials/Scratched Silver Metal.mat
  artifactKey: Guid(d195f844a5c064e96a8af1afaef1fe96) Importer(2089858483,b0f066a214c2f5e87bad3c948f4d605d)
Start importing Assets/Prefabs/Rooms/CafeMaterials/Scratched Silver Metal.mat using Guid(d195f844a5c064e96a8af1afaef1fe96) Importer(2089858483,b0f066a214c2f5e87bad3c948f4d605d) (ScriptedImporter) -> (artifact id: '4a95027d1270d2ed4b1902a77188c4e6') in 0.00919 seconds
Number of updated asset objects reloaded before import = 0Number of asset objects unloaded after import = 1

========================================================================
Received Import Request.
  Time since last request: 0.000028 seconds.
  path: Assets/Sprites/settings_icon/button_sprite.png
  artifactKey: Guid(a5985196f38234eb9aee7c1ffbaeb518) Importer(2089858483,b0f066a214c2f5e87bad3c948f4d605d)
Start importing Assets/Sprites/settings_icon/button_sprite.png using Guid(a5985196f38234eb9aee7c1ffbaeb518) Importer(2089858483,b0f066a214c2f5e87bad3c948f4d605d) (ScriptedImporter) -> (artifact id: '29c4c37efc8d53ea50374edebaba7a8e') in 0.0180873 seconds
Number of updated asset objects reloaded before import = 0Number of asset objects unloaded after import = 3

========================================================================
Received Import Request.
  Time since last request: 0.000018 seconds.
  path: Assets/Sprites/city/gorod/gorod_00085.png
  artifactKey: Guid(c998c59e7818045be929c7e2ddaf663b) Importer(2089858483,b0f066a214c2f5e87bad3c948f4d605d)
Start importing Assets/Sprites/city/gorod/gorod_00085.png using Guid(c998c59e7818045be929c7e2ddaf663b) Importer(2089858483,b0f066a214c2f5e87bad3c948f4d605d) (ScriptedImporter) -> (artifact id: 'f12ac918841cb23e1d616767c3248cce') in 0.0170406 seconds
Number of updated asset objects reloaded before import = 0Number of asset objects unloaded after import = 3

========================================================================
Received Import Request.
  Time since last request: 0.000016 seconds.
  path: Assets/Sprites/city/gorod/gorod_00053.png
  artifactKey: Guid(6bf052332fc8140559bf477c7fdc0a1c) Importer(2089858483,b0f066a214c2f5e87bad3c948f4d605d)
Start importing Assets/Sprites/city/gorod/gorod_00053.png using Guid(6bf052332fc8140559bf477c7fdc0a1c) Importer(2089858483,b0f066a214c2f5e87bad3c948f4d605d) (ScriptedImporter) -> (artifact id: '518eb7c2e63ca300897f05f32746fe9b') in 0.0171 seconds
Number of updated asset objects reloaded before import = 0Number of asset objects unloaded after import = 3

========================================================================
Received Import Request.
  Time since last request: 0.000017 seconds.
  path: Assets/Sprites/LoadScenes/scen 1/Безымянный-20071.png
  artifactKey: Guid(c6dd93d461332413b9fff1e37aab65fa) Importer(2089858483,b0f066a214c2f5e87bad3c948f4d605d)
Start importing Assets/Sprites/LoadScenes/scen 1/Безымянный-20071.png using Guid(c6dd93d461332413b9fff1e37aab65fa) Importer(2089858483,b0f066a214c2f5e87bad3c948f4d605d) (ScriptedImporter) -> (artifact id: '47d6b38fe4f7993df19d3a4eea327507') in 0.0167027 seconds
Number of updated asset objects reloaded before import = 0Number of asset objects unloaded after import = 3

========================================================================
Received Import Request.
  Time since last request: 0.000018 seconds.
  path: Assets/Prefabs/Rooms/RoomsMaterials/Material.021.mat
  artifactKey: Guid(45d52605964454bcaa9361f02e8b2a61) Importer(2089858483,b0f066a214c2f5e87bad3c948f4d605d)
Start importing Assets/Prefabs/Rooms/RoomsMaterials/Material.021.mat using Guid(45d52605964454bcaa9361f02e8b2a61) Importer(2089858483,b0f066a214c2f5e87bad3c948f4d605d) (ScriptedImporter) -> (artifact id: 'e30cbae3b03a7f10757830cd287900bd') in 0.0088495 seconds
Number of updated asset objects reloaded before import = 0Number of asset objects unloaded after import = 1

========================================================================
Received Import Request.
  Time since last request: 0.000052 seconds.
  path: Assets/Prefabs/Rooms/CafeMaterials/Material.048.mat
  artifactKey: Guid(68c3782fe0e0f4434a871e7f80981da9) Importer(2089858483,b0f066a214c2f5e87bad3c948f4d605d)
Start importing Assets/Prefabs/Rooms/CafeMaterials/Material.048.mat using Guid(68c3782fe0e0f4434a871e7f80981da9) Importer(2089858483,b0f066a214c2f5e87bad3c948f4d605d) (ScriptedImporter) -> (artifact id: 'f8afd5ba7b0229a5b3a76885406bdead') in 0.0092324 seconds
Number of updated asset objects reloaded before import = 0Number of asset objects unloaded after import = 1

========================================================================
Received Import Request.
  Time since last request: 0.000059 seconds.
  path: Assets/Prefabs/Rooms/CafeMaterials/Scratched metal.mat
  artifactKey: Guid(5f60058325ad542a28ec42265b34532d) Importer(2089858483,b0f066a214c2f5e87bad3c948f4d605d)
Start importing Assets/Prefabs/Rooms/CafeMaterials/Scratched metal.mat using Guid(5f60058325ad542a28ec42265b34532d) Importer(2089858483,b0f066a214c2f5e87bad3c948f4d605d) (ScriptedImporter) -> (artifact id: 'd6e9a0a748d7cadb23e70706e501ec39') in 0.0093476 seconds
Number of updated asset objects reloaded before import = 0Number of asset objects unloaded after import = 1

========================================================================
Received Import Request.
  Time since last request: 0.000068 seconds.
  path: Assets/Sprites/LoadScenes/scen 1/Безымянный-20026.png
  artifactKey: Guid(11cef55d48b4047f28bb5925dd45c2e9) Importer(2089858483,b0f066a214c2f5e87bad3c948f4d605d)
Start importing Assets/Sprites/LoadScenes/scen 1/Безымянный-20026.png using Guid(11cef55d48b4047f28bb5925dd45c2e9) Importer(2089858483,b0f066a214c2f5e87bad3c948f4d605d) (ScriptedImporter) -> (artifact id: '6433d4bdd27053e71dbc9456bb15820e') in 0.0123097 seconds
Number of updated asset objects reloaded before import = 0Number of asset objects unloaded after import = 3

========================================================================
Received Import Request.
  Time since last request: 0.000015 seconds.
  path: Assets/Prefabs/Rooms/CafeMaterials/Material.024.mat
  artifactKey: Guid(20b58a4b13e6b460ea21e1a3490443eb) Importer(2089858483,b0f066a214c2f5e87bad3c948f4d605d)
Start importing Assets/Prefabs/Rooms/CafeMaterials/Material.024.mat using Guid(20b58a4b13e6b460ea21e1a3490443eb) Importer(2089858483,b0f066a214c2f5e87bad3c948f4d605d) (ScriptedImporter) -> (artifact id: 'b1801c0ab0f40e2011a05f0d0c805f41') in 0.0100146 seconds
Number of updated asset objects reloaded before import = 0Number of asset objects unloaded after import = 1

========================================================================
Received Import Request.
  Time since last request: 0.000045 seconds.
  path: Assets/Prefabs/Rooms/RoomsMaterials/M_carpet 1.mat
  artifactKey: Guid(f1cfb095181454f5dbbec29d5c170e7b) Importer(2089858483,b0f066a214c2f5e87bad3c948f4d605d)
Start importing Assets/Prefabs/Rooms/RoomsMaterials/M_carpet 1.mat using Guid(f1cfb095181454f5dbbec29d5c170e7b) Importer(2089858483,b0f066a214c2f5e87bad3c948f4d605d) (ScriptedImporter) -> (artifact id: 'c6ec49eb9ed2d32eccd4e033b24a3b5a') in 0.0091704 seconds
Number of updated asset objects reloaded before import = 0Number of asset objects unloaded after import = 1

========================================================================
Received Import Request.
  Time since last request: 0.000035 seconds.
  path: Assets/Prefabs/Rooms/RoomsMaterials/Material.026 2.mat
  artifactKey: Guid(e8cde31d99adc4a30afeeef39ff72368) Importer(2089858483,b0f066a214c2f5e87bad3c948f4d605d)
Start importing Assets/Prefabs/Rooms/RoomsMaterials/Material.026 2.mat using Guid(e8cde31d99adc4a30afeeef39ff72368) Importer(2089858483,b0f066a214c2f5e87bad3c948f4d605d) (ScriptedImporter) -> (artifact id: 'bfdd5f88c872e6a9b86b0bc182d8b863') in 0.0090153 seconds
Number of updated asset objects reloaded before import = 0Number of asset objects unloaded after import = 1

========================================================================
Received Import Request.
  Time since last request: 0.000044 seconds.
  path: Assets/Prefabs/Rooms/OfficeMaterials/PC-1Back_Panel.mat
  artifactKey: Guid(206f662c3dfb44ad986e27f8dd41e95e) Importer(2089858483,b0f066a214c2f5e87bad3c948f4d605d)
Start importing Assets/Prefabs/Rooms/OfficeMaterials/PC-1Back_Panel.mat using Guid(206f662c3dfb44ad986e27f8dd41e95e) Importer(2089858483,b0f066a214c2f5e87bad3c948f4d605d) (ScriptedImporter) -> (artifact id: '0b7dc8359988e8fa2720ea3927cc956d') in 0.0090986 seconds
Number of updated asset objects reloaded before import = 0Number of asset objects unloaded after import = 1

========================================================================
Received Import Request.
  Time since last request: 0.000070 seconds.
  path: Assets/Prefabs/Rooms/RoomsMaterials/M_paper_bag 1.mat
  artifactKey: Guid(c924cb4e3153d4934ab9b2003bb0f9d0) Importer(2089858483,b0f066a214c2f5e87bad3c948f4d605d)
Start importing Assets/Prefabs/Rooms/RoomsMaterials/M_paper_bag 1.mat using Guid(c924cb4e3153d4934ab9b2003bb0f9d0) Importer(2089858483,b0f066a214c2f5e87bad3c948f4d605d) (ScriptedImporter) -> (artifact id: 'd2aa806f07ea0e9470c709dd38e81aff') in 0.0095076 seconds
Number of updated asset objects reloaded before import = 0Number of asset objects unloaded after import = 1

========================================================================
Received Import Request.
  Time since last request: 0.000044 seconds.
  path: Assets/Prefabs/Rooms/CafeMaterials/auto_3.mat
  artifactKey: Guid(49f70bf057de14f0a9c9b492801f0862) Importer(2089858483,b0f066a214c2f5e87bad3c948f4d605d)
Start importing Assets/Prefabs/Rooms/CafeMaterials/auto_3.mat using Guid(49f70bf057de14f0a9c9b492801f0862) Importer(2089858483,b0f066a214c2f5e87bad3c948f4d605d) (ScriptedImporter) -> (artifact id: '04f45ba49daaa801b992c70d1d89edac') in 0.0097074 seconds
Number of updated asset objects reloaded before import = 0Number of asset objects unloaded after import = 1

========================================================================
Received Import Request.
  Time since last request: 0.000014 seconds.
  path: Assets/TextMesh Pro/Resources/Fonts & Materials/LiberationSans SDF - Outline.mat
  artifactKey: Guid(79459efec17a4d00a321bdcc27bbc385) Importer(2089858483,b0f066a214c2f5e87bad3c948f4d605d)
Start importing Assets/TextMesh Pro/Resources/Fonts & Materials/LiberationSans SDF - Outline.mat using Guid(79459efec17a4d00a321bdcc27bbc385) Importer(2089858483,b0f066a214c2f5e87bad3c948f4d605d) (ScriptedImporter) -> (artifact id: '3813ccb6e6c763b3412a3eace8d88330') in 0.0161193 seconds
Number of updated asset objects reloaded before import = 0Number of asset objects unloaded after import = 2

========================================================================
Received Import Request.
  Time since last request: 0.000015 seconds.
  path: Assets/Sprites/city/gorod/gorod_00107.png
  artifactKey: Guid(46b5c41629ba2434c981627595e3608e) Importer(2089858483,b0f066a214c2f5e87bad3c948f4d605d)
Start importing Assets/Sprites/city/gorod/gorod_00107.png using Guid(46b5c41629ba2434c981627595e3608e) Importer(2089858483,b0f066a214c2f5e87bad3c948f4d605d) (ScriptedImporter) -> (artifact id: '8315ebfb6344733c390126ef4a6b8b52') in 0.0174791 seconds
Number of updated asset objects reloaded before import = 0Number of asset objects unloaded after import = 3

========================================================================
Received Import Request.
  Time since last request: 0.000017 seconds.
  path: Assets/Prefabs/Rooms/CafeMaterials/Toon glass shader.mat
  artifactKey: Guid(c578fe092132e42ecbbf09c87e1f8a19) Importer(2089858483,b0f066a214c2f5e87bad3c948f4d605d)
Start importing Assets/Prefabs/Rooms/CafeMaterials/Toon glass shader.mat using Guid(c578fe092132e42ecbbf09c87e1f8a19) Importer(2089858483,b0f066a214c2f5e87bad3c948f4d605d) (ScriptedImporter) -> (artifact id: '1fe60914add3a1a29e7808b218615c19') in 0.0086519 seconds
Number of updated asset objects reloaded before import = 0Number of asset objects unloaded after import = 1

========================================================================
Received Import Request.
  Time since last request: 0.000061 seconds.
  path: Assets/Sprites/LoadScenes/scen 1/Безымянный-20122.png
  artifactKey: Guid(0305f1111a78f4b78b5e4f0c5dd09916) Importer(2089858483,b0f066a214c2f5e87bad3c948f4d605d)
Start importing Assets/Sprites/LoadScenes/scen 1/Безымянный-20122.png using Guid(0305f1111a78f4b78b5e4f0c5dd09916) Importer(2089858483,b0f066a214c2f5e87bad3c948f4d605d) (ScriptedImporter) -> (artifact id: '84b7d95ea91f5927b2b09ad42cfdbe18') in 0.0133654 seconds
Number of updated asset objects reloaded before import = 0Number of asset objects unloaded after import = 3

========================================================================
Received Import Request.
  Time since last request: 0.000021 seconds.
  path: Assets/Sprites/LoadScenes/scen 1/Безымянный-20102.png
  artifactKey: Guid(2e88e551baf564fe59a8608532d63a62) Importer(2089858483,b0f066a214c2f5e87bad3c948f4d605d)
Start importing Assets/Sprites/LoadScenes/scen 1/Безымянный-20102.png using Guid(2e88e551baf564fe59a8608532d63a62) Importer(2089858483,b0f066a214c2f5e87bad3c948f4d605d) (ScriptedImporter) -> (artifact id: '25402192839cd4ca01a4f930e22f9a4a') in 0.0127799 seconds
Number of updated asset objects reloaded before import = 0Number of asset objects unloaded after import = 3

========================================================================
Received Import Request.
  Time since last request: 0.000018 seconds.
  path: Assets/Prefabs/Rooms/CafeMaterials
  artifactKey: Guid(3462ea03d469742e097ad4b93a1c775e) Importer(2089858483,b0f066a214c2f5e87bad3c948f4d605d)
Start importing Assets/Prefabs/Rooms/CafeMaterials using Guid(3462ea03d469742e097ad4b93a1c775e) Importer(2089858483,b0f066a214c2f5e87bad3c948f4d605d) (ScriptedImporter) -> (artifact id: '222a00628598dd3b2ad481a2a1e74c5b') in 0.0091502 seconds
Number of updated asset objects reloaded before import = 0Number of asset objects unloaded after import = 1

========================================================================
Received Import Request.
  Time since last request: 0.000063 seconds.
  path: Assets/Prefabs/Rooms/CafeMaterials/Material.070.mat
  artifactKey: Guid(453d0e33ac1d74e688fb01fed8620ebe) Importer(2089858483,b0f066a214c2f5e87bad3c948f4d605d)
Start importing Assets/Prefabs/Rooms/CafeMaterials/Material.070.mat using Guid(453d0e33ac1d74e688fb01fed8620ebe) Importer(2089858483,b0f066a214c2f5e87bad3c948f4d605d) (ScriptedImporter) -> (artifact id: 'e70b2c9cf8e02a44261ecfb03a2b9391') in 0.0087099 seconds
Number of updated asset objects reloaded before import = 0Number of asset objects unloaded after import = 1

========================================================================
Received Import Request.
  Time since last request: 0.000044 seconds.
  path: Assets/Prefabs/Rooms/RoomsMaterials/Material.067 2.mat
  artifactKey: Guid(397f8bba95ec6407eacd3aad7b8b4c9d) Importer(2089858483,b0f066a214c2f5e87bad3c948f4d605d)
Start importing Assets/Prefabs/Rooms/RoomsMaterials/Material.067 2.mat using Guid(397f8bba95ec6407eacd3aad7b8b4c9d) Importer(2089858483,b0f066a214c2f5e87bad3c948f4d605d) (ScriptedImporter) -> (artifact id: 'e8e9ca0efd3c7160e643283fe5a99c42') in 0.0090884 seconds
Number of updated asset objects reloaded before import = 0Number of asset objects unloaded after import = 1

========================================================================
Received Import Request.
  Time since last request: 0.000093 seconds.
  path: Assets/Prefabs/Rooms/OfficeMaterials/paint_blue.mat
  artifactKey: Guid(bde55d1c2d30148ecb1aea4086fa834d) Importer(2089858483,b0f066a214c2f5e87bad3c948f4d605d)
Start importing Assets/Prefabs/Rooms/OfficeMaterials/paint_blue.mat using Guid(bde55d1c2d30148ecb1aea4086fa834d) Importer(2089858483,b0f066a214c2f5e87bad3c948f4d605d) (ScriptedImporter) -> (artifact id: '9796fcd38ff7a4b7b49add718fb5529e') in 0.0091333 seconds
Number of updated asset objects reloaded before import = 0Number of asset objects unloaded after import = 1

========================================================================
Received Import Request.
  Time since last request: 0.000061 seconds.
  path: Assets/Scripts/AdminTable
  artifactKey: Guid(66b3a3a97424b49488b5c7311272c17f) Importer(2089858483,b0f066a214c2f5e87bad3c948f4d605d)
Start importing Assets/Scripts/AdminTable using Guid(66b3a3a97424b49488b5c7311272c17f) Importer(2089858483,b0f066a214c2f5e87bad3c948f4d605d) (ScriptedImporter) -> (artifact id: '2bfae34b2417d5c880636ceea71630b1') in 0.0074816 seconds
Number of updated asset objects reloaded before import = 0Number of asset objects unloaded after import = 1

========================================================================
Received Import Request.
  Time since last request: 0.000057 seconds.
  path: Assets/Sprites/LoadScenes/scen 1/Безымянный-20103.png
  artifactKey: Guid(205ab5353cb294108a58a4e778a5b074) Importer(2089858483,b0f066a214c2f5e87bad3c948f4d605d)
Start importing Assets/Sprites/LoadScenes/scen 1/Безымянный-20103.png using Guid(205ab5353cb294108a58a4e778a5b074) Importer(2089858483,b0f066a214c2f5e87bad3c948f4d605d) (ScriptedImporter) -> (artifact id: '0d3885cc9ad5e56360bd49f9384da436') in 0.0125705 seconds
Number of updated asset objects reloaded before import = 0Number of asset objects unloaded after import = 3

========================================================================
Received Import Request.
  Time since last request: 0.000029 seconds.
  path: Assets/Sprites/city/gorod/gorod_00134.png
  artifactKey: Guid(71522c479346a4eadb1394a76fd77a2d) Importer(2089858483,b0f066a214c2f5e87bad3c948f4d605d)
Start importing Assets/Sprites/city/gorod/gorod_00134.png using Guid(71522c479346a4eadb1394a76fd77a2d) Importer(2089858483,b0f066a214c2f5e87bad3c948f4d605d) (ScriptedImporter) -> (artifact id: '43ca3a9f1a48108e8a5a16805ea48f2f') in 0.0169333 seconds
Number of updated asset objects reloaded before import = 0Number of asset objects unloaded after import = 3

========================================================================
Received Import Request.
  Time since last request: 0.000028 seconds.
  path: Assets/Prefabs/Rooms/OfficeMaterials/Material.039.mat
  artifactKey: Guid(974f8fa7e80e146d29aea9768b930b4c) Importer(2089858483,b0f066a214c2f5e87bad3c948f4d605d)
Start importing Assets/Prefabs/Rooms/OfficeMaterials/Material.039.mat using Guid(974f8fa7e80e146d29aea9768b930b4c) Importer(2089858483,b0f066a214c2f5e87bad3c948f4d605d) (ScriptedImporter) -> (artifact id: 'a3ec9265585d98f2c79ee92cd7e193bc') in 0.0089024 seconds
Number of updated asset objects reloaded before import = 0Number of asset objects unloaded after import = 1

========================================================================
Received Import Request.
  Time since last request: 0.000081 seconds.
  path: Assets/Sprites/Manual/love.png
  artifactKey: Guid(e69b3e900ac9749bfbf3c894ddd9bc4d) Importer(2089858483,b0f066a214c2f5e87bad3c948f4d605d)
Start importing Assets/Sprites/Manual/love.png using Guid(e69b3e900ac9749bfbf3c894ddd9bc4d) Importer(2089858483,b0f066a214c2f5e87bad3c948f4d605d) (ScriptedImporter) -> (artifact id: '8c36ad251932d86e8561d3f254266e7a') in 0.0155697 seconds
Number of updated asset objects reloaded before import = 0Number of asset objects unloaded after import = 3

========================================================================
Received Import Request.
  Time since last request: 0.000024 seconds.
  path: Assets/Prefabs/Rooms/RoomsMaterials/Material.036 2.mat
  artifactKey: Guid(e52c2223daaec44ccbc814833073086e) Importer(2089858483,b0f066a214c2f5e87bad3c948f4d605d)
Start importing Assets/Prefabs/Rooms/RoomsMaterials/Material.036 2.mat using Guid(e52c2223daaec44ccbc814833073086e) Importer(2089858483,b0f066a214c2f5e87bad3c948f4d605d) (ScriptedImporter) -> (artifact id: '35654932d4652a53708eeee9d9b95b8b') in 0.0101533 seconds
Number of updated asset objects reloaded before import = 0Number of asset objects unloaded after import = 1

========================================================================
Received Import Request.
  Time since last request: 0.000083 seconds.
  path: Assets/Prefabs/Rooms/CafeMaterials/Material #44344.mat
  artifactKey: Guid(eb4f042ca1b7a429a8c1c7abe033be80) Importer(2089858483,b0f066a214c2f5e87bad3c948f4d605d)
Start importing Assets/Prefabs/Rooms/CafeMaterials/Material #44344.mat using Guid(eb4f042ca1b7a429a8c1c7abe033be80) Importer(2089858483,b0f066a214c2f5e87bad3c948f4d605d) (ScriptedImporter) -> (artifact id: 'c0e47123731259fb8fa56fed3b1ad442') in 0.0078339 seconds
Number of updated asset objects reloaded before import = 0Number of asset objects unloaded after import = 1

========================================================================
Received Import Request.
  Time since last request: 0.000093 seconds.
  path: Assets/Prefabs/Rooms/RoomsMaterials/M_books 1.mat
  artifactKey: Guid(384d43b38382b49b486e112ebe3348f6) Importer(2089858483,b0f066a214c2f5e87bad3c948f4d605d)
Start importing Assets/Prefabs/Rooms/RoomsMaterials/M_books 1.mat using Guid(384d43b38382b49b486e112ebe3348f6) Importer(2089858483,b0f066a214c2f5e87bad3c948f4d605d) (ScriptedImporter) -> (artifact id: '02268cf4750990afa188f39a8610b9a8') in 0.008853 seconds
Number of updated asset objects reloaded before import = 0Number of asset objects unloaded after import = 1

========================================================================
Received Import Request.
  Time since last request: 0.000078 seconds.
  path: Assets/Prefabs/Rooms/RoomsMaterials/Material.001 2.mat
  artifactKey: Guid(f76ac6681a025497184d4e5661ceaf88) Importer(2089858483,b0f066a214c2f5e87bad3c948f4d605d)
Start importing Assets/Prefabs/Rooms/RoomsMaterials/Material.001 2.mat using Guid(f76ac6681a025497184d4e5661ceaf88) Importer(2089858483,b0f066a214c2f5e87bad3c948f4d605d) (ScriptedImporter) -> (artifact id: 'bddcdff76cd26a2d229accee9c9b4ac8') in 0.0086454 seconds
Number of updated asset objects reloaded before import = 0Number of asset objects unloaded after import = 1

========================================================================
Received Import Request.
  Time since last request: 0.000078 seconds.
  path: Assets/Prefabs/Rooms/RoomsMaterials/Material.015 2.mat
  artifactKey: Guid(8fbe904fe56f6446eb9ab73f8c68114c) Importer(2089858483,b0f066a214c2f5e87bad3c948f4d605d)
Start importing Assets/Prefabs/Rooms/RoomsMaterials/Material.015 2.mat using Guid(8fbe904fe56f6446eb9ab73f8c68114c) Importer(2089858483,b0f066a214c2f5e87bad3c948f4d605d) (ScriptedImporter) -> (artifact id: '2c94df6b913e1f35f09cc05e3cf3d4a3') in 0.0082132 seconds
Number of updated asset objects reloaded before import = 0Number of asset objects unloaded after import = 1

========================================================================
Received Import Request.
  Time since last request: 0.000061 seconds.
  path: Assets/Sprites/LoadScenes/scen 1/Безымянный-20069.png
  artifactKey: Guid(8c0f73a04bd214e308d47806bc647752) Importer(2089858483,b0f066a214c2f5e87bad3c948f4d605d)
Start importing Assets/Sprites/LoadScenes/scen 1/Безымянный-20069.png using Guid(8c0f73a04bd214e308d47806bc647752) Importer(2089858483,b0f066a214c2f5e87bad3c948f4d605d) (ScriptedImporter) -> (artifact id: '92f4502d2f5e71a6983b149550e54aa0') in 0.0139081 seconds
Number of updated asset objects reloaded before import = 0Number of asset objects unloaded after import = 3

========================================================================
Received Import Request.
  Time since last request: 0.000015 seconds.
  path: Assets/Prefabs/Rooms/CafeMaterials/7191_receipt.mat
  artifactKey: Guid(c487fcaa1adfc42fa8ea986cd3d2d7fe) Importer(2089858483,b0f066a214c2f5e87bad3c948f4d605d)
Start importing Assets/Prefabs/Rooms/CafeMaterials/7191_receipt.mat using Guid(c487fcaa1adfc42fa8ea986cd3d2d7fe) Importer(2089858483,b0f066a214c2f5e87bad3c948f4d605d) (ScriptedImporter) -> (artifact id: 'a8a7ddbd87f48c87d73603f28f6240d7') in 0.0100747 seconds
Number of updated asset objects reloaded before import = 0Number of asset objects unloaded after import = 1

========================================================================
Received Import Request.
  Time since last request: 0.000073 seconds.
  path: Assets/Prefabs/Rooms/OfficeMaterials/Roof.mat
  artifactKey: Guid(00fc752380acc4b66a5774bab8f2b995) Importer(2089858483,b0f066a214c2f5e87bad3c948f4d605d)
Start importing Assets/Prefabs/Rooms/OfficeMaterials/Roof.mat using Guid(00fc752380acc4b66a5774bab8f2b995) Importer(2089858483,b0f066a214c2f5e87bad3c948f4d605d) (ScriptedImporter) -> (artifact id: '8d1f51219cf06f2a800d0fb7d93e660a') in 0.0093366 seconds
Number of updated asset objects reloaded before import = 0Number of asset objects unloaded after import = 1

========================================================================
Received Import Request.
  Time since last request: 0.000044 seconds.
  path: Assets/Prefabs/Rooms/CafeMaterials/Matal solid paint white.mat
  artifactKey: Guid(8eb9eb3d5cb6c437fac9faf06ccf3f94) Importer(2089858483,b0f066a214c2f5e87bad3c948f4d605d)
Start importing Assets/Prefabs/Rooms/CafeMaterials/Matal solid paint white.mat using Guid(8eb9eb3d5cb6c437fac9faf06ccf3f94) Importer(2089858483,b0f066a214c2f5e87bad3c948f4d605d) (ScriptedImporter) -> (artifact id: '2307eee032e7efb616c51aac5dcf8f7b') in 0.0089351 seconds
Number of updated asset objects reloaded before import = 0Number of asset objects unloaded after import = 1

========================================================================
Received Import Request.
  Time since last request: 0.000078 seconds.
  path: Assets/Prefabs/Rooms/RoomsMaterials/comp_desk_c.mat
  artifactKey: Guid(4ebb0b2a28ef2437cb27a82d6737b4f0) Importer(2089858483,b0f066a214c2f5e87bad3c948f4d605d)
Start importing Assets/Prefabs/Rooms/RoomsMaterials/comp_desk_c.mat using Guid(4ebb0b2a28ef2437cb27a82d6737b4f0) Importer(2089858483,b0f066a214c2f5e87bad3c948f4d605d) (ScriptedImporter) -> (artifact id: '8f84b264992ddeec59bc3d146baf3d68') in 0.0091464 seconds
Number of updated asset objects reloaded before import = 0Number of asset objects unloaded after import = 1

========================================================================
Received Import Request.
  Time since last request: 0.000061 seconds.
  path: Assets/Prefabs/Rooms/OfficeMaterials/Floor.mat
  artifactKey: Guid(9a8cae5ea66034906a4ae8616342df08) Importer(2089858483,b0f066a214c2f5e87bad3c948f4d605d)
Start importing Assets/Prefabs/Rooms/OfficeMaterials/Floor.mat using Guid(9a8cae5ea66034906a4ae8616342df08) Importer(2089858483,b0f066a214c2f5e87bad3c948f4d605d) (ScriptedImporter) -> (artifact id: 'ae51284113f2d1668a988b707031339e') in 0.0084979 seconds
Number of updated asset objects reloaded before import = 0Number of asset objects unloaded after import = 1

========================================================================
Received Import Request.
  Time since last request: 0.000032 seconds.
  path: Assets/Prefabs/Rooms/CafeMaterials/Material #178.mat
  artifactKey: Guid(9485de01c723244488dcb9586b6e860a) Importer(2089858483,b0f066a214c2f5e87bad3c948f4d605d)
Start importing Assets/Prefabs/Rooms/CafeMaterials/Material #178.mat using Guid(9485de01c723244488dcb9586b6e860a) Importer(2089858483,b0f066a214c2f5e87bad3c948f4d605d) (ScriptedImporter) -> (artifact id: 'f55f3c337976fa0488b6dc8b6cd7cb9a') in 0.0088894 seconds
Number of updated asset objects reloaded before import = 0Number of asset objects unloaded after import = 1

========================================================================
Received Import Request.
  Time since last request: 0.000093 seconds.
  path: Assets/Prefabs/Rooms/CafeMaterials/Alum brush.mat
  artifactKey: Guid(0bb67d9b5c8b548ec9068e21a459df7c) Importer(2089858483,b0f066a214c2f5e87bad3c948f4d605d)
Start importing Assets/Prefabs/Rooms/CafeMaterials/Alum brush.mat using Guid(0bb67d9b5c8b548ec9068e21a459df7c) Importer(2089858483,b0f066a214c2f5e87bad3c948f4d605d) (ScriptedImporter) -> (artifact id: '8d7797c94de61cfea9c2a11f7b513573') in 0.0087802 seconds
Number of updated asset objects reloaded before import = 0Number of asset objects unloaded after import = 1

========================================================================
Received Import Request.
  Time since last request: 0.000045 seconds.
  path: Assets/Prefabs/Rooms/CafeMaterials/Plastic_3.mat
  artifactKey: Guid(08aae825ced1043328816fa5446f56ed) Importer(2089858483,b0f066a214c2f5e87bad3c948f4d605d)
Start importing Assets/Prefabs/Rooms/CafeMaterials/Plastic_3.mat using Guid(08aae825ced1043328816fa5446f56ed) Importer(2089858483,b0f066a214c2f5e87bad3c948f4d605d) (ScriptedImporter) -> (artifact id: 'a39784324718e5ae406d61ce09baf666') in 0.0085812 seconds
Number of updated asset objects reloaded before import = 0Number of asset objects unloaded after import = 1

========================================================================
Received Import Request.
  Time since last request: 0.000071 seconds.
  path: Assets/Prefabs/Rooms/RoomsMaterials/Material.051 1.mat
  artifactKey: Guid(bc2c985994c6e4c73b0f2833d44d76aa) Importer(2089858483,b0f066a214c2f5e87bad3c948f4d605d)
Start importing Assets/Prefabs/Rooms/RoomsMaterials/Material.051 1.mat using Guid(bc2c985994c6e4c73b0f2833d44d76aa) Importer(2089858483,b0f066a214c2f5e87bad3c948f4d605d) (ScriptedImporter) -> (artifact id: 'bfc44d0f35183d8cbdb262a6c7d91e49') in 0.0079942 seconds
Number of updated asset objects reloaded before import = 0Number of asset objects unloaded after import = 1

========================================================================
Received Import Request.
  Time since last request: 0.000046 seconds.
  path: Assets/Prefabs/Rooms/RoomsMaterials/Material.032 2.mat
  artifactKey: Guid(ae1d9c2a0c0cb41439062c58ca5053ee) Importer(2089858483,b0f066a214c2f5e87bad3c948f4d605d)
Start importing Assets/Prefabs/Rooms/RoomsMaterials/Material.032 2.mat using Guid(ae1d9c2a0c0cb41439062c58ca5053ee) Importer(2089858483,b0f066a214c2f5e87bad3c948f4d605d) (ScriptedImporter) -> (artifact id: '0755d02ceac87ef7641b909e59049ab1') in 0.0100542 seconds
Number of updated asset objects reloaded before import = 0Number of asset objects unloaded after import = 1

========================================================================
Received Import Request.
  Time since last request: 0.000043 seconds.
  path: Assets/Prefabs/Rooms/RoomsMaterials/M_towel.mat
  artifactKey: Guid(563bed2e0ef97476d95991cb74909f42) Importer(2089858483,b0f066a214c2f5e87bad3c948f4d605d)
Start importing Assets/Prefabs/Rooms/RoomsMaterials/M_towel.mat using Guid(563bed2e0ef97476d95991cb74909f42) Importer(2089858483,b0f066a214c2f5e87bad3c948f4d605d) (ScriptedImporter) -> (artifact id: '8072e8a207f37e79d82ba27655119b01') in 0.0085638 seconds
Number of updated asset objects reloaded before import = 0Number of asset objects unloaded after import = 1

========================================================================
Received Import Request.
  Time since last request: 0.000082 seconds.
  path: Assets/Sprites/LoadScenes/scen 1/Безымянный-20005.png
  artifactKey: Guid(73d79edc0a33946b5bfb7b8c31e4b1f6) Importer(2089858483,b0f066a214c2f5e87bad3c948f4d605d)
Start importing Assets/Sprites/LoadScenes/scen 1/Безымянный-20005.png using Guid(73d79edc0a33946b5bfb7b8c31e4b1f6) Importer(2089858483,b0f066a214c2f5e87bad3c948f4d605d) (ScriptedImporter) -> (artifact id: '86fceb27129817c7e2769824169e02a0') in 0.0124301 seconds
Number of updated asset objects reloaded before import = 0Number of asset objects unloaded after import = 3

========================================================================
Received Import Request.
  Time since last request: 0.000020 seconds.
  path: Assets/Sprites/LoadScenes/scen 1/Безымянный-20160.png
  artifactKey: Guid(7179ab0ea44c24502a650d2168084979) Importer(2089858483,b0f066a214c2f5e87bad3c948f4d605d)
Start importing Assets/Sprites/LoadScenes/scen 1/Безымянный-20160.png using Guid(7179ab0ea44c24502a650d2168084979) Importer(2089858483,b0f066a214c2f5e87bad3c948f4d605d) (ScriptedImporter) -> (artifact id: 'e8a31532edd445d343ed71de3a717fad') in 0.0123467 seconds
Number of updated asset objects reloaded before import = 0Number of asset objects unloaded after import = 3

========================================================================
Received Import Request.
  Time since last request: 0.000018 seconds.
  path: Assets/Scripts/Networks/SettingsIpConfig.cs
  artifactKey: Guid(3d605eadc70e8459fb6a505f612fd50c) Importer(2089858483,b0f066a214c2f5e87bad3c948f4d605d)
Start importing Assets/Scripts/Networks/SettingsIpConfig.cs using Guid(3d605eadc70e8459fb6a505f612fd50c) Importer(2089858483,b0f066a214c2f5e87bad3c948f4d605d) (ScriptedImporter) -> (artifact id: '3d459787f928b6f55db4ac60f9c810da') in 0.0079366 seconds
Number of updated asset objects reloaded before import = 0Number of asset objects unloaded after import = 0

========================================================================
Received Import Request.
  Time since last request: 0.000055 seconds.
  path: Assets/Prefabs/Rooms/OfficeMaterials/LAP_1_BLACK_FRAME.mat
  artifactKey: Guid(c253bfdabcf4746caa510581a6b95278) Importer(2089858483,b0f066a214c2f5e87bad3c948f4d605d)
Start importing Assets/Prefabs/Rooms/OfficeMaterials/LAP_1_BLACK_FRAME.mat using Guid(c253bfdabcf4746caa510581a6b95278) Importer(2089858483,b0f066a214c2f5e87bad3c948f4d605d) (ScriptedImporter) -> (artifact id: '2881e02c48b2d6b8c7f853ad26f3dd3d') in 0.0085638 seconds
Number of updated asset objects reloaded before import = 0Number of asset objects unloaded after import = 1

========================================================================
Received Import Request.
  Time since last request: 0.000052 seconds.
  path: Assets/Scripts/Networks/Base/Router.cs
  artifactKey: Guid(2a1b395b14bd8488c8d6982ab4625cbe) Importer(2089858483,b0f066a214c2f5e87bad3c948f4d605d)
Start importing Assets/Scripts/Networks/Base/Router.cs using Guid(2a1b395b14bd8488c8d6982ab4625cbe) Importer(2089858483,b0f066a214c2f5e87bad3c948f4d605d) (ScriptedImporter) -> (artifact id: 'af5af67cb4d9bcc154e32efe7fa1819f') in 0.0084583 seconds
Number of updated asset objects reloaded before import = 0Number of asset objects unloaded after import = 0

========================================================================
Received Import Request.
  Time since last request: 0.000064 seconds.
  path: Assets/Prefabs/Rooms/RoomsMaterials/M_window_frames_001 2.mat
  artifactKey: Guid(4cfee98c3eb174bb7b8654a1224e5f49) Importer(2089858483,b0f066a214c2f5e87bad3c948f4d605d)
Start importing Assets/Prefabs/Rooms/RoomsMaterials/M_window_frames_001 2.mat using Guid(4cfee98c3eb174bb7b8654a1224e5f49) Importer(2089858483,b0f066a214c2f5e87bad3c948f4d605d) (ScriptedImporter) -> (artifact id: '9cc4e630a821adfe7c457ccea3be558b') in 0.008827 seconds
Number of updated asset objects reloaded before import = 0Number of asset objects unloaded after import = 1

========================================================================
Received Import Request.
  Time since last request: 0.000055 seconds.
  path: Assets/Prefabs/Rooms/CafeMaterials/Material #155.002.mat
  artifactKey: Guid(f27b37cbb8844418db62a9ee71b24b5d) Importer(2089858483,b0f066a214c2f5e87bad3c948f4d605d)
Start importing Assets/Prefabs/Rooms/CafeMaterials/Material #155.002.mat using Guid(f27b37cbb8844418db62a9ee71b24b5d) Importer(2089858483,b0f066a214c2f5e87bad3c948f4d605d) (ScriptedImporter) -> (artifact id: 'd22240344a62fc15b2f3ff8f9d40eddd') in 0.0091814 seconds
Number of updated asset objects reloaded before import = 0Number of asset objects unloaded after import = 1

========================================================================
Received Import Request.
  Time since last request: 0.000062 seconds.
  path: Assets/Prefabs/Rooms/CafeMaterials/auto.mat
  artifactKey: Guid(4599c65f62f2b4f12afc0ab941c09f61) Importer(2089858483,b0f066a214c2f5e87bad3c948f4d605d)
Start importing Assets/Prefabs/Rooms/CafeMaterials/auto.mat using Guid(4599c65f62f2b4f12afc0ab941c09f61) Importer(2089858483,b0f066a214c2f5e87bad3c948f4d605d) (ScriptedImporter) -> (artifact id: '38f273b46d1edd57a011b7f0369b7e2f') in 0.0576275 seconds
Number of updated asset objects reloaded before import = 0Number of asset objects unloaded after import = 1

========================================================================
Received Import Request.
  Time since last request: 0.000091 seconds.
  path: Assets/Prefabs/Rooms/RoomsMaterials/M_towel 1.mat
  artifactKey: Guid(40c6616bdae83498489b0b1c292517b8) Importer(2089858483,b0f066a214c2f5e87bad3c948f4d605d)
Start importing Assets/Prefabs/Rooms/RoomsMaterials/M_towel 1.mat using Guid(40c6616bdae83498489b0b1c292517b8) Importer(2089858483,b0f066a214c2f5e87bad3c948f4d605d) (ScriptedImporter) -> (artifact id: '1cd41e896a090bc0aa7681c2f441f758') in 0.0091854 seconds
Number of updated asset objects reloaded before import = 0Number of asset objects unloaded after import = 1

========================================================================
Received Import Request.
  Time since last request: 0.000044 seconds.
  path: Assets/TextMesh Pro/Shaders/TMP_Bitmap.shader
  artifactKey: Guid(128e987d567d4e2c824d754223b3f3b0) Importer(2089858483,b0f066a214c2f5e87bad3c948f4d605d)
Start importing Assets/TextMesh Pro/Shaders/TMP_Bitmap.shader using Guid(128e987d567d4e2c824d754223b3f3b0) Importer(2089858483,b0f066a214c2f5e87bad3c948f4d605d) (ScriptedImporter) -> (artifact id: '72e4c8c1c15bd9e44df753c8546732a5') in 0.0089054 seconds
Number of updated asset objects reloaded before import = 0Number of asset objects unloaded after import = 1

========================================================================
Received Import Request.
  Time since last request: 0.000079 seconds.
  path: Assets/Sprites/city/gorod/gorod_00034.png
  artifactKey: Guid(759631348373742ab9c7984880b173a6) Importer(2089858483,b0f066a214c2f5e87bad3c948f4d605d)
Start importing Assets/Sprites/city/gorod/gorod_00034.png using Guid(759631348373742ab9c7984880b173a6) Importer(2089858483,b0f066a214c2f5e87bad3c948f4d605d) (ScriptedImporter) -> (artifact id: 'd22f55c08b35a41f7ba4cf55add21ab2') in 0.0175094 seconds
Number of updated asset objects reloaded before import = 0Number of asset objects unloaded after import = 3

========================================================================
Received Import Request.
  Time since last request: 0.000021 seconds.
  path: Assets/Sprites/LoadScenes/scen 1/Безымянный-20052.png
  artifactKey: Guid(ac3b0665a8fc648a599f18655a123172) Importer(2089858483,b0f066a214c2f5e87bad3c948f4d605d)
Start importing Assets/Sprites/LoadScenes/scen 1/Безымянный-20052.png using Guid(ac3b0665a8fc648a599f18655a123172) Importer(2089858483,b0f066a214c2f5e87bad3c948f4d605d) (ScriptedImporter) -> (artifact id: 'f4c4b1adae9df77eed19387f7aab3c19') in 0.0134649 seconds
Number of updated asset objects reloaded before import = 0Number of asset objects unloaded after import = 3

========================================================================
Received Import Request.
  Time since last request: 0.000024 seconds.
  path: Assets/Prefabs/Rooms/RoomsMaterials/M_cushions 2.mat
  artifactKey: Guid(d8438e149fcad44e0a876a05731316e5) Importer(2089858483,b0f066a214c2f5e87bad3c948f4d605d)
Start importing Assets/Prefabs/Rooms/RoomsMaterials/M_cushions 2.mat using Guid(d8438e149fcad44e0a876a05731316e5) Importer(2089858483,b0f066a214c2f5e87bad3c948f4d605d) (ScriptedImporter) -> (artifact id: '76f9a9b1fcef90d597eb7179c3accc79') in 0.0089994 seconds
Number of updated asset objects reloaded before import = 0Number of asset objects unloaded after import = 1

========================================================================
Received Import Request.
  Time since last request: 0.000015 seconds.
  path: Assets/Sprites/city/gorod/gorod_00023.png
  artifactKey: Guid(f6a0f5dcebef441b29017f0b080a473b) Importer(2089858483,b0f066a214c2f5e87bad3c948f4d605d)
Start importing Assets/Sprites/city/gorod/gorod_00023.png using Guid(f6a0f5dcebef441b29017f0b080a473b) Importer(2089858483,b0f066a214c2f5e87bad3c948f4d605d) (ScriptedImporter) -> (artifact id: 'fd765a3bbda7f1dcc8580131acd75573') in 0.0188941 seconds
Number of updated asset objects reloaded before import = 0Number of asset objects unloaded after import = 3

========================================================================
Received Import Request.
  Time since last request: 0.000015 seconds.
  path: Assets/Prefabs/Rooms/CafeMaterials/wire_000000000.mat
  artifactKey: Guid(685e9360a6a544427a7113952eab93ec) Importer(2089858483,b0f066a214c2f5e87bad3c948f4d605d)
Start importing Assets/Prefabs/Rooms/CafeMaterials/wire_000000000.mat using Guid(685e9360a6a544427a7113952eab93ec) Importer(2089858483,b0f066a214c2f5e87bad3c948f4d605d) (ScriptedImporter) -> (artifact id: '4acdb34724f61077eb3b12fd50616a55') in 0.0090215 seconds
Number of updated asset objects reloaded before import = 0Number of asset objects unloaded after import = 1

========================================================================
Received Import Request.
  Time since last request: 0.000074 seconds.
  path: Assets/Sprites/LoadScenes/scen 1/Безымянный-20134.png
  artifactKey: Guid(5a3b056d0b9944f00a1dee4ab93d3416) Importer(2089858483,b0f066a214c2f5e87bad3c948f4d605d)
Start importing Assets/Sprites/LoadScenes/scen 1/Безымянный-20134.png using Guid(5a3b056d0b9944f00a1dee4ab93d3416) Importer(2089858483,b0f066a214c2f5e87bad3c948f4d605d) (ScriptedImporter) -> (artifact id: 'd6a8240ac11a17776f73c32f6ff9389e') in 0.0128488 seconds
Number of updated asset objects reloaded before import = 0Number of asset objects unloaded after import = 3

========================================================================
Received Import Request.
  Time since last request: 0.000016 seconds.
  path: Assets/Prefabs/Rooms/CafeMaterials/Material #319.001.mat
  artifactKey: Guid(92078f9a9a5334ff5966ab581d405668) Importer(2089858483,b0f066a214c2f5e87bad3c948f4d605d)
Start importing Assets/Prefabs/Rooms/CafeMaterials/Material #319.001.mat using Guid(92078f9a9a5334ff5966ab581d405668) Importer(2089858483,b0f066a214c2f5e87bad3c948f4d605d) (ScriptedImporter) -> (artifact id: '9449e73d3aea40147d44a4fab11c3234') in 0.0091837 seconds
Number of updated asset objects reloaded before import = 0Number of asset objects unloaded after import = 1

========================================================================
Received Import Request.
  Time since last request: 0.000019 seconds.
  path: Assets/Sprites/city/gorod/gorod_00131.png
  artifactKey: Guid(bac2eabf7a92a40fbaae11d09f4417de) Importer(2089858483,b0f066a214c2f5e87bad3c948f4d605d)
Start importing Assets/Sprites/city/gorod/gorod_00131.png using Guid(bac2eabf7a92a40fbaae11d09f4417de) Importer(2089858483,b0f066a214c2f5e87bad3c948f4d605d) (ScriptedImporter) -> (artifact id: 'd6313e21cd88b93a81dc032e0a285fb5') in 0.0167506 seconds
Number of updated asset objects reloaded before import = 0Number of asset objects unloaded after import = 3

========================================================================
Received Import Request.
  Time since last request: 30.806342 seconds.
  path: Assets/Prefabs/Network/ConnectionBttn.prefab
  artifactKey: Guid(f92061a6416fc47358d933ce96b9f44c) Importer(815301076,1909f56bfc062723c751e8b465ee728b)
Start importing Assets/Prefabs/Network/ConnectionBttn.prefab using Guid(f92061a6416fc47358d933ce96b9f44c) Importer(815301076,1909f56bfc062723c751e8b465ee728b) (PreviewImporter) -> (artifact id: '0a11d2b701d690a70e81dd078704e44f') in 0.0138853 seconds
Number of updated asset objects reloaded before import = 0Number of asset objects unloaded after import = 19

========================================================================
Received Import Request.
  Time since last request: 0.000011 seconds.
  path: Assets/Prefabs/Network/NetObjectPrefab.prefab
  artifactKey: Guid(39804a43094159f45ada5633881fde8f) Importer(815301076,1909f56bfc062723c751e8b465ee728b)
Start importing Assets/Prefabs/Network/NetObjectPrefab.prefab using Guid(39804a43094159f45ada5633881fde8f) Importer(815301076,1909f56bfc062723c751e8b465ee728b) (PreviewImporter) -> (artifact id: 'ef7cb9d0843c3b0f7d2e20c0ca80dd61') in 0.001439 seconds
Number of updated asset objects reloaded before import = 0Number of asset objects unloaded after import = 10

========================================================================
Received Import Request.
  Time since last request: 9.627879 seconds.
  path: Assets/Scenes/Menu.unity
  artifactKey: Guid(952baa8ec50fc4f13af7daf125b79c60) Importer(815301076,1909f56bfc062723c751e8b465ee728b)
Start importing Assets/Scenes/Menu.unity using Guid(952baa8ec50fc4f13af7daf125b79c60) Importer(815301076,1909f56bfc062723c751e8b465ee728b) (PreviewImporter) -> (artifact id: '957deabc9092863deed31938901f7f04') in 0.0005355 seconds
Number of updated asset objects reloaded before import = 0Number of asset objects unloaded after import = 0

