Unity Editor version:    6000.3.12f1 (fca03ac9b0d5)
Branch:                  6000.3/staging
Build type:              Release
Batch mode:              YES
macOS version:           Version 14.6 (Build 23G80)
Darwin version:          23.6.0
Architecture:            arm64
Running under Rosetta:   NO
Available memory:        16384 MB
Date:                    2026-04-11T17:56:43Z
[Licensing::Module] Trying to connect to existing licensing client channel...
[Licensing::IpcConnector] Successfully connected to: "LicenseClient-georgeprol" at "2026-04-11T17:56:43.74635Z"

COMMAND LINE ARGUMENTS:
/Applications/Unity/Hub/Editor/6000.3.12f1/Unity.app/Contents/MacOS/Unity
-adb2
-batchMode
-noUpm
-name
AssetImportWorker1
-projectPath
/Users/georgeprol/ProjectsUnity/unity-game
-logFile
Logs/AssetImportWorker1.log
-srvPort
49968
-licensingIpc
LicenseClient-georgeprol
-job-worker-count
3
-background-job-worker-count
8
-gc-helper-count
1
-name AssetImport
Successfully changed project path to: /Users/georgeprol/ProjectsUnity/unity-game
/Users/georgeprol/ProjectsUnity/unity-game
[UnityMemory] Configuration Parameters - Can be set up in boot.config
    "memorysetup-allocator-temp-initial-block-size-main=262144"
    "memorysetup-allocator-temp-initial-block-size-worker=262144"
    "memorysetup-temp-allocator-size-background-worker=32768"
    "memorysetup-temp-allocator-size-job-worker=262144"
    "memorysetup-temp-allocator-size-preload-manager=33554432"
    "memorysetup-temp-allocator-size-nav-mesh-worker=65536"
    "memorysetup-temp-allocator-size-audio-worker=65536"
    "memorysetup-temp-allocator-size-cloud-worker=32768"
    "memorysetup-bucket-allocator-granularity=16"
    "memorysetup-bucket-allocator-bucket-count=8"
    "memorysetup-bucket-allocator-block-size=33554432"
    "memorysetup-bucket-allocator-block-count=8"
    "memorysetup-main-allocator-block-size=16777216"
    "memorysetup-thread-allocator-block-size=16777216"
    "memorysetup-gfx-main-allocator-block-size=16777216"
    "memorysetup-gfx-thread-allocator-block-size=16777216"
    "memorysetup-cache-allocator-block-size=4194304"
    "memorysetup-typetree-allocator-block-size=2097152"
    "memorysetup-profiler-bucket-allocator-granularity=16"
    "memorysetup-profiler-bucket-allocator-bucket-count=8"
    "memorysetup-profiler-bucket-allocator-block-size=33554432"
    "memorysetup-profiler-bucket-allocator-block-count=8"
    "memorysetup-profiler-allocator-block-size=16777216"
    "memorysetup-profiler-editor-allocator-block-size=1048576"
    "memorysetup-temp-allocator-size-main=16777216"
    "memorysetup-job-temp-allocator-block-size=2097152"
    "memorysetup-job-temp-allocator-block-size-background=1048576"
    "memorysetup-job-temp-allocator-reduction-small-platforms=262144"
    "memorysetup-temp-allocator-size-gi-baking-worker=262144"
    "memorysetup-temp-allocator-size-gi-baking-worker=262144"
    "memorysetup-temp-allocator-size-gi-baking-worker=262144"
    "memorysetup-temp-allocator-size-gi-baking-worker=262144"
    "memorysetup-temp-allocator-size-gi-baking-worker=262144"
    "memorysetup-temp-allocator-size-gfx=262144"
Player connection [8428572480]  Target information:

Player connection [8428572480]  * "[IP] 192.168.100.45 [Port] 0 [Flags] 2 [Guid] 2727685178 [EditorId] 2727685178 [Version] 1048832 [Id] OSXEditor(0,MacBook-Pro-Georgij.local) [Debug] 1 [PackageName] OSXEditor [ProjectName] Editor" 

Player connection [8428572480] Host joined multi-casting on [225.0.0.222:54997]...
Player connection [8428572480] Host joined alternative multi-casting on [225.0.0.222:34997]...
JobSystem: Creating JobQueue using job-worker-count value 3
Input System module state changed to: Initialized.
[Physics::Module] Initialized fallback backend.
[Physics::Module] Id: 0xdecafbad
Library Redirect Path: Library/
[Physics::Module] Selected backend.
[Physics::Module] Name: PhysX
[Physics::Module] Id: 0xf2b8ea05
[Physics::Module] SDK Version: 4.1.2
[Physics::Module] Integration Version: 1.0.0
[Physics::Module] Threading Mode: Multi-Threaded
Refreshing native plugins compatible for Editor in 0.58 ms, found 1 plugins.
Preloading 0 native plugins for Editor in 0.00 ms.
Initialize engine version: 6000.3.12f1 (fca03ac9b0d5)
[Subsystems] Discovering subsystems at path /Applications/Unity/Hub/Editor/6000.3.12f1/Unity.app/Contents/Resources/UnitySubsystems
[Subsystems] Discovering subsystems at path /Users/georgeprol/ProjectsUnity/unity-game/Assets
GfxDevice: creating device client; kGfxThreadingModeNonThreaded
 preferred device: Apple M3 (high power)
Metal devices available: 1
0: Apple M3 (high power)
Using device Apple M3 (high power)
Initializing Metal device caps: Apple M3
Mac GPU Family: 2
Apple GPU Family: 9
MSL Version: 3.0
Has Float MSAA: 1
Has Float Filtering: 1
ReadWrite Texture Tier: 2
Initialize mono
Mono path[0] = '/Applications/Unity/Hub/Editor/6000.3.12f1/Unity.app/Contents/Resources/Scripting/Managed'
Mono path[1] = '/Applications/Unity/Hub/Editor/6000.3.12f1/Unity.app/Contents/Resources/Scripting/MonoBleedingEdge/lib/mono/unityjit-macos'
Mono config path = '/Applications/Unity/Hub/Editor/6000.3.12f1/Unity.app/Contents/Resources/Scripting/MonoBleedingEdge/etc'
Using monoOptions --debugger-agent=transport=dt_socket,embedding=1,server=y,suspend=n,address=127.0.0.1:56521
Begin MonoManager ReloadAssembly
[Licensing::Client] Error: HandshakeResponse reported an error:
	ResponseCode: 505
	ResponseStatus: Unsupported protocol version '1.18.1'.
[Licensing::Module] Error: Failed to handshake to channel: "LicenseClient-georgeprol"
[Licensing::IpcConnector] LicenseClient-georgeprol channel disconnected successfully.
[Licensing::IpcConnector] Successfully connected to: "LicenseClient-georgeprol-6000.3.12" at "2026-04-11T17:56:43.993586Z"
Registering precompiled unity dll's ...
Register platform support module: /Applications/Unity/Hub/Editor/6000.3.12f1/PlaybackEngines/WebGLSupport/UnityEditor.WebGL.Extensions.dll
Register platform support module: /Applications/Unity/Hub/Editor/6000.3.12f1/Unity.app/Contents/PlaybackEngines/MacStandaloneSupport/UnityEditor.OSXStandalone.Extensions.dll
Registered in 0.000327 seconds.
- Loaded All Assemblies, in  0.235 seconds
Native extension for OSXStandalone target not found
Native extension for WebGL target not found
[Licensing::Client] Handshaking with LicensingClient:
  Version:                 1.18.1+9fbee8e
  Session Id:              89b49a56423442f28b1a89fc64871d58
  Correlation Id:          aca89489bd2a24129790409363442d21
  External correlation Id: 5150010981403377778
  Machine Id:              YZ5hNgLCBwYcNk8Zr2Ods8BUAp8=
[Licensing::Module] Successfully connected to LicensingClient on channel: "LicenseClient-georgeprol-6000.3.12" (connect: 0.00s, validation: 0.00s, handshake: 0.27s)
[Licensing::IpcConnector] Successfully connected to: "LicenseClient-georgeprol-6000.3.12-notifications" at "2026-04-11T17:56:44.265135Z"
[Licensing::Module] Licensing Background thread has ended after 0.52s
Package Manager log level set to [2]
[Package Manager] Failed to launch server process. Reason: Unity was launched with the -noUpm command-line argument
[Package Manager] Unable to send message (not connected to server process).
[Package Manager] Cannot connect to Unity Package Manager local server
ScheduleIndexationOnStartup MainProcess:False IndexOnStartup:True
Mono: successfully reloaded assembly
- Finished resetting the current domain, in  0.230 seconds
Domain Reload Profiling: 464ms
	BeginReloadAssembly (51ms)
		ExecutionOrderSort (0ms)
		DisableScriptedObjects (0ms)
		BackupInstance (0ms)
		ReleaseScriptingObjects (0ms)
		CreateAndSetChildDomain (0ms)
	RebuildCommonClasses (28ms)
	RebuildNativeTypeToScriptingClass (10ms)
	initialDomainReloadingComplete (25ms)
	LoadAllAssembliesAndSetupDomain (121ms)
		LoadAssemblies (50ms)
		RebuildTransferFunctionScriptingTraits (0ms)
		AnalyzeDomain (120ms)
			TypeCache.Refresh (119ms)
				TypeCache.ScanAssembly (108ms)
			BuildScriptInfoCaches (0ms)
			ResolveRequiredComponents (0ms)
	FinalizeReload (230ms)
		ReleaseScriptCaches (0ms)
		RebuildScriptCaches (0ms)
		SetupLoadedEditorAssemblies (202ms)
			LogAssemblyErrors (0ms)
			InitializePlatformSupportModulesInManaged (28ms)
			SetLoadedEditorAssemblies (3ms)
			BeforeProcessingInitializeOnLoad (50ms)
			ProcessInitializeOnLoadAttributes (79ms)
			ProcessInitializeOnLoadMethodAttributes (43ms)
			AfterProcessingInitializeOnLoad (0ms)
			EditorAssembliesLoaded (0ms)
		ExecutionOrderSort2 (0ms)
		AwakeInstancesAfterBackupRestoration (0ms)
[CoreBusinessMetrics] Unexpected thread when updating session info.
========================================================================
Worker process is ready to serve import requests
Import Worker Mode flag is 0x00
Begin MonoManager ReloadAssembly
[Licensing::Client] Successfully resolved entitlement details
[Licensing::Module] License group:
  Id: 10170591881692-UnityPersXXXX
  Product: Unity Personal
  Type: Assigned
  Expiration: Unlimited
- Loaded All Assemblies, in  0.345 seconds
Refreshing native plugins compatible for Editor in 0.14 ms, found 1 plugins.
Native extension for OSXStandalone target not found
Native extension for WebGL target not found
[Package Manager] Failed to launch server process. Reason: Unity was launched with the -noUpm command-line argument
[Package Manager] Unable to send message (not connected to server process).
[Package Manager] Cannot connect to Unity Package Manager local server
[Package Manager] Failed to launch server process. Reason: Unity was launched with the -noUpm command-line argument
[Package Manager] Unable to send message (not connected to server process).
[Package Manager] Cannot connect to Unity Package Manager local server
ScheduleIndexationOnStartup MainProcess:False IndexOnStartup:True
Mono: successfully reloaded assembly
- Finished resetting the current domain, in  0.339 seconds
Domain Reload Profiling: 684ms
	BeginReloadAssembly (84ms)
		ExecutionOrderSort (0ms)
		DisableScriptedObjects (3ms)
		BackupInstance (0ms)
		ReleaseScriptingObjects (0ms)
		CreateAndSetChildDomain (23ms)
	RebuildCommonClasses (26ms)
	RebuildNativeTypeToScriptingClass (9ms)
	initialDomainReloadingComplete (20ms)
	LoadAllAssembliesAndSetupDomain (205ms)
		LoadAssemblies (116ms)
		RebuildTransferFunctionScriptingTraits (0ms)
		AnalyzeDomain (122ms)
			TypeCache.Refresh (98ms)
				TypeCache.ScanAssembly (89ms)
			BuildScriptInfoCaches (18ms)
			ResolveRequiredComponents (4ms)
	FinalizeReload (339ms)
		ReleaseScriptCaches (0ms)
		RebuildScriptCaches (0ms)
		SetupLoadedEditorAssemblies (270ms)
			LogAssemblyErrors (0ms)
			InitializePlatformSupportModulesInManaged (1ms)
			SetLoadedEditorAssemblies (2ms)
			BeforeProcessingInitializeOnLoad (66ms)
			ProcessInitializeOnLoadAttributes (176ms)
			ProcessInitializeOnLoadMethodAttributes (24ms)
			AfterProcessingInitializeOnLoad (1ms)
			EditorAssembliesLoaded (0ms)
		ExecutionOrderSort2 (0ms)
		AwakeInstancesAfterBackupRestoration (2ms)
Launching external process: /Applications/Unity/Hub/Editor/6000.3.12f1/Unity.app/Contents/Helpers/UnityShaderCompiler
Launched and connected shader compiler UnityShaderCompiler after 0.03 seconds
Refreshing native plugins compatible for Editor in 0.22 ms, found 1 plugins.
Preloading 0 native plugins for Editor in 0.00 ms.
Unloading 1 Unused Serialized files (Serialized files now loaded: 0)
Unloading 3770 unused Assets / (0.6 MB). Loaded Objects now: 4365.
Memory consumption went from 95.6 MB to 95.0 MB.
Total: 5.187917 ms (FindLiveObjects: 0.279666 ms CreateObjectMapping: 0.070459 ms MarkObjects: 4.252916 ms  DeleteObjects: 0.584583 ms)

========================================================================
Received Import Request.
  Time since last request: 91386.676364 seconds.
  path: Assets/Sprites/LoadScenes/LoadScenes.controller
  artifactKey: Guid(b80e8ead24c744043b81d0bde47cccd3) Importer(2089858483,b0f066a214c2f5e87bad3c948f4d605d)
Start importing Assets/Sprites/LoadScenes/LoadScenes.controller using Guid(b80e8ead24c744043b81d0bde47cccd3) Importer(2089858483,b0f066a214c2f5e87bad3c948f4d605d) (ScriptedImporter) -> (artifact id: '8ae781dc1e78d6cd297d32511cef57f2') in 0.035797 seconds
Number of updated asset objects reloaded before import = 0Number of asset objects unloaded after import = 4

========================================================================
Received Import Request.
  Time since last request: 0.000049 seconds.
  path: Assets/Scripts/Camera/CameraMovement.cs
  artifactKey: Guid(6daa445f33f564adb839c3893e2008b5) Importer(2089858483,b0f066a214c2f5e87bad3c948f4d605d)
Start importing Assets/Scripts/Camera/CameraMovement.cs using Guid(6daa445f33f564adb839c3893e2008b5) Importer(2089858483,b0f066a214c2f5e87bad3c948f4d605d) (ScriptedImporter) -> (artifact id: 'b9499cf94258dcb4c676eae18c4f54dd') in 0.008958708 seconds
Number of updated asset objects reloaded before import = 0Number of asset objects unloaded after import = 0

========================================================================
Received Import Request.
  Time since last request: 0.000055 seconds.
  path: Assets/Scripts/ClockScript.cs
  artifactKey: Guid(374c50e5d3dbf4b04a40f6e52dcd0e20) Importer(2089858483,b0f066a214c2f5e87bad3c948f4d605d)
Start importing Assets/Scripts/ClockScript.cs using Guid(374c50e5d3dbf4b04a40f6e52dcd0e20) Importer(2089858483,b0f066a214c2f5e87bad3c948f4d605d) (ScriptedImporter) -> (artifact id: '06b3041a666869ef25682a737457f09d') in 0.001354625 seconds
Number of updated asset objects reloaded before import = 0Number of asset objects unloaded after import = 0

========================================================================
Received Import Request.
  Time since last request: 0.000063 seconds.
  path: Assets/Sprites/Manual/sheetsCopybookSprite.png
  artifactKey: Guid(2b895983de3094ec685241d78895d955) Importer(2089858483,b0f066a214c2f5e87bad3c948f4d605d)
Start importing Assets/Sprites/Manual/sheetsCopybookSprite.png using Guid(2b895983de3094ec685241d78895d955) Importer(2089858483,b0f066a214c2f5e87bad3c948f4d605d) (ScriptedImporter) -> (artifact id: 'e6bb5847ac935dddca760c29027d9bd3') in 0.037185208 seconds
Number of updated asset objects reloaded before import = 0Number of asset objects unloaded after import = 3

========================================================================
Received Import Request.
  Time since last request: 0.000241 seconds.
  path: Assets/TextMesh Pro/Fonts/LiberationSans - OFL.txt
  artifactKey: Guid(6e59c59b81ab47f9b6ec5781fa725d2c) Importer(2089858483,b0f066a214c2f5e87bad3c948f4d605d)
Start importing Assets/TextMesh Pro/Fonts/LiberationSans - OFL.txt using Guid(6e59c59b81ab47f9b6ec5781fa725d2c) Importer(2089858483,b0f066a214c2f5e87bad3c948f4d605d) (ScriptedImporter) -> (artifact id: '2bef352a6bb6c988bd464863528425a2') in 0.002361167 seconds
Number of updated asset objects reloaded before import = 0Number of asset objects unloaded after import = 1

========================================================================
Received Import Request.
  Time since last request: 0.000063 seconds.
  path: Assets/Scripts/Networks/MAC.cs
  artifactKey: Guid(59f5766cbb5fc4834916817b1a7de581) Importer(2089858483,b0f066a214c2f5e87bad3c948f4d605d)
Start importing Assets/Scripts/Networks/MAC.cs using Guid(59f5766cbb5fc4834916817b1a7de581) Importer(2089858483,b0f066a214c2f5e87bad3c948f4d605d) (ScriptedImporter) -> (artifact id: '6ffd5b25444f8b32338535b4fe99293b') in 0.001138583 seconds
Number of updated asset objects reloaded before import = 0Number of asset objects unloaded after import = 0

========================================================================
Received Import Request.
  Time since last request: 0.000099 seconds.
  path: Assets/Sprites/Desktoptabs/settingscogwheel_102669.png
  artifactKey: Guid(ffaf94c435bde424e8ae6e29e3f25e9e) Importer(2089858483,b0f066a214c2f5e87bad3c948f4d605d)
Start importing Assets/Sprites/Desktoptabs/settingscogwheel_102669.png using Guid(ffaf94c435bde424e8ae6e29e3f25e9e) Importer(2089858483,b0f066a214c2f5e87bad3c948f4d605d) (ScriptedImporter) -> (artifact id: 'a068885f51d325db7a85a1c039e25d9f') in 0.004011875 seconds
Number of updated asset objects reloaded before import = 0Number of asset objects unloaded after import = 3

========================================================================
Received Import Request.
  Time since last request: 0.000026 seconds.
  path: Assets/Sprites/Desktoptabs/png-clipart-wi-fi-wireless-network-computer-icons-symbol-miscellaneous-angle.png
  artifactKey: Guid(f5b5dfa306a4f43ad9492d14783382ed) Importer(2089858483,b0f066a214c2f5e87bad3c948f4d605d)
Start importing Assets/Sprites/Desktoptabs/png-clipart-wi-fi-wireless-network-computer-icons-symbol-miscellaneous-angle.png using Guid(f5b5dfa306a4f43ad9492d14783382ed) Importer(2089858483,b0f066a214c2f5e87bad3c948f4d605d) (ScriptedImporter) -> (artifact id: 'daf358a2b150ca9b3b11c61f421598dd') in 0.0041365 seconds
Number of updated asset objects reloaded before import = 0Number of asset objects unloaded after import = 3

========================================================================
Received Import Request.
  Time since last request: 0.000034 seconds.
  path: Assets/Sprites/city/city_image.png
  artifactKey: Guid(d2a82af1d018248c1bc49a1537ee3a46) Importer(2089858483,b0f066a214c2f5e87bad3c948f4d605d)
Start importing Assets/Sprites/city/city_image.png using Guid(d2a82af1d018248c1bc49a1537ee3a46) Importer(2089858483,b0f066a214c2f5e87bad3c948f4d605d) (ScriptedImporter) -> (artifact id: '38af626b388545049b5ed9163a01069c') in 0.005217167 seconds
Number of updated asset objects reloaded before import = 0Number of asset objects unloaded after import = 3

========================================================================
Received Import Request.
  Time since last request: 0.000122 seconds.
  path: Assets/Sprites/favicon.jpg
  artifactKey: Guid(68e3b716777d449d7ac25e52b7bdcfa6) Importer(2089858483,b0f066a214c2f5e87bad3c948f4d605d)
Start importing Assets/Sprites/favicon.jpg using Guid(68e3b716777d449d7ac25e52b7bdcfa6) Importer(2089858483,b0f066a214c2f5e87bad3c948f4d605d) (ScriptedImporter) -> (artifact id: '9eaaf02dfc94c8f81ea9bd581b3b3211') in 0.003684291 seconds
Number of updated asset objects reloaded before import = 0Number of asset objects unloaded after import = 1

========================================================================
Received Import Request.
  Time since last request: 0.000108 seconds.
  path: Assets/Sprites/Manual/love.png
  artifactKey: Guid(e69b3e900ac9749bfbf3c894ddd9bc4d) Importer(2089858483,b0f066a214c2f5e87bad3c948f4d605d)
Start importing Assets/Sprites/Manual/love.png using Guid(e69b3e900ac9749bfbf3c894ddd9bc4d) Importer(2089858483,b0f066a214c2f5e87bad3c948f4d605d) (ScriptedImporter) -> (artifact id: '628d2a2247dc1bafe74aa3fb9e72925c') in 0.004145917 seconds
Number of updated asset objects reloaded before import = 0Number of asset objects unloaded after import = 3

========================================================================
Received Import Request.
  Time since last request: 0.000056 seconds.
  path: Assets/Sprites/city/kvest.png
  artifactKey: Guid(1deef9ee1a007412e95164eb700732e9) Importer(2089858483,b0f066a214c2f5e87bad3c948f4d605d)
Start importing Assets/Sprites/city/kvest.png using Guid(1deef9ee1a007412e95164eb700732e9) Importer(2089858483,b0f066a214c2f5e87bad3c948f4d605d) (ScriptedImporter) -> (artifact id: 'e7a0a4431c1ea75dc2428683fed21183') in 0.003468959 seconds
Number of updated asset objects reloaded before import = 0Number of asset objects unloaded after import = 3

========================================================================
Received Import Request.
  Time since last request: 0.000109 seconds.
  path: Assets/Sprites/city/Ольга.png
  artifactKey: Guid(eeaeffdf596d24a8187e8b836fb77388) Importer(2089858483,b0f066a214c2f5e87bad3c948f4d605d)
Start importing Assets/Sprites/city/Ольга.png using Guid(eeaeffdf596d24a8187e8b836fb77388) Importer(2089858483,b0f066a214c2f5e87bad3c948f4d605d) (ScriptedImporter) -> (artifact id: 'f2158c830c9d52485d48046dff494be1') in 0.005183875 seconds
Number of updated asset objects reloaded before import = 0Number of asset objects unloaded after import = 3

========================================================================
Received Import Request.
  Time since last request: 0.000030 seconds.
  path: Assets/Sprites/tabs 1/tabActivatedSprite.png
  artifactKey: Guid(681502abdbe2f4fa4b0837a2478c2e94) Importer(2089858483,b0f066a214c2f5e87bad3c948f4d605d)
Start importing Assets/Sprites/tabs 1/tabActivatedSprite.png using Guid(681502abdbe2f4fa4b0837a2478c2e94) Importer(2089858483,b0f066a214c2f5e87bad3c948f4d605d) (ScriptedImporter) -> (artifact id: '6482031bfeb7c10e212f1e92808d9c3a') in 0.0037295 seconds
Number of updated asset objects reloaded before import = 0Number of asset objects unloaded after import = 3

========================================================================
Received Import Request.
  Time since last request: 0.000123 seconds.
  path: Assets/Sprites/Manual/snake.png
  artifactKey: Guid(d7375793dd3814c529ff871b445659c6) Importer(2089858483,b0f066a214c2f5e87bad3c948f4d605d)
Start importing Assets/Sprites/Manual/snake.png using Guid(d7375793dd3814c529ff871b445659c6) Importer(2089858483,b0f066a214c2f5e87bad3c948f4d605d) (ScriptedImporter) -> (artifact id: '891d150e309501edd003314d2b7ac0bb') in 0.003769166 seconds
Number of updated asset objects reloaded before import = 0Number of asset objects unloaded after import = 3

========================================================================
Received Import Request.
  Time since last request: 0.000031 seconds.
  path: Assets/Sprites/settings_icon/photo_2024-12-07 12.53.53.jpeg
  artifactKey: Guid(612891ae8318f4607a4216d510c30087) Importer(2089858483,b0f066a214c2f5e87bad3c948f4d605d)
Start importing Assets/Sprites/settings_icon/photo_2024-12-07 12.53.53.jpeg using Guid(612891ae8318f4607a4216d510c30087) Importer(2089858483,b0f066a214c2f5e87bad3c948f4d605d) (ScriptedImporter) -> (artifact id: 'eb048ccc35319e8e3c884c31d34ecdd2') in 0.005409584 seconds
Number of updated asset objects reloaded before import = 0Number of asset objects unloaded after import = 3

========================================================================
Received Import Request.
  Time since last request: 0.000100 seconds.
  path: Assets/Prefabs/EventSystem.prefab
  artifactKey: Guid(f0d0bb0303e79401d9d236b600ba1722) Importer(2089858483,b0f066a214c2f5e87bad3c948f4d605d)
Start importing Assets/Prefabs/EventSystem.prefab using Guid(f0d0bb0303e79401d9d236b600ba1722) Importer(2089858483,b0f066a214c2f5e87bad3c948f4d605d) (ScriptedImporter) -> (artifact id: '9880e7ae979cb30bd38a769f2f0323bf') in 0.014738708 seconds
Number of updated asset objects reloaded before import = 0Number of asset objects unloaded after import = 6

========================================================================
Received Import Request.
  Time since last request: 0.000060 seconds.
  path: Assets/Sprites/tabs 1/iconTabletSprite.png
  artifactKey: Guid(93192c957c8fc408483117fc54632cda) Importer(2089858483,b0f066a214c2f5e87bad3c948f4d605d)
Start importing Assets/Sprites/tabs 1/iconTabletSprite.png using Guid(93192c957c8fc408483117fc54632cda) Importer(2089858483,b0f066a214c2f5e87bad3c948f4d605d) (ScriptedImporter) -> (artifact id: 'f94d5945572389ecc873583f50b7fba1') in 0.002922167 seconds
Number of updated asset objects reloaded before import = 0Number of asset objects unloaded after import = 3

========================================================================
Received Import Request.
  Time since last request: 0.000129 seconds.
  path: Assets/Sprites/Desktoptabs/web_icon.png
  artifactKey: Guid(ad8169a20b14b45ab97712592c59d921) Importer(2089858483,b0f066a214c2f5e87bad3c948f4d605d)
Start importing Assets/Sprites/Desktoptabs/web_icon.png using Guid(ad8169a20b14b45ab97712592c59d921) Importer(2089858483,b0f066a214c2f5e87bad3c948f4d605d) (ScriptedImporter) -> (artifact id: '288bd6582508962556c61ada28363658') in 0.005440292 seconds
Number of updated asset objects reloaded before import = 0Number of asset objects unloaded after import = 3

========================================================================
Received Import Request.
  Time since last request: 0.000022 seconds.
  path: Assets/Sprites/Manual/sheetSprite.png
  artifactKey: Guid(76c7455b96d224e888c9dd90185df2d4) Importer(2089858483,b0f066a214c2f5e87bad3c948f4d605d)
Start importing Assets/Sprites/Manual/sheetSprite.png using Guid(76c7455b96d224e888c9dd90185df2d4) Importer(2089858483,b0f066a214c2f5e87bad3c948f4d605d) (ScriptedImporter) -> (artifact id: '373efd677fcf3edafeed390dea89855b') in 0.0074295 seconds
Number of updated asset objects reloaded before import = 0Number of asset objects unloaded after import = 3

========================================================================
Received Import Request.
  Time since last request: 0.000051 seconds.
  path: Assets/Sprites/city/nastroika.png
  artifactKey: Guid(af90da07339f44f8c8af8d038ba3366c) Importer(2089858483,b0f066a214c2f5e87bad3c948f4d605d)
Start importing Assets/Sprites/city/nastroika.png using Guid(af90da07339f44f8c8af8d038ba3366c) Importer(2089858483,b0f066a214c2f5e87bad3c948f4d605d) (ScriptedImporter) -> (artifact id: 'bef534d7678db1142594e980da73cfd8') in 0.004247333 seconds
Number of updated asset objects reloaded before import = 0Number of asset objects unloaded after import = 3

========================================================================
Received Import Request.
  Time since last request: 0.000026 seconds.
  path: Assets/Sprites/Desktoptabs/png-clipart-power-supply-unit-computer-icons-button-shutdown-exit-computer-electrical-switches.png
  artifactKey: Guid(bfdf0c165dda4422cab4c6d880a4d577) Importer(2089858483,b0f066a214c2f5e87bad3c948f4d605d)
Start importing Assets/Sprites/Desktoptabs/png-clipart-power-supply-unit-computer-icons-button-shutdown-exit-computer-electrical-switches.png using Guid(bfdf0c165dda4422cab4c6d880a4d577) Importer(2089858483,b0f066a214c2f5e87bad3c948f4d605d) (ScriptedImporter) -> (artifact id: 'af63f162eb8a5cd18f766d70c952c01b') in 0.005717042 seconds
Number of updated asset objects reloaded before import = 0Number of asset objects unloaded after import = 3

========================================================================
Received Import Request.
  Time since last request: 0.000058 seconds.
  path: Assets/Sprites/Desktoptabs/web_icon2.jpg
  artifactKey: Guid(e4372a73b5cf3442abec2fa37039926a) Importer(2089858483,b0f066a214c2f5e87bad3c948f4d605d)
Start importing Assets/Sprites/Desktoptabs/web_icon2.jpg using Guid(e4372a73b5cf3442abec2fa37039926a) Importer(2089858483,b0f066a214c2f5e87bad3c948f4d605d) (ScriptedImporter) -> (artifact id: 'b9c0face83b5a55c879f4311fd76b9f6') in 0.003112625 seconds
Number of updated asset objects reloaded before import = 0Number of asset objects unloaded after import = 3

========================================================================
Received Import Request.
  Time since last request: 0.000036 seconds.
  path: Assets/Scenes/Menu.unity
  artifactKey: Guid(952baa8ec50fc4f13af7daf125b79c60) Importer(2089858483,b0f066a214c2f5e87bad3c948f4d605d)
Start importing Assets/Scenes/Menu.unity using Guid(952baa8ec50fc4f13af7daf125b79c60) Importer(2089858483,b0f066a214c2f5e87bad3c948f4d605d) (ScriptedImporter) -> (artifact id: 'a4c01a81d069ddd8a4282d7d61ecaa22') in 0.002175541 seconds
Number of updated asset objects reloaded before import = 0Number of asset objects unloaded after import = 1

========================================================================
Received Import Request.
  Time since last request: 0.000108 seconds.
  path: Assets/Sprites/web_images/auth_settings_image.png
  artifactKey: Guid(57934eaea9e5d4678ab0705472216d80) Importer(2089858483,b0f066a214c2f5e87bad3c948f4d605d)
Start importing Assets/Sprites/web_images/auth_settings_image.png using Guid(57934eaea9e5d4678ab0705472216d80) Importer(2089858483,b0f066a214c2f5e87bad3c948f4d605d) (ScriptedImporter) -> (artifact id: 'a7ad44056ca0f390593c6585092d1b0a') in 0.008307041 seconds
Number of updated asset objects reloaded before import = 0Number of asset objects unloaded after import = 3

========================================================================
Received Import Request.
  Time since last request: 0.000074 seconds.
  path: Assets/Prefabs/Directional Light.prefab
  artifactKey: Guid(e72cb014d0124493f81dba00f01dbc47) Importer(2089858483,b0f066a214c2f5e87bad3c948f4d605d)
Start importing Assets/Prefabs/Directional Light.prefab using Guid(e72cb014d0124493f81dba00f01dbc47) Importer(2089858483,b0f066a214c2f5e87bad3c948f4d605d) (ScriptedImporter) -> (artifact id: '2920815e531bc0afdf9cc76f5d350b73') in 0.008927 seconds
Number of updated asset objects reloaded before import = 0Number of asset objects unloaded after import = 5

========================================================================
Received Import Request.
  Time since last request: 0.000100 seconds.
  path: Assets/Prefabs/Network/ConnectionBttn.prefab
  artifactKey: Guid(f92061a6416fc47358d933ce96b9f44c) Importer(2089858483,b0f066a214c2f5e87bad3c948f4d605d)
Start importing Assets/Prefabs/Network/ConnectionBttn.prefab using Guid(f92061a6416fc47358d933ce96b9f44c) Importer(2089858483,b0f066a214c2f5e87bad3c948f4d605d) (ScriptedImporter) -> (artifact id: '30cb32f71c8e8c8a51e78b39fac3c23d') in 0.033147541 seconds
Number of updated asset objects reloaded before import = 0Number of asset objects unloaded after import = 19

========================================================================
Received Import Request.
  Time since last request: 0.000044 seconds.
  path: Assets/Sprites/city/prinpoint.png
  artifactKey: Guid(2d056c08297304352a166a85b3bf467d) Importer(2089858483,b0f066a214c2f5e87bad3c948f4d605d)
Start importing Assets/Sprites/city/prinpoint.png using Guid(2d056c08297304352a166a85b3bf467d) Importer(2089858483,b0f066a214c2f5e87bad3c948f4d605d) (ScriptedImporter) -> (artifact id: '3aee7d379ee8ebf3db30282c24f49521') in 0.004894791 seconds
Number of updated asset objects reloaded before import = 0Number of asset objects unloaded after import = 3

========================================================================
Received Import Request.
  Time since last request: 0.000057 seconds.
  path: Assets/Prefabs/Rooms/Room1.fbx
  artifactKey: Guid(9f183f456f0494d91b92719b93e3fa5e) Importer(2089858483,b0f066a214c2f5e87bad3c948f4d605d)
Start importing Assets/Prefabs/Rooms/Room1.fbx using Guid(9f183f456f0494d91b92719b93e3fa5e) Importer(2089858483,b0f066a214c2f5e87bad3c948f4d605d) (ScriptedImporter) -> (artifact id: '9194ba0f7d8f685a2457a27b70b72adf') in 0.02526725 seconds
Number of updated asset objects reloaded before import = 0Number of asset objects unloaded after import = 44

========================================================================
Received Import Request.
  Time since last request: 0.778361 seconds.
  path: Assets/TextMesh Pro/Resources/LineBreaking Following Characters.txt
  artifactKey: Guid(fade42e8bc714b018fac513c043d323b) Importer(2089858483,b0f066a214c2f5e87bad3c948f4d605d)
Start importing Assets/TextMesh Pro/Resources/LineBreaking Following Characters.txt using Guid(fade42e8bc714b018fac513c043d323b) Importer(2089858483,b0f066a214c2f5e87bad3c948f4d605d) (ScriptedImporter) -> (artifact id: '9039f4c14485c0bccdf4eb1b6bb6f270') in 0.001633542 seconds
Number of updated asset objects reloaded before import = 0Number of asset objects unloaded after import = 1

========================================================================
Received Import Request.
  Time since last request: 0.000066 seconds.
  path: Assets/TextMesh Pro/Shaders/TMP_SDF.shader
  artifactKey: Guid(68e6db2ebdc24f95958faec2be5558d6) Importer(2089858483,b0f066a214c2f5e87bad3c948f4d605d)
Start importing Assets/TextMesh Pro/Shaders/TMP_SDF.shader using Guid(68e6db2ebdc24f95958faec2be5558d6) Importer(2089858483,b0f066a214c2f5e87bad3c948f4d605d) (ScriptedImporter) -> (artifact id: '11098249409e6b83b8c771fdfa1e865d') in 0.004552292 seconds
Number of updated asset objects reloaded before import = 0Number of asset objects unloaded after import = 1

========================================================================
Received Import Request.
  Time since last request: 0.000051 seconds.
  path: Assets/Prefabs/Rooms/CafeMaterials/FAUCET_BLACK.mat
  artifactKey: Guid(1625c32c7baeb43cf8a30a62e50f383f) Importer(2089858483,b0f066a214c2f5e87bad3c948f4d605d)
Start importing Assets/Prefabs/Rooms/CafeMaterials/FAUCET_BLACK.mat using Guid(1625c32c7baeb43cf8a30a62e50f383f) Importer(2089858483,b0f066a214c2f5e87bad3c948f4d605d) (ScriptedImporter) -> (artifact id: '4fa7381bf6cd71d6fc58f80723c0eaa3') in 0.038420792 seconds
Number of updated asset objects reloaded before import = 0Number of asset objects unloaded after import = 1

========================================================================
Received Import Request.
  Time since last request: 0.000032 seconds.
  path: Assets/Prefabs/Rooms/CafeMaterials/7191_chrome_fingerprints.mat
  artifactKey: Guid(bae41f9f163da4d5ea7eab8aa2aff2b0) Importer(2089858483,b0f066a214c2f5e87bad3c948f4d605d)
Start importing Assets/Prefabs/Rooms/CafeMaterials/7191_chrome_fingerprints.mat using Guid(bae41f9f163da4d5ea7eab8aa2aff2b0) Importer(2089858483,b0f066a214c2f5e87bad3c948f4d605d) (ScriptedImporter) -> (artifact id: '987b4eba0d7f4191475c4677c97636cc') in 0.001592458 seconds
Number of updated asset objects reloaded before import = 0Number of asset objects unloaded after import = 1

========================================================================
Received Import Request.
  Time since last request: 0.000044 seconds.
  path: Assets/Prefabs/Network/Icons/free-icon-cloud-server-3470445.png
  artifactKey: Guid(ff2e8088cc9f34c36b654880bf248eb7) Importer(2089858483,b0f066a214c2f5e87bad3c948f4d605d)
Start importing Assets/Prefabs/Network/Icons/free-icon-cloud-server-3470445.png using Guid(ff2e8088cc9f34c36b654880bf248eb7) Importer(2089858483,b0f066a214c2f5e87bad3c948f4d605d) (ScriptedImporter) -> (artifact id: 'a8b4dd39c5eb3194637e233e158844e8') in 0.003594208 seconds
Number of updated asset objects reloaded before import = 0Number of asset objects unloaded after import = 3

========================================================================
Received Import Request.
  Time since last request: 0.000030 seconds.
  path: Assets/Prefabs/Rooms/CafeMaterials/Ficusleaf 001.mat
  artifactKey: Guid(2e5050f96cb08442485e53e5944b01ae) Importer(2089858483,b0f066a214c2f5e87bad3c948f4d605d)
Start importing Assets/Prefabs/Rooms/CafeMaterials/Ficusleaf 001.mat using Guid(2e5050f96cb08442485e53e5944b01ae) Importer(2089858483,b0f066a214c2f5e87bad3c948f4d605d) (ScriptedImporter) -> (artifact id: '97d301354efb24acc92948d08b5163e5') in 0.001871584 seconds
Number of updated asset objects reloaded before import = 0Number of asset objects unloaded after import = 1

========================================================================
Received Import Request.
  Time since last request: 0.000164 seconds.
  path: Assets/Prefabs/Rooms/CafeMaterials/Glazed Ceramic Green.mat
  artifactKey: Guid(c3432336f93e14d1a81a0d1b29dda142) Importer(2089858483,b0f066a214c2f5e87bad3c948f4d605d)
Start importing Assets/Prefabs/Rooms/CafeMaterials/Glazed Ceramic Green.mat using Guid(c3432336f93e14d1a81a0d1b29dda142) Importer(2089858483,b0f066a214c2f5e87bad3c948f4d605d) (ScriptedImporter) -> (artifact id: 'ebe6b522513fd303bfb665af9a475513') in 0.001880375 seconds
Number of updated asset objects reloaded before import = 0Number of asset objects unloaded after import = 1

========================================================================
Received Import Request.
  Time since last request: 0.000063 seconds.
  path: Assets/Prefabs/Rooms/CafeMaterials/7191_scanner_black_insert.mat
  artifactKey: Guid(6d0f8c8f8799a4c299fa7203889af3aa) Importer(2089858483,b0f066a214c2f5e87bad3c948f4d605d)
Start importing Assets/Prefabs/Rooms/CafeMaterials/7191_scanner_black_insert.mat using Guid(6d0f8c8f8799a4c299fa7203889af3aa) Importer(2089858483,b0f066a214c2f5e87bad3c948f4d605d) (ScriptedImporter) -> (artifact id: '2910005c930318583bb9f5445eb64a3b') in 0.001940542 seconds
Number of updated asset objects reloaded before import = 0Number of asset objects unloaded after import = 1

========================================================================
Received Import Request.
  Time since last request: 0.000080 seconds.
  path: Assets/VFX/Skybox/Sky.mat
  artifactKey: Guid(667b741df9e28410c8c81c2061f51ca5) Importer(2089858483,b0f066a214c2f5e87bad3c948f4d605d)
Start importing Assets/VFX/Skybox/Sky.mat using Guid(667b741df9e28410c8c81c2061f51ca5) Importer(2089858483,b0f066a214c2f5e87bad3c948f4d605d) (ScriptedImporter) -> (artifact id: 'df9b2b6b7e66bc32619a92b3588aa7d8') in 0.003061083 seconds
Number of updated asset objects reloaded before import = 0Number of asset objects unloaded after import = 1

========================================================================
Received Import Request.
  Time since last request: 0.000075 seconds.
  path: Assets/Prefabs/Rooms/CafeMaterials/BLACKSTOVE.mat
  artifactKey: Guid(3878e107342294f4b80469dcd8114608) Importer(2089858483,b0f066a214c2f5e87bad3c948f4d605d)
Start importing Assets/Prefabs/Rooms/CafeMaterials/BLACKSTOVE.mat using Guid(3878e107342294f4b80469dcd8114608) Importer(2089858483,b0f066a214c2f5e87bad3c948f4d605d) (ScriptedImporter) -> (artifact id: 'ce5574b00d21f479f207d680136a49e8') in 0.002735375 seconds
Number of updated asset objects reloaded before import = 0Number of asset objects unloaded after import = 1

========================================================================
Received Import Request.
  Time since last request: 0.000126 seconds.
  path: Assets/Prefabs/Rooms/CafeMaterials/Base_01.004.mat
  artifactKey: Guid(808b49902cb044845b5b3df1da0d6914) Importer(2089858483,b0f066a214c2f5e87bad3c948f4d605d)
Start importing Assets/Prefabs/Rooms/CafeMaterials/Base_01.004.mat using Guid(808b49902cb044845b5b3df1da0d6914) Importer(2089858483,b0f066a214c2f5e87bad3c948f4d605d) (ScriptedImporter) -> (artifact id: '565fa6c43fa30e294df21ebbb1d05a89') in 0.00191025 seconds
Number of updated asset objects reloaded before import = 0Number of asset objects unloaded after import = 1

========================================================================
Received Import Request.
  Time since last request: 0.000050 seconds.
  path: Assets/Prefabs/Rooms/CafeMaterials/Glass 1.mat
  artifactKey: Guid(fe4aa3e516ffd4d2c9bef7c930500c88) Importer(2089858483,b0f066a214c2f5e87bad3c948f4d605d)
Start importing Assets/Prefabs/Rooms/CafeMaterials/Glass 1.mat using Guid(fe4aa3e516ffd4d2c9bef7c930500c88) Importer(2089858483,b0f066a214c2f5e87bad3c948f4d605d) (ScriptedImporter) -> (artifact id: 'b6912b4d10bbab7744bbdf71d5640452') in 0.048987833 seconds
Number of updated asset objects reloaded before import = 0Number of asset objects unloaded after import = 1

========================================================================
Received Import Request.
  Time since last request: 0.000063 seconds.
  path: Assets/Prefabs/Rooms/CafeMaterials/Base_03.001.mat
  artifactKey: Guid(4c3a882e97687478fa68476ae32af082) Importer(2089858483,b0f066a214c2f5e87bad3c948f4d605d)
Start importing Assets/Prefabs/Rooms/CafeMaterials/Base_03.001.mat using Guid(4c3a882e97687478fa68476ae32af082) Importer(2089858483,b0f066a214c2f5e87bad3c948f4d605d) (ScriptedImporter) -> (artifact id: '6c94eee4597de6e57a6262cacb596e41') in 0.00175575 seconds
Number of updated asset objects reloaded before import = 0Number of asset objects unloaded after import = 1

========================================================================
Received Import Request.
  Time since last request: 0.000035 seconds.
  path: Assets/TextMesh Pro/Resources/LineBreaking Leading Characters.txt
  artifactKey: Guid(d82c1b31c7e74239bff1220585707d2b) Importer(2089858483,b0f066a214c2f5e87bad3c948f4d605d)
Start importing Assets/TextMesh Pro/Resources/LineBreaking Leading Characters.txt using Guid(d82c1b31c7e74239bff1220585707d2b) Importer(2089858483,b0f066a214c2f5e87bad3c948f4d605d) (ScriptedImporter) -> (artifact id: '55cc3af1ddffac3061b71c3c4d1eb552') in 0.001149959 seconds
Number of updated asset objects reloaded before import = 0Number of asset objects unloaded after import = 1

========================================================================
Received Import Request.
  Time since last request: 0.000118 seconds.
  path: Assets/TextMesh Pro/Shaders/TMPro_Mobile.cginc
  artifactKey: Guid(c334973cef89a9840b0b0c507e0377ab) Importer(2089858483,b0f066a214c2f5e87bad3c948f4d605d)
Start importing Assets/TextMesh Pro/Shaders/TMPro_Mobile.cginc using Guid(c334973cef89a9840b0b0c507e0377ab) Importer(2089858483,b0f066a214c2f5e87bad3c948f4d605d) (ScriptedImporter) -> (artifact id: '4048ca0ad14af5668f0ae898bbb50f48') in 0.001317792 seconds
Number of updated asset objects reloaded before import = 0Number of asset objects unloaded after import = 1

========================================================================
Received Import Request.
  Time since last request: 0.000101 seconds.
  path: Assets/Prefabs/Rooms/CafeMaterials/7191_blue_light.mat
  artifactKey: Guid(697163b45604c46ea8407535aae7264d) Importer(2089858483,b0f066a214c2f5e87bad3c948f4d605d)
Start importing Assets/Prefabs/Rooms/CafeMaterials/7191_blue_light.mat using Guid(697163b45604c46ea8407535aae7264d) Importer(2089858483,b0f066a214c2f5e87bad3c948f4d605d) (ScriptedImporter) -> (artifact id: 'bf101124c7e913b8f72738c8f1b99246') in 0.001961208 seconds
Number of updated asset objects reloaded before import = 0Number of asset objects unloaded after import = 1

========================================================================
Received Import Request.
  Time since last request: 0.000025 seconds.
  path: Assets/Prefabs/Rooms/CafeMaterials/7191_display1_2sided.mat
  artifactKey: Guid(c192a29ca095d4f32a2fd24a887bf9a6) Importer(2089858483,b0f066a214c2f5e87bad3c948f4d605d)
Start importing Assets/Prefabs/Rooms/CafeMaterials/7191_display1_2sided.mat using Guid(c192a29ca095d4f32a2fd24a887bf9a6) Importer(2089858483,b0f066a214c2f5e87bad3c948f4d605d) (ScriptedImporter) -> (artifact id: '4beb7c924c1a05cf15118cdedb6d4d2a') in 0.001356208 seconds
Number of updated asset objects reloaded before import = 0Number of asset objects unloaded after import = 1

========================================================================
Received Import Request.
  Time since last request: 0.000115 seconds.
  path: Assets/TextMesh Pro/Shaders/TMP_SDF-Mobile.shader
  artifactKey: Guid(fe393ace9b354375a9cb14cdbbc28be4) Importer(2089858483,b0f066a214c2f5e87bad3c948f4d605d)
Start importing Assets/TextMesh Pro/Shaders/TMP_SDF-Mobile.shader using Guid(fe393ace9b354375a9cb14cdbbc28be4) Importer(2089858483,b0f066a214c2f5e87bad3c948f4d605d) (ScriptedImporter) -> (artifact id: '8cb85d8650468b49a9210c86aa0ffe04') in 0.001509083 seconds
Number of updated asset objects reloaded before import = 0Number of asset objects unloaded after import = 1

========================================================================
Received Import Request.
  Time since last request: 0.000046 seconds.
  path: Assets/Prefabs/Rooms/CafeMaterials/Base_02.005.mat
  artifactKey: Guid(735ee6474b9334d60b71a1a1dcb6e347) Importer(2089858483,b0f066a214c2f5e87bad3c948f4d605d)
Start importing Assets/Prefabs/Rooms/CafeMaterials/Base_02.005.mat using Guid(735ee6474b9334d60b71a1a1dcb6e347) Importer(2089858483,b0f066a214c2f5e87bad3c948f4d605d) (ScriptedImporter) -> (artifact id: 'f0cd5df21459af5e739d9f1b677b1ccd') in 0.001652458 seconds
Number of updated asset objects reloaded before import = 0Number of asset objects unloaded after import = 1

========================================================================
Received Import Request.
  Time since last request: 0.000023 seconds.
  path: Assets/Prefabs/Rooms/CafeMaterials/Black plastic.mat
  artifactKey: Guid(99280d31497c94aa7b82dc866872a110) Importer(2089858483,b0f066a214c2f5e87bad3c948f4d605d)
Start importing Assets/Prefabs/Rooms/CafeMaterials/Black plastic.mat using Guid(99280d31497c94aa7b82dc866872a110) Importer(2089858483,b0f066a214c2f5e87bad3c948f4d605d) (ScriptedImporter) -> (artifact id: 'cc450285bf436f6ac9675355e4293162') in 0.001501583 seconds
Number of updated asset objects reloaded before import = 0Number of asset objects unloaded after import = 1

========================================================================
Received Import Request.
  Time since last request: 0.000092 seconds.
  path: Assets/TextMesh Pro/Shaders/TMP_SDF-URP Unlit.shadergraph
  artifactKey: Guid(124c112a6e8f1a54e8b0870e881b56d8) Importer(2089858483,b0f066a214c2f5e87bad3c948f4d605d)
Start importing Assets/TextMesh Pro/Shaders/TMP_SDF-URP Unlit.shadergraph using Guid(124c112a6e8f1a54e8b0870e881b56d8) Importer(2089858483,b0f066a214c2f5e87bad3c948f4d605d) (ScriptedImporter) -> (artifact id: '4b3df28183818c37aa750d63ce9f9070') in 0.000940625 seconds
Number of updated asset objects reloaded before import = 0Number of asset objects unloaded after import = 1

========================================================================
Received Import Request.
  Time since last request: 0.000080 seconds.
  path: Assets/Prefabs/Rooms/CafeMaterials/Exotic Oak Wood.mat
  artifactKey: Guid(c59bb6a9962524baabe3411de7ad6eb6) Importer(2089858483,b0f066a214c2f5e87bad3c948f4d605d)
Start importing Assets/Prefabs/Rooms/CafeMaterials/Exotic Oak Wood.mat using Guid(c59bb6a9962524baabe3411de7ad6eb6) Importer(2089858483,b0f066a214c2f5e87bad3c948f4d605d) (ScriptedImporter) -> (artifact id: 'feaaa896c91e62e13d08ed0d16c6c587') in 0.001497166 seconds
Number of updated asset objects reloaded before import = 0Number of asset objects unloaded after import = 1

========================================================================
Received Import Request.
  Time since last request: 0.000152 seconds.
  path: Assets/Prefabs/Rooms/CafeMaterials/Glazed Ceramic Red.mat
  artifactKey: Guid(2e46106194e004f06b113d323e2418dd) Importer(2089858483,b0f066a214c2f5e87bad3c948f4d605d)
Start importing Assets/Prefabs/Rooms/CafeMaterials/Glazed Ceramic Red.mat using Guid(2e46106194e004f06b113d323e2418dd) Importer(2089858483,b0f066a214c2f5e87bad3c948f4d605d) (ScriptedImporter) -> (artifact id: '1d40cd7b06528c4083bbcc01b8e8d37d') in 0.001624333 seconds
Number of updated asset objects reloaded before import = 0Number of asset objects unloaded after import = 1

========================================================================
Received Import Request.
  Time since last request: 0.000083 seconds.
  path: Assets/Prefabs/Rooms/CafeMaterials/7191_glass.mat
  artifactKey: Guid(857a7aea35ea44c66bfdb5c3eee0abba) Importer(2089858483,b0f066a214c2f5e87bad3c948f4d605d)
Start importing Assets/Prefabs/Rooms/CafeMaterials/7191_glass.mat using Guid(857a7aea35ea44c66bfdb5c3eee0abba) Importer(2089858483,b0f066a214c2f5e87bad3c948f4d605d) (ScriptedImporter) -> (artifact id: 'bf8de0c00fa19b61e1da9cfd1716db75') in 0.001586875 seconds
Number of updated asset objects reloaded before import = 0Number of asset objects unloaded after import = 1

========================================================================
Received Import Request.
  Time since last request: 0.000062 seconds.
  path: Assets/Prefabs/Network/Icons/free-icon-internet-connection-3470489.png
  artifactKey: Guid(c96a7a5f9afc948b1a7c76050d8cbc8c) Importer(2089858483,b0f066a214c2f5e87bad3c948f4d605d)
Start importing Assets/Prefabs/Network/Icons/free-icon-internet-connection-3470489.png using Guid(c96a7a5f9afc948b1a7c76050d8cbc8c) Importer(2089858483,b0f066a214c2f5e87bad3c948f4d605d) (ScriptedImporter) -> (artifact id: 'ecd7c036520b4c286073c10d34f0273f') in 0.004536542 seconds
Number of updated asset objects reloaded before import = 0Number of asset objects unloaded after import = 3

========================================================================
Received Import Request.
  Time since last request: 0.000049 seconds.
  path: Assets/Prefabs/Rooms/CafeMaterials/Black metal.mat
  artifactKey: Guid(50a1160ee15664d168b68561f9da691f) Importer(2089858483,b0f066a214c2f5e87bad3c948f4d605d)
Start importing Assets/Prefabs/Rooms/CafeMaterials/Black metal.mat using Guid(50a1160ee15664d168b68561f9da691f) Importer(2089858483,b0f066a214c2f5e87bad3c948f4d605d) (ScriptedImporter) -> (artifact id: '78e4bd6699b49d9ea32a36d5c2ae0b7a') in 0.001632166 seconds
Number of updated asset objects reloaded before import = 0Number of asset objects unloaded after import = 1

========================================================================
Received Import Request.
  Time since last request: 0.000043 seconds.
  path: Assets/Prefabs/Rooms/CafeMaterials/Chrome.mat
  artifactKey: Guid(e80aea2e06d214ec4bbda70b7c3efaa9) Importer(2089858483,b0f066a214c2f5e87bad3c948f4d605d)
Start importing Assets/Prefabs/Rooms/CafeMaterials/Chrome.mat using Guid(e80aea2e06d214ec4bbda70b7c3efaa9) Importer(2089858483,b0f066a214c2f5e87bad3c948f4d605d) (ScriptedImporter) -> (artifact id: '8bf2695ffa2fac9e5925cb6a08e6b864') in 0.001602709 seconds
Number of updated asset objects reloaded before import = 0Number of asset objects unloaded after import = 1

========================================================================
Received Import Request.
  Time since last request: 0.000107 seconds.
  path: Assets/Prefabs/Rooms/CafeMaterials/7191_plastic_black.mat
  artifactKey: Guid(76920f86b58d2401d9326eeeb54d692b) Importer(2089858483,b0f066a214c2f5e87bad3c948f4d605d)
Start importing Assets/Prefabs/Rooms/CafeMaterials/7191_plastic_black.mat using Guid(76920f86b58d2401d9326eeeb54d692b) Importer(2089858483,b0f066a214c2f5e87bad3c948f4d605d) (ScriptedImporter) -> (artifact id: '643e801ac14b799c5fd56a6d13b5337b') in 0.004389458 seconds
Number of updated asset objects reloaded before import = 0Number of asset objects unloaded after import = 1

========================================================================
Received Import Request.
  Time since last request: 0.000065 seconds.
  path: Assets/TextMesh Pro/Shaders/TMP_SDF-HDRP UNLIT.shadergraph
  artifactKey: Guid(f63d574838ccfb44f84acc05fed0af48) Importer(2089858483,b0f066a214c2f5e87bad3c948f4d605d)
Start importing Assets/TextMesh Pro/Shaders/TMP_SDF-HDRP UNLIT.shadergraph using Guid(f63d574838ccfb44f84acc05fed0af48) Importer(2089858483,b0f066a214c2f5e87bad3c948f4d605d) (ScriptedImporter) -> (artifact id: '9821fa181372b05aa9442f0f82fdf9ad') in 0.001063375 seconds
Number of updated asset objects reloaded before import = 0Number of asset objects unloaded after import = 1

========================================================================
Received Import Request.
  Time since last request: 0.000027 seconds.
  path: Assets/TextMesh Pro/Shaders/TMP_SDF-Mobile Masking.shader
  artifactKey: Guid(bc1ede39bf3643ee8e493720e4259791) Importer(2089858483,b0f066a214c2f5e87bad3c948f4d605d)
Start importing Assets/TextMesh Pro/Shaders/TMP_SDF-Mobile Masking.shader using Guid(bc1ede39bf3643ee8e493720e4259791) Importer(2089858483,b0f066a214c2f5e87bad3c948f4d605d) (ScriptedImporter) -> (artifact id: '54345ec14e98a9a2fb5164083b61abfb') in 0.001347709 seconds
Number of updated asset objects reloaded before import = 0Number of asset objects unloaded after import = 1

========================================================================
Received Import Request.
  Time since last request: 0.000062 seconds.
  path: Assets/TextMesh Pro/Sprites/EmojiOne Attribution.txt
  artifactKey: Guid(381dcb09d5029d14897e55f98031fca5) Importer(2089858483,b0f066a214c2f5e87bad3c948f4d605d)
Start importing Assets/TextMesh Pro/Sprites/EmojiOne Attribution.txt using Guid(381dcb09d5029d14897e55f98031fca5) Importer(2089858483,b0f066a214c2f5e87bad3c948f4d605d) (ScriptedImporter) -> (artifact id: '70a7cb551365f3540d04f61812f4d228') in 0.001350166 seconds
Number of updated asset objects reloaded before import = 0Number of asset objects unloaded after import = 1

========================================================================
Received Import Request.
  Time since last request: 0.000155 seconds.
  path: Assets/TextMesh Pro/Shaders/TMP_SDF-Mobile-2-Pass.shader
  artifactKey: Guid(0178fcb869bafef4690d177d31d17db8) Importer(2089858483,b0f066a214c2f5e87bad3c948f4d605d)
Start importing Assets/TextMesh Pro/Shaders/TMP_SDF-Mobile-2-Pass.shader using Guid(0178fcb869bafef4690d177d31d17db8) Importer(2089858483,b0f066a214c2f5e87bad3c948f4d605d) (ScriptedImporter) -> (artifact id: '9a1ca3938679beae61ab297e10b78804') in 0.001742459 seconds
Number of updated asset objects reloaded before import = 0Number of asset objects unloaded after import = 1

========================================================================
Received Import Request.
  Time since last request: 0.000026 seconds.
  path: Assets/TextMesh Pro/Shaders/TMP_SDF-Mobile SSD.shader
  artifactKey: Guid(c8d12adcee749c344b8117cf7c7eb912) Importer(2089858483,b0f066a214c2f5e87bad3c948f4d605d)
Start importing Assets/TextMesh Pro/Shaders/TMP_SDF-Mobile SSD.shader using Guid(c8d12adcee749c344b8117cf7c7eb912) Importer(2089858483,b0f066a214c2f5e87bad3c948f4d605d) (ScriptedImporter) -> (artifact id: '01cbe050abc1c46b448ae67777d13121') in 0.001726458 seconds
Number of updated asset objects reloaded before import = 0Number of asset objects unloaded after import = 1

========================================================================
Received Import Request.
  Time since last request: 0.000049 seconds.
  path: Assets/TextMesh Pro/Shaders/TMP_SDF-HDRP LIT.shadergraph
  artifactKey: Guid(ca2ed216f98028c4dae6c5224a952b3c) Importer(2089858483,b0f066a214c2f5e87bad3c948f4d605d)
Start importing Assets/TextMesh Pro/Shaders/TMP_SDF-HDRP LIT.shadergraph using Guid(ca2ed216f98028c4dae6c5224a952b3c) Importer(2089858483,b0f066a214c2f5e87bad3c948f4d605d) (ScriptedImporter) -> (artifact id: '962f9b3dca36aed30c6556aeabfcec86') in 0.001257541 seconds
Number of updated asset objects reloaded before import = 0Number of asset objects unloaded after import = 1

========================================================================
Received Import Request.
  Time since last request: 0.000135 seconds.
  path: Assets/TextMesh Pro/Shaders/TMP_Sprite.shader
  artifactKey: Guid(cf81c85f95fe47e1a27f6ae460cf182c) Importer(2089858483,b0f066a214c2f5e87bad3c948f4d605d)
Start importing Assets/TextMesh Pro/Shaders/TMP_Sprite.shader using Guid(cf81c85f95fe47e1a27f6ae460cf182c) Importer(2089858483,b0f066a214c2f5e87bad3c948f4d605d) (ScriptedImporter) -> (artifact id: 'f05ad665e0c5b2589ab4d982261d9a11') in 0.001591916 seconds
Number of updated asset objects reloaded before import = 0Number of asset objects unloaded after import = 1

========================================================================
Received Import Request.
  Time since last request: 0.000032 seconds.
  path: Assets/Prefabs/Rooms/CafeMaterials/7191_receipt.mat
  artifactKey: Guid(c487fcaa1adfc42fa8ea986cd3d2d7fe) Importer(2089858483,b0f066a214c2f5e87bad3c948f4d605d)
Start importing Assets/Prefabs/Rooms/CafeMaterials/7191_receipt.mat using Guid(c487fcaa1adfc42fa8ea986cd3d2d7fe) Importer(2089858483,b0f066a214c2f5e87bad3c948f4d605d) (ScriptedImporter) -> (artifact id: 'e08573b18c3a14366eaf687ab66fcd1b') in 0.001216625 seconds
Number of updated asset objects reloaded before import = 0Number of asset objects unloaded after import = 1

========================================================================
Received Import Request.
  Time since last request: 0.000022 seconds.
  path: Assets/Prefabs/Rooms/CafeMaterials/BXG_logo.mat
  artifactKey: Guid(fd05328b98eb047e0be65fd854457b82) Importer(2089858483,b0f066a214c2f5e87bad3c948f4d605d)
Start importing Assets/Prefabs/Rooms/CafeMaterials/BXG_logo.mat using Guid(fd05328b98eb047e0be65fd854457b82) Importer(2089858483,b0f066a214c2f5e87bad3c948f4d605d) (ScriptedImporter) -> (artifact id: '2999688cfb4ef465e82a16b364f879dc') in 0.001436041 seconds
Number of updated asset objects reloaded before import = 0Number of asset objects unloaded after import = 1

========================================================================
Received Import Request.
  Time since last request: 0.000107 seconds.
  path: Assets/Prefabs/Rooms/CafeMaterials/Black glass.mat
  artifactKey: Guid(08627d9d18e5c46acafaee6b13c1d0ca) Importer(2089858483,b0f066a214c2f5e87bad3c948f4d605d)
Start importing Assets/Prefabs/Rooms/CafeMaterials/Black glass.mat using Guid(08627d9d18e5c46acafaee6b13c1d0ca) Importer(2089858483,b0f066a214c2f5e87bad3c948f4d605d) (ScriptedImporter) -> (artifact id: '3b9b04ca159608c3f6cd3d7c9063ca47') in 0.001587625 seconds
Number of updated asset objects reloaded before import = 0Number of asset objects unloaded after import = 1

========================================================================
Received Import Request.
  Time since last request: 0.000079 seconds.
  path: Assets/Prefabs/Rooms/CafeMaterials/Glass Window (Exterior).002.mat
  artifactKey: Guid(08e05bcc0287d4cb1a39c3b88bbc5625) Importer(2089858483,b0f066a214c2f5e87bad3c948f4d605d)
Start importing Assets/Prefabs/Rooms/CafeMaterials/Glass Window (Exterior).002.mat using Guid(08e05bcc0287d4cb1a39c3b88bbc5625) Importer(2089858483,b0f066a214c2f5e87bad3c948f4d605d) (ScriptedImporter) -> (artifact id: 'd6d980da628dc511b149e954c5c28ead') in 0.001774 seconds
Number of updated asset objects reloaded before import = 0Number of asset objects unloaded after import = 1

========================================================================
Received Import Request.
  Time since last request: 0.000020 seconds.
  path: Assets/Prefabs/Rooms/CafeMaterials/FloorLight.mat
  artifactKey: Guid(73b3e1184405f496caea178955324e29) Importer(2089858483,b0f066a214c2f5e87bad3c948f4d605d)
Start importing Assets/Prefabs/Rooms/CafeMaterials/FloorLight.mat using Guid(73b3e1184405f496caea178955324e29) Importer(2089858483,b0f066a214c2f5e87bad3c948f4d605d) (ScriptedImporter) -> (artifact id: 'f1ac178f42f38c65951f69f8e8ba70c8') in 0.001595541 seconds
Number of updated asset objects reloaded before import = 0Number of asset objects unloaded after import = 1

========================================================================
Received Import Request.
  Time since last request: 0.000039 seconds.
  path: Assets/Prefabs/Rooms/CafeMaterials/08 - Default.mat
  artifactKey: Guid(f146df235dd1a4cedb592cef513bbdf1) Importer(2089858483,b0f066a214c2f5e87bad3c948f4d605d)
Start importing Assets/Prefabs/Rooms/CafeMaterials/08 - Default.mat using Guid(f146df235dd1a4cedb592cef513bbdf1) Importer(2089858483,b0f066a214c2f5e87bad3c948f4d605d) (ScriptedImporter) -> (artifact id: 'd1cf377bd971d04802fa79bf92495750') in 0.00161125 seconds
Number of updated asset objects reloaded before import = 0Number of asset objects unloaded after import = 1

========================================================================
Received Import Request.
  Time since last request: 0.000086 seconds.
  path: Assets/Prefabs/Rooms/CafeMaterials/Forging.mat
  artifactKey: Guid(cff588cb41298407583eba238a52d0e6) Importer(2089858483,b0f066a214c2f5e87bad3c948f4d605d)
Start importing Assets/Prefabs/Rooms/CafeMaterials/Forging.mat using Guid(cff588cb41298407583eba238a52d0e6) Importer(2089858483,b0f066a214c2f5e87bad3c948f4d605d) (ScriptedImporter) -> (artifact id: 'e75af400b448994c332cfade9682b82f') in 0.001379334 seconds
Number of updated asset objects reloaded before import = 0Number of asset objects unloaded after import = 1

========================================================================
Received Import Request.
  Time since last request: 0.000023 seconds.
  path: Assets/Prefabs/Rooms/CafeMaterials/Black brushed metal.mat
  artifactKey: Guid(07a247940e1414efaa5d722ae2a8b8fc) Importer(2089858483,b0f066a214c2f5e87bad3c948f4d605d)
Start importing Assets/Prefabs/Rooms/CafeMaterials/Black brushed metal.mat using Guid(07a247940e1414efaa5d722ae2a8b8fc) Importer(2089858483,b0f066a214c2f5e87bad3c948f4d605d) (ScriptedImporter) -> (artifact id: '6e34ebb0dbb1dce044755ca222310799') in 0.001704875 seconds
Number of updated asset objects reloaded before import = 0Number of asset objects unloaded after import = 1

========================================================================
Received Import Request.
  Time since last request: 0.000079 seconds.
  path: Assets/Prefabs/Rooms/CafeMaterials/AR3DMat Light Grey Ceramic Tiles.001.mat
  artifactKey: Guid(b7a12891e3814497da33932715bc9d90) Importer(2089858483,b0f066a214c2f5e87bad3c948f4d605d)
Start importing Assets/Prefabs/Rooms/CafeMaterials/AR3DMat Light Grey Ceramic Tiles.001.mat using Guid(b7a12891e3814497da33932715bc9d90) Importer(2089858483,b0f066a214c2f5e87bad3c948f4d605d) (ScriptedImporter) -> (artifact id: '6d1f1229a4577cfa876bf1fdae2bd43d') in 0.001867 seconds
Number of updated asset objects reloaded before import = 0Number of asset objects unloaded after import = 1

========================================================================
Received Import Request.
  Time since last request: 0.000137 seconds.
  path: Assets/TextMesh Pro/Shaders/TMP_Bitmap.shader
  artifactKey: Guid(128e987d567d4e2c824d754223b3f3b0) Importer(2089858483,b0f066a214c2f5e87bad3c948f4d605d)
Start importing Assets/TextMesh Pro/Shaders/TMP_Bitmap.shader using Guid(128e987d567d4e2c824d754223b3f3b0) Importer(2089858483,b0f066a214c2f5e87bad3c948f4d605d) (ScriptedImporter) -> (artifact id: 'aff24546ba90112835a0c625608bfdf0') in 0.001297291 seconds
Number of updated asset objects reloaded before import = 0Number of asset objects unloaded after import = 1

========================================================================
Received Import Request.
  Time since last request: 0.000025 seconds.
  path: Assets/Prefabs/Rooms/CafeMaterials/Ficusleaf 002.mat
  artifactKey: Guid(a73345b1c00f94b5eb5e0507a7803e5f) Importer(2089858483,b0f066a214c2f5e87bad3c948f4d605d)
Start importing Assets/Prefabs/Rooms/CafeMaterials/Ficusleaf 002.mat using Guid(a73345b1c00f94b5eb5e0507a7803e5f) Importer(2089858483,b0f066a214c2f5e87bad3c948f4d605d) (ScriptedImporter) -> (artifact id: '43928c6a456dccc811fc6822bc43a309') in 0.001108625 seconds
Number of updated asset objects reloaded before import = 0Number of asset objects unloaded after import = 1

========================================================================
Received Import Request.
  Time since last request: 0.000074 seconds.
  path: Assets/Prefabs/Rooms/CafeMaterials/Black & White Floor (Procedural).001.mat
  artifactKey: Guid(eea33d494b8934331844080d88073235) Importer(2089858483,b0f066a214c2f5e87bad3c948f4d605d)
Start importing Assets/Prefabs/Rooms/CafeMaterials/Black & White Floor (Procedural).001.mat using Guid(eea33d494b8934331844080d88073235) Importer(2089858483,b0f066a214c2f5e87bad3c948f4d605d) (ScriptedImporter) -> (artifact id: '11ea3260ecfdf5cf19a76eb7a5385574') in 0.001508958 seconds
Number of updated asset objects reloaded before import = 0Number of asset objects unloaded after import = 1

========================================================================
Received Import Request.
  Time since last request: 0.000123 seconds.
  path: Assets/TextMesh Pro/Sprites/EmojiOne.json
  artifactKey: Guid(8f05276190cf498a8153f6cbe761d4e6) Importer(2089858483,b0f066a214c2f5e87bad3c948f4d605d)
Start importing Assets/TextMesh Pro/Sprites/EmojiOne.json using Guid(8f05276190cf498a8153f6cbe761d4e6) Importer(2089858483,b0f066a214c2f5e87bad3c948f4d605d) (ScriptedImporter) -> (artifact id: 'a9e860f72b8be994a66d320c21c851f4') in 0.00119875 seconds
Number of updated asset objects reloaded before import = 0Number of asset objects unloaded after import = 1

========================================================================
Received Import Request.
  Time since last request: 0.000087 seconds.
  path: Assets/Prefabs/Rooms/CafeMaterials/Aluminium sand.mat
  artifactKey: Guid(bd41e6de2b30b42a3bda1efdcac2a082) Importer(2089858483,b0f066a214c2f5e87bad3c948f4d605d)
Start importing Assets/Prefabs/Rooms/CafeMaterials/Aluminium sand.mat using Guid(bd41e6de2b30b42a3bda1efdcac2a082) Importer(2089858483,b0f066a214c2f5e87bad3c948f4d605d) (ScriptedImporter) -> (artifact id: 'deda671a58a6f57380cbfe05f9d9f3cb') in 0.00145375 seconds
Number of updated asset objects reloaded before import = 0Number of asset objects unloaded after import = 1

========================================================================
Received Import Request.
  Time since last request: 0.000023 seconds.
  path: Assets/Prefabs/Rooms/CafeMaterials/7191_back_display_backlight.mat
  artifactKey: Guid(fe515ef990a5f43ae99de977e0596e65) Importer(2089858483,b0f066a214c2f5e87bad3c948f4d605d)
Start importing Assets/Prefabs/Rooms/CafeMaterials/7191_back_display_backlight.mat using Guid(fe515ef990a5f43ae99de977e0596e65) Importer(2089858483,b0f066a214c2f5e87bad3c948f4d605d) (ScriptedImporter) -> (artifact id: '2630e4d11abd8f677db550df1ff9d7b8') in 0.0024215 seconds
Number of updated asset objects reloaded before import = 0Number of asset objects unloaded after import = 1

========================================================================
Received Import Request.
  Time since last request: 0.000153 seconds.
  path: Assets/Prefabs/Rooms/CafeMaterials/Frozen white metal.mat
  artifactKey: Guid(26569a4d073af4ea8a222ff9dd86c670) Importer(2089858483,b0f066a214c2f5e87bad3c948f4d605d)
Start importing Assets/Prefabs/Rooms/CafeMaterials/Frozen white metal.mat using Guid(26569a4d073af4ea8a222ff9dd86c670) Importer(2089858483,b0f066a214c2f5e87bad3c948f4d605d) (ScriptedImporter) -> (artifact id: '52c35d123631d3939092be6335690e8e') in 0.001896708 seconds
Number of updated asset objects reloaded before import = 0Number of asset objects unloaded after import = 1

========================================================================
Received Import Request.
  Time since last request: 0.952136 seconds.
  path: Assets/Prefabs/Rooms/CafeMaterials/GreyLeather.mat
  artifactKey: Guid(48fa7971c06a84135a02da0d1ade9391) Importer(2089858483,b0f066a214c2f5e87bad3c948f4d605d)
Start importing Assets/Prefabs/Rooms/CafeMaterials/GreyLeather.mat using Guid(48fa7971c06a84135a02da0d1ade9391) Importer(2089858483,b0f066a214c2f5e87bad3c948f4d605d) (ScriptedImporter) -> (artifact id: '86cf6aba43db27a994edaf50d0d0f102') in 0.002279042 seconds
Number of updated asset objects reloaded before import = 0Number of asset objects unloaded after import = 1

========================================================================
Received Import Request.
  Time since last request: 0.000053 seconds.
  path: Assets/Prefabs/Rooms/CafeMaterials/Material.067.mat
  artifactKey: Guid(2f65f7542db934e8bb88b1f54081fd71) Importer(2089858483,b0f066a214c2f5e87bad3c948f4d605d)
Start importing Assets/Prefabs/Rooms/CafeMaterials/Material.067.mat using Guid(2f65f7542db934e8bb88b1f54081fd71) Importer(2089858483,b0f066a214c2f5e87bad3c948f4d605d) (ScriptedImporter) -> (artifact id: '20d17897bbd62c0ffbad44f1f3a7b1a4') in 0.001588834 seconds
Number of updated asset objects reloaded before import = 0Number of asset objects unloaded after import = 1

========================================================================
Received Import Request.
  Time since last request: 0.000024 seconds.
  path: Assets/Prefabs/Rooms/CafeMaterials/M_Metal.001.mat
  artifactKey: Guid(a403ee6d20d97448d9e9e95679cb5fb8) Importer(2089858483,b0f066a214c2f5e87bad3c948f4d605d)
Start importing Assets/Prefabs/Rooms/CafeMaterials/M_Metal.001.mat using Guid(a403ee6d20d97448d9e9e95679cb5fb8) Importer(2089858483,b0f066a214c2f5e87bad3c948f4d605d) (ScriptedImporter) -> (artifact id: '2d6738a766fc432e9e42ad0aa7828922') in 0.000998709 seconds
Number of updated asset objects reloaded before import = 0Number of asset objects unloaded after import = 1

========================================================================
Received Import Request.
  Time since last request: 0.000027 seconds.
  path: Assets/Prefabs/Rooms/CafeMaterials/Material #95.mat
  artifactKey: Guid(4ce55b776a8d5472c834aae2e9e67bc0) Importer(2089858483,b0f066a214c2f5e87bad3c948f4d605d)
Start importing Assets/Prefabs/Rooms/CafeMaterials/Material #95.mat using Guid(4ce55b776a8d5472c834aae2e9e67bc0) Importer(2089858483,b0f066a214c2f5e87bad3c948f4d605d) (ScriptedImporter) -> (artifact id: '7638aff15ad85af74b068f657e66e558') in 0.000962375 seconds
Number of updated asset objects reloaded before import = 0Number of asset objects unloaded after import = 1

========================================================================
Received Import Request.
  Time since last request: 0.000093 seconds.
  path: Assets/Prefabs/Rooms/CafeMaterials/Procedural glass material for every use.mat
  artifactKey: Guid(8b08a2376da20404f9964393ede21364) Importer(2089858483,b0f066a214c2f5e87bad3c948f4d605d)
Start importing Assets/Prefabs/Rooms/CafeMaterials/Procedural glass material for every use.mat using Guid(8b08a2376da20404f9964393ede21364) Importer(2089858483,b0f066a214c2f5e87bad3c948f4d605d) (ScriptedImporter) -> (artifact id: '936e804957b429f5080e3e5dad7e5055') in 0.00137225 seconds
Number of updated asset objects reloaded before import = 0Number of asset objects unloaded after import = 1

========================================================================
Received Import Request.
  Time since last request: 0.000168 seconds.
  path: Assets/Prefabs/Rooms/CafeMaterials/Material #321.002.mat
  artifactKey: Guid(763dbc7b4a7f24c9bbfaaa46c89f25b7) Importer(2089858483,b0f066a214c2f5e87bad3c948f4d605d)
Start importing Assets/Prefabs/Rooms/CafeMaterials/Material #321.002.mat using Guid(763dbc7b4a7f24c9bbfaaa46c89f25b7) Importer(2089858483,b0f066a214c2f5e87bad3c948f4d605d) (ScriptedImporter) -> (artifact id: '1a050ef7e878a0db18fc60459bcb4096') in 0.001553791 seconds
Number of updated asset objects reloaded before import = 0Number of asset objects unloaded after import = 1

========================================================================
Received Import Request.
  Time since last request: 0.000137 seconds.
  path: Assets/Prefabs/Rooms/CafeMaterials/Material.003.mat
  artifactKey: Guid(3587656b0ffa44753a2168302c7700a5) Importer(2089858483,b0f066a214c2f5e87bad3c948f4d605d)
Start importing Assets/Prefabs/Rooms/CafeMaterials/Material.003.mat using Guid(3587656b0ffa44753a2168302c7700a5) Importer(2089858483,b0f066a214c2f5e87bad3c948f4d605d) (ScriptedImporter) -> (artifact id: 'e309f6cfa970c2966a271dd238fa7331') in 0.001465125 seconds
Number of updated asset objects reloaded before import = 0Number of asset objects unloaded after import = 1

========================================================================
Received Import Request.
  Time since last request: 0.000027 seconds.
  path: Assets/Prefabs/Rooms/CafeMaterials/Material.075.mat
  artifactKey: Guid(7d8915dd5b2e545ecb0a3ee1d151d875) Importer(2089858483,b0f066a214c2f5e87bad3c948f4d605d)
Start importing Assets/Prefabs/Rooms/CafeMaterials/Material.075.mat using Guid(7d8915dd5b2e545ecb0a3ee1d151d875) Importer(2089858483,b0f066a214c2f5e87bad3c948f4d605d) (ScriptedImporter) -> (artifact id: '9b35c3df164ba8e77f4eef828d0fa85b') in 0.00112625 seconds
Number of updated asset objects reloaded before import = 0Number of asset objects unloaded after import = 1

========================================================================
Received Import Request.
  Time since last request: 0.000036 seconds.
  path: Assets/Prefabs/Rooms/CafeMaterials/Toon glass shader.mat
  artifactKey: Guid(c578fe092132e42ecbbf09c87e1f8a19) Importer(2089858483,b0f066a214c2f5e87bad3c948f4d605d)
Start importing Assets/Prefabs/Rooms/CafeMaterials/Toon glass shader.mat using Guid(c578fe092132e42ecbbf09c87e1f8a19) Importer(2089858483,b0f066a214c2f5e87bad3c948f4d605d) (ScriptedImporter) -> (artifact id: '8c0bf2753820008bceb0a8c33721ceed') in 0.001244125 seconds
Number of updated asset objects reloaded before import = 0Number of asset objects unloaded after import = 1

========================================================================
Received Import Request.
  Time since last request: 0.000157 seconds.
  path: Assets/Prefabs/Rooms/CafeMaterials/Material.056.mat
  artifactKey: Guid(700f681b957d749f792a4e1a45c6c66b) Importer(2089858483,b0f066a214c2f5e87bad3c948f4d605d)
Start importing Assets/Prefabs/Rooms/CafeMaterials/Material.056.mat using Guid(700f681b957d749f792a4e1a45c6c66b) Importer(2089858483,b0f066a214c2f5e87bad3c948f4d605d) (ScriptedImporter) -> (artifact id: '67f9c3c809742163eb490b7f82d276b7') in 0.001750292 seconds
Number of updated asset objects reloaded before import = 0Number of asset objects unloaded after import = 1

========================================================================
Received Import Request.
  Time since last request: 0.000112 seconds.
  path: Assets/Prefabs/Rooms/CafeMaterials/MDF Freijó - Guararapis.002.mat
  artifactKey: Guid(36226d0019607406391c375a4d28fe9f) Importer(2089858483,b0f066a214c2f5e87bad3c948f4d605d)
Start importing Assets/Prefabs/Rooms/CafeMaterials/MDF Freijó - Guararapis.002.mat using Guid(36226d0019607406391c375a4d28fe9f) Importer(2089858483,b0f066a214c2f5e87bad3c948f4d605d) (ScriptedImporter) -> (artifact id: 'e671f60c4b97a8adf47b6ac2f2e20d38') in 0.001932959 seconds
Number of updated asset objects reloaded before import = 0Number of asset objects unloaded after import = 1

========================================================================
Received Import Request.
  Time since last request: 0.000023 seconds.
  path: Assets/Prefabs/Rooms/CafeMaterials/Metall_085_1_65.001.mat
  artifactKey: Guid(dd5667836211c4a46978fd1b12290f3e) Importer(2089858483,b0f066a214c2f5e87bad3c948f4d605d)
Start importing Assets/Prefabs/Rooms/CafeMaterials/Metall_085_1_65.001.mat using Guid(dd5667836211c4a46978fd1b12290f3e) Importer(2089858483,b0f066a214c2f5e87bad3c948f4d605d) (ScriptedImporter) -> (artifact id: 'ca6eb0526e4516b358e18e6ef9e9d7fd') in 0.001392792 seconds
Number of updated asset objects reloaded before import = 0Number of asset objects unloaded after import = 1

========================================================================
Received Import Request.
  Time since last request: 0.000052 seconds.
  path: Assets/Prefabs/Rooms/CafeMaterials/Material #55.001.mat
  artifactKey: Guid(6c04fa028ad674e2e90c759188da8f56) Importer(2089858483,b0f066a214c2f5e87bad3c948f4d605d)
Start importing Assets/Prefabs/Rooms/CafeMaterials/Material #55.001.mat using Guid(6c04fa028ad674e2e90c759188da8f56) Importer(2089858483,b0f066a214c2f5e87bad3c948f4d605d) (ScriptedImporter) -> (artifact id: 'e79e342e998cd9f6a4248932e08a342b') in 0.001505916 seconds
Number of updated asset objects reloaded before import = 0Number of asset objects unloaded after import = 1

========================================================================
Received Import Request.
  Time since last request: 0.000082 seconds.
  path: Assets/Prefabs/Rooms/CafeMaterials/Material.029.mat
  artifactKey: Guid(7bfef270c19ed4ca6b7709ee87778430) Importer(2089858483,b0f066a214c2f5e87bad3c948f4d605d)
Start importing Assets/Prefabs/Rooms/CafeMaterials/Material.029.mat using Guid(7bfef270c19ed4ca6b7709ee87778430) Importer(2089858483,b0f066a214c2f5e87bad3c948f4d605d) (ScriptedImporter) -> (artifact id: '97aea0e486f003879ba9acd64f7858a2') in 0.002073042 seconds
Number of updated asset objects reloaded before import = 0Number of asset objects unloaded after import = 1

========================================================================
Received Import Request.
  Time since last request: 0.000083 seconds.
  path: Assets/Prefabs/Rooms/CafeMaterials/MDF Freijó - Guararapis.mat
  artifactKey: Guid(3227c7b4e67c84752a5438ec552c734d) Importer(2089858483,b0f066a214c2f5e87bad3c948f4d605d)
Start importing Assets/Prefabs/Rooms/CafeMaterials/MDF Freijó - Guararapis.mat using Guid(3227c7b4e67c84752a5438ec552c734d) Importer(2089858483,b0f066a214c2f5e87bad3c948f4d605d) (ScriptedImporter) -> (artifact id: 'e3472c5bebc89d8c1a78e73b80de82db') in 0.001557708 seconds
Number of updated asset objects reloaded before import = 0Number of asset objects unloaded after import = 1

========================================================================
Received Import Request.
  Time since last request: 0.000078 seconds.
  path: Assets/Prefabs/Rooms/CafeMaterials/Procedural coffee bean.mat
  artifactKey: Guid(d0f3636b7be014bdf92b93f27fecca8c) Importer(2089858483,b0f066a214c2f5e87bad3c948f4d605d)
Start importing Assets/Prefabs/Rooms/CafeMaterials/Procedural coffee bean.mat using Guid(d0f3636b7be014bdf92b93f27fecca8c) Importer(2089858483,b0f066a214c2f5e87bad3c948f4d605d) (ScriptedImporter) -> (artifact id: '5e8e5f3315f11d1a37f02a06fe61c1ad') in 0.001597125 seconds
Number of updated asset objects reloaded before import = 0Number of asset objects unloaded after import = 1

========================================================================
Received Import Request.
  Time since last request: 0.000023 seconds.
  path: Assets/Prefabs/Rooms/CafeMaterials/M_White.001.mat
  artifactKey: Guid(499d5aff2304341298e95c07123541e5) Importer(2089858483,b0f066a214c2f5e87bad3c948f4d605d)
Start importing Assets/Prefabs/Rooms/CafeMaterials/M_White.001.mat using Guid(499d5aff2304341298e95c07123541e5) Importer(2089858483,b0f066a214c2f5e87bad3c948f4d605d) (ScriptedImporter) -> (artifact id: 'c0a0f935419f621a9fa404446a847109') in 0.001598958 seconds
Number of updated asset objects reloaded before import = 0Number of asset objects unloaded after import = 1

========================================================================
Received Import Request.
  Time since last request: 0.000101 seconds.
  path: Assets/Prefabs/Rooms/CafeMaterials/Transparent plastic procedural.mat
  artifactKey: Guid(2ba42cfdee6034db98bbba33c26ec82c) Importer(2089858483,b0f066a214c2f5e87bad3c948f4d605d)
Start importing Assets/Prefabs/Rooms/CafeMaterials/Transparent plastic procedural.mat using Guid(2ba42cfdee6034db98bbba33c26ec82c) Importer(2089858483,b0f066a214c2f5e87bad3c948f4d605d) (ScriptedImporter) -> (artifact id: 'f5ceabdc5b0cfe3039a9729124c159e4') in 0.0024875 seconds
Number of updated asset objects reloaded before import = 0Number of asset objects unloaded after import = 1

========================================================================
Received Import Request.
  Time since last request: 0.000114 seconds.
  path: Assets/Prefabs/Rooms/CafeMaterials/Inox.mat
  artifactKey: Guid(4d795569931ed44f080008356ceef4db) Importer(2089858483,b0f066a214c2f5e87bad3c948f4d605d)
Start importing Assets/Prefabs/Rooms/CafeMaterials/Inox.mat using Guid(4d795569931ed44f080008356ceef4db) Importer(2089858483,b0f066a214c2f5e87bad3c948f4d605d) (ScriptedImporter) -> (artifact id: 'c1e23ecb80dd54696fb182596ab4df3c') in 0.001506917 seconds
Number of updated asset objects reloaded before import = 0Number of asset objects unloaded after import = 1

========================================================================
Received Import Request.
  Time since last request: 0.000060 seconds.
  path: Assets/Prefabs/Rooms/CafeMaterials/Procedural Dirt.001.mat
  artifactKey: Guid(7b2706bc9c21d4768a52052a3a982650) Importer(2089858483,b0f066a214c2f5e87bad3c948f4d605d)
Start importing Assets/Prefabs/Rooms/CafeMaterials/Procedural Dirt.001.mat using Guid(7b2706bc9c21d4768a52052a3a982650) Importer(2089858483,b0f066a214c2f5e87bad3c948f4d605d) (ScriptedImporter) -> (artifact id: 'aecf897fb418436c28c7df253968f4b1') in 0.001559166 seconds
Number of updated asset objects reloaded before import = 0Number of asset objects unloaded after import = 1

========================================================================
Received Import Request.
  Time since last request: 0.000077 seconds.
  path: Assets/Prefabs/Rooms/CafeMaterials/Material.038.mat
  artifactKey: Guid(94fc5cb8abea94a4cb71e295204f793b) Importer(2089858483,b0f066a214c2f5e87bad3c948f4d605d)
Start importing Assets/Prefabs/Rooms/CafeMaterials/Material.038.mat using Guid(94fc5cb8abea94a4cb71e295204f793b) Importer(2089858483,b0f066a214c2f5e87bad3c948f4d605d) (ScriptedImporter) -> (artifact id: '6c8dc098d303346218a971b1a284033c') in 0.001784959 seconds
Number of updated asset objects reloaded before import = 0Number of asset objects unloaded after import = 1

========================================================================
Received Import Request.
  Time since last request: 0.000042 seconds.
  path: Assets/Prefabs/Rooms/CafeMaterials/Light Zebrano Wood.mat
  artifactKey: Guid(cae3378d55286434ba668db15577893e) Importer(2089858483,b0f066a214c2f5e87bad3c948f4d605d)
Start importing Assets/Prefabs/Rooms/CafeMaterials/Light Zebrano Wood.mat using Guid(cae3378d55286434ba668db15577893e) Importer(2089858483,b0f066a214c2f5e87bad3c948f4d605d) (ScriptedImporter) -> (artifact id: '6542d27136dd3a3e532e458f3275dd55') in 0.001620708 seconds
Number of updated asset objects reloaded before import = 0Number of asset objects unloaded after import = 1

========================================================================
Received Import Request.
  Time since last request: 0.000029 seconds.
  path: Assets/Prefabs/Rooms/CafeMaterials/Material.063.mat
  artifactKey: Guid(945e539adf9dd49a89742f8b0ce98123) Importer(2089858483,b0f066a214c2f5e87bad3c948f4d605d)
Start importing Assets/Prefabs/Rooms/CafeMaterials/Material.063.mat using Guid(945e539adf9dd49a89742f8b0ce98123) Importer(2089858483,b0f066a214c2f5e87bad3c948f4d605d) (ScriptedImporter) -> (artifact id: 'ccd62ed772879ef88da12120c90434d2') in 0.00153875 seconds
Number of updated asset objects reloaded before import = 0Number of asset objects unloaded after import = 1

========================================================================
Received Import Request.
  Time since last request: 0.000088 seconds.
  path: Assets/Prefabs/Rooms/CafeMaterials/Plastik black.mat
  artifactKey: Guid(4af982cede9494cd48298992fa7e3fab) Importer(2089858483,b0f066a214c2f5e87bad3c948f4d605d)
Start importing Assets/Prefabs/Rooms/CafeMaterials/Plastik black.mat using Guid(4af982cede9494cd48298992fa7e3fab) Importer(2089858483,b0f066a214c2f5e87bad3c948f4d605d) (ScriptedImporter) -> (artifact id: 'a4ff7c4990d11e5211078a45a7d4f6e5') in 0.001932375 seconds
Number of updated asset objects reloaded before import = 0Number of asset objects unloaded after import = 1

========================================================================
Received Import Request.
  Time since last request: 0.000038 seconds.
  path: Assets/Prefabs/Rooms/CafeMaterials/Material.054.mat
  artifactKey: Guid(4d0bf11cba0da4680860d29834c6d720) Importer(2089858483,b0f066a214c2f5e87bad3c948f4d605d)
Start importing Assets/Prefabs/Rooms/CafeMaterials/Material.054.mat using Guid(4d0bf11cba0da4680860d29834c6d720) Importer(2089858483,b0f066a214c2f5e87bad3c948f4d605d) (ScriptedImporter) -> (artifact id: '9c99fdc29ae691385da350e3b29a2062') in 0.001454042 seconds
Number of updated asset objects reloaded before import = 0Number of asset objects unloaded after import = 1

========================================================================
Received Import Request.
  Time since last request: 0.000032 seconds.
  path: Assets/Prefabs/Rooms/CafeMaterials/Steel.mat
  artifactKey: Guid(c52c0840be472481d9dbcb4d3cb00aee) Importer(2089858483,b0f066a214c2f5e87bad3c948f4d605d)
Start importing Assets/Prefabs/Rooms/CafeMaterials/Steel.mat using Guid(c52c0840be472481d9dbcb4d3cb00aee) Importer(2089858483,b0f066a214c2f5e87bad3c948f4d605d) (ScriptedImporter) -> (artifact id: '0a8f4d2666a4f92abb794a38c781b227') in 0.001697083 seconds
Number of updated asset objects reloaded before import = 0Number of asset objects unloaded after import = 1

========================================================================
Received Import Request.
  Time since last request: 0.000049 seconds.
  path: Assets/Prefabs/Rooms/CafeMaterials/Material.010.mat
  artifactKey: Guid(4f9a8c0311588498388526185d3bcb53) Importer(2089858483,b0f066a214c2f5e87bad3c948f4d605d)
Start importing Assets/Prefabs/Rooms/CafeMaterials/Material.010.mat using Guid(4f9a8c0311588498388526185d3bcb53) Importer(2089858483,b0f066a214c2f5e87bad3c948f4d605d) (ScriptedImporter) -> (artifact id: '541adff45d29d7068bd2b3c5d6e06a9c') in 0.001567708 seconds
Number of updated asset objects reloaded before import = 0Number of asset objects unloaded after import = 1

========================================================================
Received Import Request.
  Time since last request: 0.000121 seconds.
  path: Assets/Prefabs/Rooms/CafeMaterials/Material.037.mat
  artifactKey: Guid(b5bc9914b812848a9bfb49caffc28be2) Importer(2089858483,b0f066a214c2f5e87bad3c948f4d605d)
Start importing Assets/Prefabs/Rooms/CafeMaterials/Material.037.mat using Guid(b5bc9914b812848a9bfb49caffc28be2) Importer(2089858483,b0f066a214c2f5e87bad3c948f4d605d) (ScriptedImporter) -> (artifact id: '6d050e1a2c5c96d3af621957d8b9b1eb') in 0.001750167 seconds
Number of updated asset objects reloaded before import = 0Number of asset objects unloaded after import = 1

========================================================================
Received Import Request.
  Time since last request: 0.000055 seconds.
  path: Assets/Prefabs/Rooms/CafeMaterials/KEYS.mat
  artifactKey: Guid(a9e2a5e60945b4706ada80e5477d6046) Importer(2089858483,b0f066a214c2f5e87bad3c948f4d605d)
Start importing Assets/Prefabs/Rooms/CafeMaterials/KEYS.mat using Guid(a9e2a5e60945b4706ada80e5477d6046) Importer(2089858483,b0f066a214c2f5e87bad3c948f4d605d) (ScriptedImporter) -> (artifact id: '9e0ab281254457720655769c2836f743') in 0.001901959 seconds
Number of updated asset objects reloaded before import = 0Number of asset objects unloaded after import = 1

========================================================================
Received Import Request.
  Time since last request: 0.000085 seconds.
  path: Assets/Prefabs/Rooms/CafeMaterials/Light carpet.mat
  artifactKey: Guid(64895b4f15285418cad8bd40c9e2816a) Importer(2089858483,b0f066a214c2f5e87bad3c948f4d605d)
Start importing Assets/Prefabs/Rooms/CafeMaterials/Light carpet.mat using Guid(64895b4f15285418cad8bd40c9e2816a) Importer(2089858483,b0f066a214c2f5e87bad3c948f4d605d) (ScriptedImporter) -> (artifact id: '04ed214167cf4804845140fc53f67529') in 0.001432959 seconds
Number of updated asset objects reloaded before import = 0Number of asset objects unloaded after import = 1

========================================================================
Received Import Request.
  Time since last request: 0.000063 seconds.
  path: Assets/Prefabs/Rooms/CafeMaterials/Material.016.mat
  artifactKey: Guid(5a1b9bc2f6900429da47421efe2d980c) Importer(2089858483,b0f066a214c2f5e87bad3c948f4d605d)
Start importing Assets/Prefabs/Rooms/CafeMaterials/Material.016.mat using Guid(5a1b9bc2f6900429da47421efe2d980c) Importer(2089858483,b0f066a214c2f5e87bad3c948f4d605d) (ScriptedImporter) -> (artifact id: '022798abc129e3f19c557a7fb724e217') in 0.001597583 seconds
Number of updated asset objects reloaded before import = 0Number of asset objects unloaded after import = 1

========================================================================
Received Import Request.
  Time since last request: 0.000105 seconds.
  path: Assets/Prefabs/Rooms/CafeMaterials/Material.011.mat
  artifactKey: Guid(73c448cfd99d749209c60170bf0ebcd7) Importer(2089858483,b0f066a214c2f5e87bad3c948f4d605d)
Start importing Assets/Prefabs/Rooms/CafeMaterials/Material.011.mat using Guid(73c448cfd99d749209c60170bf0ebcd7) Importer(2089858483,b0f066a214c2f5e87bad3c948f4d605d) (ScriptedImporter) -> (artifact id: '56ab6d07e9359611bcedad214c98fe80') in 0.001687791 seconds
Number of updated asset objects reloaded before import = 0Number of asset objects unloaded after import = 1

========================================================================
Received Import Request.
  Time since last request: 0.000059 seconds.
  path: Assets/Prefabs/Rooms/CafeMaterials/Material.062.mat
  artifactKey: Guid(a1752e6ecc19a48d7bd3417437cf2864) Importer(2089858483,b0f066a214c2f5e87bad3c948f4d605d)
Start importing Assets/Prefabs/Rooms/CafeMaterials/Material.062.mat using Guid(a1752e6ecc19a48d7bd3417437cf2864) Importer(2089858483,b0f066a214c2f5e87bad3c948f4d605d) (ScriptedImporter) -> (artifact id: '5dcb3b6f75839277e17edf8f3e103c8a') in 0.001581291 seconds
Number of updated asset objects reloaded before import = 0Number of asset objects unloaded after import = 1

========================================================================
Received Import Request.
  Time since last request: 0.000097 seconds.
  path: Assets/Prefabs/Rooms/CafeMaterials/Material.014.mat
  artifactKey: Guid(b37a58147c7524e64977e965e7b15db0) Importer(2089858483,b0f066a214c2f5e87bad3c948f4d605d)
Start importing Assets/Prefabs/Rooms/CafeMaterials/Material.014.mat using Guid(b37a58147c7524e64977e965e7b15db0) Importer(2089858483,b0f066a214c2f5e87bad3c948f4d605d) (ScriptedImporter) -> (artifact id: 'd5b7114d0fa81cf3230d22bf29961eca') in 0.001759625 seconds
Number of updated asset objects reloaded before import = 0Number of asset objects unloaded after import = 1

========================================================================
Received Import Request.
  Time since last request: 0.000064 seconds.
  path: Assets/Prefabs/Rooms/CafeMaterials/Primitive and Raw Bark.001.mat
  artifactKey: Guid(8f3cd0a4363424da7ba552fb2ba603f3) Importer(2089858483,b0f066a214c2f5e87bad3c948f4d605d)
Start importing Assets/Prefabs/Rooms/CafeMaterials/Primitive and Raw Bark.001.mat using Guid(8f3cd0a4363424da7ba552fb2ba603f3) Importer(2089858483,b0f066a214c2f5e87bad3c948f4d605d) (ScriptedImporter) -> (artifact id: '73c04fa5071efd0d62bc7a45506d7f8f') in 0.001559458 seconds
Number of updated asset objects reloaded before import = 0Number of asset objects unloaded after import = 1

========================================================================
Received Import Request.
  Time since last request: 0.000078 seconds.
  path: Assets/Prefabs/Rooms/CafeMaterials/Liquid Glass.mat
  artifactKey: Guid(6b0b221c2c0b447f7a86ff603148a169) Importer(2089858483,b0f066a214c2f5e87bad3c948f4d605d)
Start importing Assets/Prefabs/Rooms/CafeMaterials/Liquid Glass.mat using Guid(6b0b221c2c0b447f7a86ff603148a169) Importer(2089858483,b0f066a214c2f5e87bad3c948f4d605d) (ScriptedImporter) -> (artifact id: '9c72ad468c64da7f56de70508585373e') in 0.001756875 seconds
Number of updated asset objects reloaded before import = 0Number of asset objects unloaded after import = 1

========================================================================
Received Import Request.
  Time since last request: 0.000059 seconds.
  path: Assets/Prefabs/Rooms/CafeMaterials/VORONOI BROWN.mat
  artifactKey: Guid(e620f0f83ff544ba69c6d8d3008a247c) Importer(2089858483,b0f066a214c2f5e87bad3c948f4d605d)
Start importing Assets/Prefabs/Rooms/CafeMaterials/VORONOI BROWN.mat using Guid(e620f0f83ff544ba69c6d8d3008a247c) Importer(2089858483,b0f066a214c2f5e87bad3c948f4d605d) (ScriptedImporter) -> (artifact id: '77a108b9fb916128233cb4b8036e5e82') in 0.002925916 seconds
Number of updated asset objects reloaded before import = 0Number of asset objects unloaded after import = 1

========================================================================
Received Import Request.
  Time since last request: 0.000051 seconds.
  path: Assets/Prefabs/Rooms/CafeMaterials/Material.023.mat
  artifactKey: Guid(9cd92d04fc75d48cda123415766ad20f) Importer(2089858483,b0f066a214c2f5e87bad3c948f4d605d)
Start importing Assets/Prefabs/Rooms/CafeMaterials/Material.023.mat using Guid(9cd92d04fc75d48cda123415766ad20f) Importer(2089858483,b0f066a214c2f5e87bad3c948f4d605d) (ScriptedImporter) -> (artifact id: '3af80b706a260b28d55357bb1219755f') in 0.001623458 seconds
Number of updated asset objects reloaded before import = 0Number of asset objects unloaded after import = 1

========================================================================
Received Import Request.
  Time since last request: 0.000120 seconds.
  path: Assets/Prefabs/Rooms/CafeMaterials/Material.041.mat
  artifactKey: Guid(26ca139cc88784f9cb757378c43dd2e1) Importer(2089858483,b0f066a214c2f5e87bad3c948f4d605d)
Start importing Assets/Prefabs/Rooms/CafeMaterials/Material.041.mat using Guid(26ca139cc88784f9cb757378c43dd2e1) Importer(2089858483,b0f066a214c2f5e87bad3c948f4d605d) (ScriptedImporter) -> (artifact id: '2074e15a167aa121f72054b7cbd66bdc') in 0.001455125 seconds
Number of updated asset objects reloaded before import = 0Number of asset objects unloaded after import = 1

========================================================================
Received Import Request.
  Time since last request: 0.000105 seconds.
  path: Assets/Prefabs/Rooms/CafeMaterials/Realistic glass.mat
  artifactKey: Guid(12451bb3fac584e57841c9ec18ce0e18) Importer(2089858483,b0f066a214c2f5e87bad3c948f4d605d)
Start importing Assets/Prefabs/Rooms/CafeMaterials/Realistic glass.mat using Guid(12451bb3fac584e57841c9ec18ce0e18) Importer(2089858483,b0f066a214c2f5e87bad3c948f4d605d) (ScriptedImporter) -> (artifact id: 'c8a87cb15e20054c8e37dcfda7512a97') in 0.001496833 seconds
Number of updated asset objects reloaded before import = 0Number of asset objects unloaded after import = 1

========================================================================
Received Import Request.
  Time since last request: 0.000091 seconds.
  path: Assets/Prefabs/Rooms/CafeMaterials/Metal.018.mat
  artifactKey: Guid(c2ad7f1abf1e94a83ab7630f6d8ce037) Importer(2089858483,b0f066a214c2f5e87bad3c948f4d605d)
Start importing Assets/Prefabs/Rooms/CafeMaterials/Metal.018.mat using Guid(c2ad7f1abf1e94a83ab7630f6d8ce037) Importer(2089858483,b0f066a214c2f5e87bad3c948f4d605d) (ScriptedImporter) -> (artifact id: '184a56abcc0c298d756a4782b15c5938') in 0.001775541 seconds
Number of updated asset objects reloaded before import = 0Number of asset objects unloaded after import = 1

========================================================================
Received Import Request.
  Time since last request: 0.000190 seconds.
  path: Assets/Prefabs/Rooms/CafeMaterials/Material.015.mat
  artifactKey: Guid(32a9bf2ca7553426f951181126d09dc5) Importer(2089858483,b0f066a214c2f5e87bad3c948f4d605d)
Start importing Assets/Prefabs/Rooms/CafeMaterials/Material.015.mat using Guid(32a9bf2ca7553426f951181126d09dc5) Importer(2089858483,b0f066a214c2f5e87bad3c948f4d605d) (ScriptedImporter) -> (artifact id: '763c6b8a87a4c4123d4779df2bda2a66') in 0.00159725 seconds
Number of updated asset objects reloaded before import = 0Number of asset objects unloaded after import = 1

========================================================================
Received Import Request.
  Time since last request: 0.000116 seconds.
  path: Assets/Prefabs/Rooms/CafeMaterials/Material.064.mat
  artifactKey: Guid(3a929a5997db84250a5be8f4cc044388) Importer(2089858483,b0f066a214c2f5e87bad3c948f4d605d)
Start importing Assets/Prefabs/Rooms/CafeMaterials/Material.064.mat using Guid(3a929a5997db84250a5be8f4cc044388) Importer(2089858483,b0f066a214c2f5e87bad3c948f4d605d) (ScriptedImporter) -> (artifact id: '6efc013e4f8806addc3e092d9ac29ae4') in 0.001423208 seconds
Number of updated asset objects reloaded before import = 0Number of asset objects unloaded after import = 1

========================================================================
Received Import Request.
  Time since last request: 0.000058 seconds.
  path: Assets/Prefabs/Rooms/CafeMaterials/Material.036.mat
  artifactKey: Guid(4295ff6507f9144a1810a6e6f05cb405) Importer(2089858483,b0f066a214c2f5e87bad3c948f4d605d)
Start importing Assets/Prefabs/Rooms/CafeMaterials/Material.036.mat using Guid(4295ff6507f9144a1810a6e6f05cb405) Importer(2089858483,b0f066a214c2f5e87bad3c948f4d605d) (ScriptedImporter) -> (artifact id: 'bc35f924498d70339f4ac74dcd813222') in 0.001649209 seconds
Number of updated asset objects reloaded before import = 0Number of asset objects unloaded after import = 1

========================================================================
Received Import Request.
  Time since last request: 0.000075 seconds.
  path: Assets/Prefabs/Rooms/CafeMaterials/Scratched silver metal 1.mat
  artifactKey: Guid(dd653eada54f448c5b15412007a56e63) Importer(2089858483,b0f066a214c2f5e87bad3c948f4d605d)
Start importing Assets/Prefabs/Rooms/CafeMaterials/Scratched silver metal 1.mat using Guid(dd653eada54f448c5b15412007a56e63) Importer(2089858483,b0f066a214c2f5e87bad3c948f4d605d) (ScriptedImporter) -> (artifact id: 'a0f31c1612a798f366c4de3b1c2d82d1') in 0.001788875 seconds
Number of updated asset objects reloaded before import = 0Number of asset objects unloaded after import = 1

========================================================================
Received Import Request.
  Time since last request: 0.000066 seconds.
  path: Assets/Prefabs/Rooms/CafeMaterials/Material.009.mat
  artifactKey: Guid(335cbdd981b1645ada8b283ba2d52f03) Importer(2089858483,b0f066a214c2f5e87bad3c948f4d605d)
Start importing Assets/Prefabs/Rooms/CafeMaterials/Material.009.mat using Guid(335cbdd981b1645ada8b283ba2d52f03) Importer(2089858483,b0f066a214c2f5e87bad3c948f4d605d) (ScriptedImporter) -> (artifact id: 'e970cf896388bef6c5b7b6d56e7f9e34') in 0.001585375 seconds
Number of updated asset objects reloaded before import = 0Number of asset objects unloaded after import = 1

========================================================================
Received Import Request.
  Time since last request: 0.000060 seconds.
  path: Assets/Prefabs/Rooms/CafeMaterials/Procedural pearl silver painted plastic.mat
  artifactKey: Guid(468f592488aaa428a9239d566e7f4f83) Importer(2089858483,b0f066a214c2f5e87bad3c948f4d605d)
Start importing Assets/Prefabs/Rooms/CafeMaterials/Procedural pearl silver painted plastic.mat using Guid(468f592488aaa428a9239d566e7f4f83) Importer(2089858483,b0f066a214c2f5e87bad3c948f4d605d) (ScriptedImporter) -> (artifact id: '824bab093d3d67e896fdfc280371aa6e') in 0.001468792 seconds
Number of updated asset objects reloaded before import = 0Number of asset objects unloaded after import = 1

========================================================================
Received Import Request.
  Time since last request: 0.000061 seconds.
  path: Assets/Prefabs/Rooms/CafeMaterials/Material #319.mat
  artifactKey: Guid(3d634316b82a9448abd013c5869cd6c2) Importer(2089858483,b0f066a214c2f5e87bad3c948f4d605d)
Start importing Assets/Prefabs/Rooms/CafeMaterials/Material #319.mat using Guid(3d634316b82a9448abd013c5869cd6c2) Importer(2089858483,b0f066a214c2f5e87bad3c948f4d605d) (ScriptedImporter) -> (artifact id: 'af879c28dfeca836bbc0ef4366e6aec5') in 0.001597917 seconds
Number of updated asset objects reloaded before import = 0Number of asset objects unloaded after import = 1

========================================================================
Received Import Request.
  Time since last request: 0.000097 seconds.
  path: Assets/Prefabs/Rooms/CafeMaterials/Material.021.mat
  artifactKey: Guid(7e9ac0156992d455e9c38d364be317af) Importer(2089858483,b0f066a214c2f5e87bad3c948f4d605d)
Start importing Assets/Prefabs/Rooms/CafeMaterials/Material.021.mat using Guid(7e9ac0156992d455e9c38d364be317af) Importer(2089858483,b0f066a214c2f5e87bad3c948f4d605d) (ScriptedImporter) -> (artifact id: '8e684a312c1c974a99b5bd25c1a92884') in 0.001731 seconds
Number of updated asset objects reloaded before import = 0Number of asset objects unloaded after import = 1

========================================================================
Received Import Request.
  Time since last request: 0.000044 seconds.
  path: Assets/Prefabs/Rooms/CafeMaterials/Material.026.mat
  artifactKey: Guid(ab2e7bd541ea5462eb720fbf30b9a523) Importer(2089858483,b0f066a214c2f5e87bad3c948f4d605d)
Start importing Assets/Prefabs/Rooms/CafeMaterials/Material.026.mat using Guid(ab2e7bd541ea5462eb720fbf30b9a523) Importer(2089858483,b0f066a214c2f5e87bad3c948f4d605d) (ScriptedImporter) -> (artifact id: '4f1e90989ef9d00c11e3065ad8da7f09') in 0.001448917 seconds
Number of updated asset objects reloaded before import = 0Number of asset objects unloaded after import = 1

========================================================================
Received Import Request.
  Time since last request: 0.000032 seconds.
  path: Assets/Prefabs/Rooms/CafeMaterials/Rough scratched copper metal.mat
  artifactKey: Guid(f7a04eba6bec0413e99bde3a7c4a0562) Importer(2089858483,b0f066a214c2f5e87bad3c948f4d605d)
Start importing Assets/Prefabs/Rooms/CafeMaterials/Rough scratched copper metal.mat using Guid(f7a04eba6bec0413e99bde3a7c4a0562) Importer(2089858483,b0f066a214c2f5e87bad3c948f4d605d) (ScriptedImporter) -> (artifact id: '2c3fa806fa65c01a186915a452a17393') in 0.001569417 seconds
Number of updated asset objects reloaded before import = 0Number of asset objects unloaded after import = 1

========================================================================
Received Import Request.
  Time since last request: 0.000036 seconds.
  path: Assets/Prefabs/Rooms/CafeMaterials/Single chrome.mat
  artifactKey: Guid(a0565a929c85a477d9196710921917c4) Importer(2089858483,b0f066a214c2f5e87bad3c948f4d605d)
Start importing Assets/Prefabs/Rooms/CafeMaterials/Single chrome.mat using Guid(a0565a929c85a477d9196710921917c4) Importer(2089858483,b0f066a214c2f5e87bad3c948f4d605d) (ScriptedImporter) -> (artifact id: 'a67acbd6e78dbd248c5cc0910f2108d7') in 0.001735708 seconds
Number of updated asset objects reloaded before import = 0Number of asset objects unloaded after import = 1

========================================================================
Received Import Request.
  Time since last request: 0.000121 seconds.
  path: Assets/Prefabs/Rooms/CafeMaterials/Material.018.mat
  artifactKey: Guid(bf361ab4b6838463ab8e1e1799a8851c) Importer(2089858483,b0f066a214c2f5e87bad3c948f4d605d)
Start importing Assets/Prefabs/Rooms/CafeMaterials/Material.018.mat using Guid(bf361ab4b6838463ab8e1e1799a8851c) Importer(2089858483,b0f066a214c2f5e87bad3c948f4d605d) (ScriptedImporter) -> (artifact id: 'e8f3d58e445e1af07b28d6d9d880dfcb') in 0.001625166 seconds
Number of updated asset objects reloaded before import = 0Number of asset objects unloaded after import = 1

========================================================================
Received Import Request.
  Time since last request: 0.000109 seconds.
  path: Assets/Prefabs/Rooms/CafeMaterials/Material.025.mat
  artifactKey: Guid(8915341ff562549ea89c8dfd1cd66ee6) Importer(2089858483,b0f066a214c2f5e87bad3c948f4d605d)
Start importing Assets/Prefabs/Rooms/CafeMaterials/Material.025.mat using Guid(8915341ff562549ea89c8dfd1cd66ee6) Importer(2089858483,b0f066a214c2f5e87bad3c948f4d605d) (ScriptedImporter) -> (artifact id: '42cce442afbdf3cee0ea2c37f62dd1ec') in 0.001757791 seconds
Number of updated asset objects reloaded before import = 0Number of asset objects unloaded after import = 1

========================================================================
Received Import Request.
  Time since last request: 0.000028 seconds.
  path: Assets/Prefabs/Rooms/CafeMaterials/Material.061.mat
  artifactKey: Guid(f9f63fa50bd924e20a37b1a551c00405) Importer(2089858483,b0f066a214c2f5e87bad3c948f4d605d)
Start importing Assets/Prefabs/Rooms/CafeMaterials/Material.061.mat using Guid(f9f63fa50bd924e20a37b1a551c00405) Importer(2089858483,b0f066a214c2f5e87bad3c948f4d605d) (ScriptedImporter) -> (artifact id: 'a88d9bd570346b985f71196ee73a26ec') in 0.002430459 seconds
Number of updated asset objects reloaded before import = 0Number of asset objects unloaded after import = 1

========================================================================
Received Import Request.
  Time since last request: 0.000069 seconds.
  path: Assets/Prefabs/Rooms/CafeMaterials/Matal solid paint white.mat
  artifactKey: Guid(8eb9eb3d5cb6c437fac9faf06ccf3f94) Importer(2089858483,b0f066a214c2f5e87bad3c948f4d605d)
Start importing Assets/Prefabs/Rooms/CafeMaterials/Matal solid paint white.mat using Guid(8eb9eb3d5cb6c437fac9faf06ccf3f94) Importer(2089858483,b0f066a214c2f5e87bad3c948f4d605d) (ScriptedImporter) -> (artifact id: '28510f8b40fe12e2e4c84d1058c1077c') in 0.001829625 seconds
Number of updated asset objects reloaded before import = 0Number of asset objects unloaded after import = 1

========================================================================
Received Import Request.
  Time since last request: 0.000029 seconds.
  path: Assets/Prefabs/Rooms/CafeMaterials/Metal.012.mat
  artifactKey: Guid(60dcaef8dcfe44f44ab8c49108eb6882) Importer(2089858483,b0f066a214c2f5e87bad3c948f4d605d)
Start importing Assets/Prefabs/Rooms/CafeMaterials/Metal.012.mat using Guid(60dcaef8dcfe44f44ab8c49108eb6882) Importer(2089858483,b0f066a214c2f5e87bad3c948f4d605d) (ScriptedImporter) -> (artifact id: '52a12d86aa08d6d39fa02060696566bc') in 0.001564042 seconds
Number of updated asset objects reloaded before import = 0Number of asset objects unloaded after import = 1

========================================================================
Received Import Request.
  Time since last request: 0.000101 seconds.
  path: Assets/Prefabs/Rooms/CafeMaterials/Material.068.mat
  artifactKey: Guid(6d907ccfda0b547e1939a5632e1bc83b) Importer(2089858483,b0f066a214c2f5e87bad3c948f4d605d)
Start importing Assets/Prefabs/Rooms/CafeMaterials/Material.068.mat using Guid(6d907ccfda0b547e1939a5632e1bc83b) Importer(2089858483,b0f066a214c2f5e87bad3c948f4d605d) (ScriptedImporter) -> (artifact id: '7f0e5125fd0868930aceaebb3dd1d8ee') in 0.001453959 seconds
Number of updated asset objects reloaded before import = 0Number of asset objects unloaded after import = 1

========================================================================
Received Import Request.
  Time since last request: 0.000071 seconds.
  path: Assets/Prefabs/Rooms/CafeMaterials/Material #178.mat
  artifactKey: Guid(9485de01c723244488dcb9586b6e860a) Importer(2089858483,b0f066a214c2f5e87bad3c948f4d605d)
Start importing Assets/Prefabs/Rooms/CafeMaterials/Material #178.mat using Guid(9485de01c723244488dcb9586b6e860a) Importer(2089858483,b0f066a214c2f5e87bad3c948f4d605d) (ScriptedImporter) -> (artifact id: '729859487d6fc9dc0210cb22da8211b5') in 0.001425375 seconds
Number of updated asset objects reloaded before import = 0Number of asset objects unloaded after import = 1

========================================================================
Received Import Request.
  Time since last request: 0.000030 seconds.
  path: Assets/Prefabs/Rooms/CafeMaterials/Scratched metal.mat
  artifactKey: Guid(5f60058325ad542a28ec42265b34532d) Importer(2089858483,b0f066a214c2f5e87bad3c948f4d605d)
Start importing Assets/Prefabs/Rooms/CafeMaterials/Scratched metal.mat using Guid(5f60058325ad542a28ec42265b34532d) Importer(2089858483,b0f066a214c2f5e87bad3c948f4d605d) (ScriptedImporter) -> (artifact id: '562b60ea11406df6ccab7733f5dcf382') in 0.001406125 seconds
Number of updated asset objects reloaded before import = 0Number of asset objects unloaded after import = 1

========================================================================
Received Import Request.
  Time since last request: 0.000055 seconds.
  path: Assets/Prefabs/Rooms/CafeMaterials/Material.022.mat
  artifactKey: Guid(bbe7a758d6c1c407d9a24f7cfccdb47c) Importer(2089858483,b0f066a214c2f5e87bad3c948f4d605d)
Start importing Assets/Prefabs/Rooms/CafeMaterials/Material.022.mat using Guid(bbe7a758d6c1c407d9a24f7cfccdb47c) Importer(2089858483,b0f066a214c2f5e87bad3c948f4d605d) (ScriptedImporter) -> (artifact id: '90d578755df63c2e2199e9fd6173de11') in 0.001492459 seconds
Number of updated asset objects reloaded before import = 0Number of asset objects unloaded after import = 1

========================================================================
Received Import Request.
  Time since last request: 0.000060 seconds.
  path: Assets/Prefabs/Rooms/CafeMaterials/Material #155.mat
  artifactKey: Guid(6f5e24600fd2a4a529d4c2b31fbb4076) Importer(2089858483,b0f066a214c2f5e87bad3c948f4d605d)
Start importing Assets/Prefabs/Rooms/CafeMaterials/Material #155.mat using Guid(6f5e24600fd2a4a529d4c2b31fbb4076) Importer(2089858483,b0f066a214c2f5e87bad3c948f4d605d) (ScriptedImporter) -> (artifact id: '2ae80a44fbb22f1ea51e71405c4ec0ad') in 0.001818875 seconds
Number of updated asset objects reloaded before import = 0Number of asset objects unloaded after import = 1

========================================================================
Received Import Request.
  Time since last request: 0.000063 seconds.
  path: Assets/Prefabs/Rooms/CafeMaterials/TOILET-ceramic.mat
  artifactKey: Guid(ebafb593b196d4688978aacc84ecff7f) Importer(2089858483,b0f066a214c2f5e87bad3c948f4d605d)
Start importing Assets/Prefabs/Rooms/CafeMaterials/TOILET-ceramic.mat using Guid(ebafb593b196d4688978aacc84ecff7f) Importer(2089858483,b0f066a214c2f5e87bad3c948f4d605d) (ScriptedImporter) -> (artifact id: 'd61095e6ee37a5f368fbd6346ed714e9') in 0.001493166 seconds
Number of updated asset objects reloaded before import = 0Number of asset objects unloaded after import = 1

========================================================================
Received Import Request.
  Time since last request: 0.000134 seconds.
  path: Assets/Prefabs/Rooms/CafeMaterials/Material.024.mat
  artifactKey: Guid(20b58a4b13e6b460ea21e1a3490443eb) Importer(2089858483,b0f066a214c2f5e87bad3c948f4d605d)
Start importing Assets/Prefabs/Rooms/CafeMaterials/Material.024.mat using Guid(20b58a4b13e6b460ea21e1a3490443eb) Importer(2089858483,b0f066a214c2f5e87bad3c948f4d605d) (ScriptedImporter) -> (artifact id: '1714d4ab4f949288a41277f33786fb71') in 0.001868958 seconds
Number of updated asset objects reloaded before import = 0Number of asset objects unloaded after import = 1

========================================================================
Received Import Request.
  Time since last request: 0.000024 seconds.
  path: Assets/Prefabs/Rooms/CafeMaterials/Translucent procedural red plastic.mat
  artifactKey: Guid(014465fdb521e4b13a6484344f480937) Importer(2089858483,b0f066a214c2f5e87bad3c948f4d605d)
Start importing Assets/Prefabs/Rooms/CafeMaterials/Translucent procedural red plastic.mat using Guid(014465fdb521e4b13a6484344f480937) Importer(2089858483,b0f066a214c2f5e87bad3c948f4d605d) (ScriptedImporter) -> (artifact id: '5bb1c4d4b0ef52b1ed4034dd06f207e3') in 0.001663542 seconds
Number of updated asset objects reloaded before import = 0Number of asset objects unloaded after import = 1

========================================================================
Received Import Request.
  Time since last request: 0.000052 seconds.
  path: Assets/Prefabs/Rooms/CafeMaterials/Material.043.mat
  artifactKey: Guid(dc3668c0c51604ba0961dbfd6cf9304e) Importer(2089858483,b0f066a214c2f5e87bad3c948f4d605d)
Start importing Assets/Prefabs/Rooms/CafeMaterials/Material.043.mat using Guid(dc3668c0c51604ba0961dbfd6cf9304e) Importer(2089858483,b0f066a214c2f5e87bad3c948f4d605d) (ScriptedImporter) -> (artifact id: 'c4b1a36c6d0b300b9dac004a24200e2a') in 0.001455458 seconds
Number of updated asset objects reloaded before import = 0Number of asset objects unloaded after import = 1

========================================================================
Received Import Request.
  Time since last request: 0.000069 seconds.
  path: Assets/Prefabs/Rooms/CafeMaterials/Material #84.002.mat
  artifactKey: Guid(fd9b2305d5a60492cba09fb801927703) Importer(2089858483,b0f066a214c2f5e87bad3c948f4d605d)
Start importing Assets/Prefabs/Rooms/CafeMaterials/Material #84.002.mat using Guid(fd9b2305d5a60492cba09fb801927703) Importer(2089858483,b0f066a214c2f5e87bad3c948f4d605d) (ScriptedImporter) -> (artifact id: 'ca94dff0a1a5409db980a469bb9ea41f') in 0.001679458 seconds
Number of updated asset objects reloaded before import = 0Number of asset objects unloaded after import = 1

========================================================================
Received Import Request.
  Time since last request: 0.000060 seconds.
  path: Assets/Prefabs/Rooms/CafeMaterials/Material #166.mat
  artifactKey: Guid(549873af22f5b4144babe9f92cce5d78) Importer(2089858483,b0f066a214c2f5e87bad3c948f4d605d)
Start importing Assets/Prefabs/Rooms/CafeMaterials/Material #166.mat using Guid(549873af22f5b4144babe9f92cce5d78) Importer(2089858483,b0f066a214c2f5e87bad3c948f4d605d) (ScriptedImporter) -> (artifact id: '6406153854b1a3ddff5da3081631c00a') in 0.001656542 seconds
Number of updated asset objects reloaded before import = 0Number of asset objects unloaded after import = 1

========================================================================
Received Import Request.
  Time since last request: 0.000068 seconds.
  path: Assets/Prefabs/Rooms/CafeMaterials/Material.055.mat
  artifactKey: Guid(d2b43ea9c5a3e47158cf4da41a902b06) Importer(2089858483,b0f066a214c2f5e87bad3c948f4d605d)
Start importing Assets/Prefabs/Rooms/CafeMaterials/Material.055.mat using Guid(d2b43ea9c5a3e47158cf4da41a902b06) Importer(2089858483,b0f066a214c2f5e87bad3c948f4d605d) (ScriptedImporter) -> (artifact id: '37f93580747e28acc4a1654fc335b88c') in 0.001877292 seconds
Number of updated asset objects reloaded before import = 0Number of asset objects unloaded after import = 1

========================================================================
Received Import Request.
  Time since last request: 0.000054 seconds.
  path: Assets/Prefabs/Rooms/CafeMaterials/Material.017.mat
  artifactKey: Guid(053492f780abb4cc7be0fb4bc7bb6a4a) Importer(2089858483,b0f066a214c2f5e87bad3c948f4d605d)
Start importing Assets/Prefabs/Rooms/CafeMaterials/Material.017.mat using Guid(053492f780abb4cc7be0fb4bc7bb6a4a) Importer(2089858483,b0f066a214c2f5e87bad3c948f4d605d) (ScriptedImporter) -> (artifact id: 'bbf91ca84d93b67398c1ccb404132b21') in 0.001518417 seconds
Number of updated asset objects reloaded before import = 0Number of asset objects unloaded after import = 1

========================================================================
Received Import Request.
  Time since last request: 0.000061 seconds.
  path: Assets/Prefabs/Rooms/CafeMaterials/Metal.010.mat
  artifactKey: Guid(5f0ac6b45c04140dea3e3eff28c91cb8) Importer(2089858483,b0f066a214c2f5e87bad3c948f4d605d)
Start importing Assets/Prefabs/Rooms/CafeMaterials/Metal.010.mat using Guid(5f0ac6b45c04140dea3e3eff28c91cb8) Importer(2089858483,b0f066a214c2f5e87bad3c948f4d605d) (ScriptedImporter) -> (artifact id: 'efd91933211e81f9480fd2d7b1f8e9be') in 0.001443 seconds
Number of updated asset objects reloaded before import = 0Number of asset objects unloaded after import = 1

========================================================================
Received Import Request.
  Time since last request: 0.000041 seconds.
  path: Assets/Prefabs/Rooms/CafeMaterials/Pale Brown Porcelain.mat
  artifactKey: Guid(9d83464d97277452498519af151e8921) Importer(2089858483,b0f066a214c2f5e87bad3c948f4d605d)
Start importing Assets/Prefabs/Rooms/CafeMaterials/Pale Brown Porcelain.mat using Guid(9d83464d97277452498519af151e8921) Importer(2089858483,b0f066a214c2f5e87bad3c948f4d605d) (ScriptedImporter) -> (artifact id: '7e6445200f679c60207f63fc0622315c') in 0.001641041 seconds
Number of updated asset objects reloaded before import = 0Number of asset objects unloaded after import = 1

========================================================================
Received Import Request.
  Time since last request: 0.000038 seconds.
  path: Assets/Prefabs/Rooms/CafeMaterials/Material.073.mat
  artifactKey: Guid(1a51111f6cd834fb39d1b815fac2e420) Importer(2089858483,b0f066a214c2f5e87bad3c948f4d605d)
Start importing Assets/Prefabs/Rooms/CafeMaterials/Material.073.mat using Guid(1a51111f6cd834fb39d1b815fac2e420) Importer(2089858483,b0f066a214c2f5e87bad3c948f4d605d) (ScriptedImporter) -> (artifact id: '2aee6f6d83aee77bc5b90113da5c8fdf') in 0.001613458 seconds
Number of updated asset objects reloaded before import = 0Number of asset objects unloaded after import = 1

========================================================================
Received Import Request.
  Time since last request: 0.000086 seconds.
  path: Assets/Prefabs/Rooms/CafeMaterials/M_RJ-45.001.mat
  artifactKey: Guid(64ba26e343d8e46c0ab36814327a936c) Importer(2089858483,b0f066a214c2f5e87bad3c948f4d605d)
Start importing Assets/Prefabs/Rooms/CafeMaterials/M_RJ-45.001.mat using Guid(64ba26e343d8e46c0ab36814327a936c) Importer(2089858483,b0f066a214c2f5e87bad3c948f4d605d) (ScriptedImporter) -> (artifact id: 'c41a726974f41c53fbdcb24e5c979020') in 0.002294458 seconds
Number of updated asset objects reloaded before import = 0Number of asset objects unloaded after import = 1

========================================================================
Received Import Request.
  Time since last request: 0.895879 seconds.
  path: Assets/Prefabs/Rooms/CafeMaterials/White Marble Texture.001.mat
  artifactKey: Guid(3535d81d69f884b7c81193d0aef32999) Importer(2089858483,b0f066a214c2f5e87bad3c948f4d605d)
Start importing Assets/Prefabs/Rooms/CafeMaterials/White Marble Texture.001.mat using Guid(3535d81d69f884b7c81193d0aef32999) Importer(2089858483,b0f066a214c2f5e87bad3c948f4d605d) (ScriptedImporter) -> (artifact id: '442d3fdffed45462900872ef8c0e3455') in 0.001758417 seconds
Number of updated asset objects reloaded before import = 0Number of asset objects unloaded after import = 1

========================================================================
Received Import Request.
  Time since last request: 0.000147 seconds.
  path: Assets/Prefabs/Rooms/RoomsMaterials/M_floor_interior.mat
  artifactKey: Guid(4c931a5ff2004403f96a9cdbbb3fa8d4) Importer(2089858483,b0f066a214c2f5e87bad3c948f4d605d)
Start importing Assets/Prefabs/Rooms/RoomsMaterials/M_floor_interior.mat using Guid(4c931a5ff2004403f96a9cdbbb3fa8d4) Importer(2089858483,b0f066a214c2f5e87bad3c948f4d605d) (ScriptedImporter) -> (artifact id: '3e2ec0cb53250df5291601644df67734') in 0.001521333 seconds
Number of updated asset objects reloaded before import = 0Number of asset objects unloaded after import = 1

========================================================================
Received Import Request.
  Time since last request: 0.000076 seconds.
  path: Assets/Prefabs/Rooms/CafeMaterials/plastic 2.001.mat
  artifactKey: Guid(272f7973a0db143eabfe9b7dfeaae04c) Importer(2089858483,b0f066a214c2f5e87bad3c948f4d605d)
Start importing Assets/Prefabs/Rooms/CafeMaterials/plastic 2.001.mat using Guid(272f7973a0db143eabfe9b7dfeaae04c) Importer(2089858483,b0f066a214c2f5e87bad3c948f4d605d) (ScriptedImporter) -> (artifact id: '5fe6a4f463499ec5c32bfd9325266553') in 0.001615 seconds
Number of updated asset objects reloaded before import = 0Number of asset objects unloaded after import = 1

========================================================================
Received Import Request.
  Time since last request: 0.000077 seconds.
  path: Assets/Prefabs/Rooms/RoomsMaterials/M_chair_001 1.mat
  artifactKey: Guid(ec90d7d72fba34ce2814f6960407d525) Importer(2089858483,b0f066a214c2f5e87bad3c948f4d605d)
Start importing Assets/Prefabs/Rooms/RoomsMaterials/M_chair_001 1.mat using Guid(ec90d7d72fba34ce2814f6960407d525) Importer(2089858483,b0f066a214c2f5e87bad3c948f4d605d) (ScriptedImporter) -> (artifact id: 'c9a56837b708ea0abdab6a7b36626a1e') in 0.00165775 seconds
Number of updated asset objects reloaded before import = 0Number of asset objects unloaded after import = 1

========================================================================
Received Import Request.
  Time since last request: 0.000060 seconds.
  path: Assets/Prefabs/Rooms/CafeMaterials/чорний x.mat
  artifactKey: Guid(65b6e26bc7cf94436bf625e64410f9f2) Importer(2089858483,b0f066a214c2f5e87bad3c948f4d605d)
Start importing Assets/Prefabs/Rooms/CafeMaterials/чорний x.mat using Guid(65b6e26bc7cf94436bf625e64410f9f2) Importer(2089858483,b0f066a214c2f5e87bad3c948f4d605d) (ScriptedImporter) -> (artifact id: 'ed9a636a8c5fa8a33273396d2911fdf8') in 0.001584708 seconds
Number of updated asset objects reloaded before import = 0Number of asset objects unloaded after import = 1

========================================================================
Received Import Request.
  Time since last request: 0.000117 seconds.
  path: Assets/Prefabs/Rooms/RoomsMaterials/M_books 2.mat
  artifactKey: Guid(52561bf35562248f491f218844c7bd66) Importer(2089858483,b0f066a214c2f5e87bad3c948f4d605d)
Start importing Assets/Prefabs/Rooms/RoomsMaterials/M_books 2.mat using Guid(52561bf35562248f491f218844c7bd66) Importer(2089858483,b0f066a214c2f5e87bad3c948f4d605d) (ScriptedImporter) -> (artifact id: 'b053018b412aa098204676af929ca258') in 0.001560583 seconds
Number of updated asset objects reloaded before import = 0Number of asset objects unloaded after import = 1

========================================================================
Received Import Request.
  Time since last request: 0.000030 seconds.
  path: Assets/Prefabs/Rooms/CafeMaterials/toilet_paper_side.mat
  artifactKey: Guid(8827fcbc3c3b44c7086434d3e2df6b99) Importer(2089858483,b0f066a214c2f5e87bad3c948f4d605d)
Start importing Assets/Prefabs/Rooms/CafeMaterials/toilet_paper_side.mat using Guid(8827fcbc3c3b44c7086434d3e2df6b99) Importer(2089858483,b0f066a214c2f5e87bad3c948f4d605d) (ScriptedImporter) -> (artifact id: 'cc11c672cc96ef4c91671f604ce86b19') in 0.001475041 seconds
Number of updated asset objects reloaded before import = 0Number of asset objects unloaded after import = 1

========================================================================
Received Import Request.
  Time since last request: 0.000049 seconds.
  path: Assets/Prefabs/Rooms/OfficeMaterials/Esmalte_Preto.001.mat
  artifactKey: Guid(617efc4343b6e483a9683c9364437250) Importer(2089858483,b0f066a214c2f5e87bad3c948f4d605d)
Start importing Assets/Prefabs/Rooms/OfficeMaterials/Esmalte_Preto.001.mat using Guid(617efc4343b6e483a9683c9364437250) Importer(2089858483,b0f066a214c2f5e87bad3c948f4d605d) (ScriptedImporter) -> (artifact id: 'ac7608692ffece948f7bbff9bd0e8eeb') in 0.001624125 seconds
Number of updated asset objects reloaded before import = 0Number of asset objects unloaded after import = 1

========================================================================
Received Import Request.
  Time since last request: 0.000072 seconds.
  path: Assets/Prefabs/Rooms/CafeMaterials/coffee.mat
  artifactKey: Guid(d038bd96c1da04aa99f55257cbfd95f3) Importer(2089858483,b0f066a214c2f5e87bad3c948f4d605d)
Start importing Assets/Prefabs/Rooms/CafeMaterials/coffee.mat using Guid(d038bd96c1da04aa99f55257cbfd95f3) Importer(2089858483,b0f066a214c2f5e87bad3c948f4d605d) (ScriptedImporter) -> (artifact id: '98362d8d1f2013fc73fddec1af1f43b1') in 0.001595417 seconds
Number of updated asset objects reloaded before import = 0Number of asset objects unloaded after import = 1

========================================================================
Received Import Request.
  Time since last request: 0.000074 seconds.
  path: Assets/Prefabs/Rooms/RoomsMaterials/M_arm_chair_002.mat
  artifactKey: Guid(219a7b374673246919ea223ae8f0923e) Importer(2089858483,b0f066a214c2f5e87bad3c948f4d605d)
Start importing Assets/Prefabs/Rooms/RoomsMaterials/M_arm_chair_002.mat using Guid(219a7b374673246919ea223ae8f0923e) Importer(2089858483,b0f066a214c2f5e87bad3c948f4d605d) (ScriptedImporter) -> (artifact id: 'f87fabff537fa8553d1b5bf6271e2c86') in 0.001527375 seconds
Number of updated asset objects reloaded before import = 0Number of asset objects unloaded after import = 1

========================================================================
Received Import Request.
  Time since last request: 0.000091 seconds.
  path: Assets/Prefabs/Rooms/CafeMaterials/gas_stove_tex03.mat
  artifactKey: Guid(9dba8a442d00b475ea05bc089f2d7e8f) Importer(2089858483,b0f066a214c2f5e87bad3c948f4d605d)
Start importing Assets/Prefabs/Rooms/CafeMaterials/gas_stove_tex03.mat using Guid(9dba8a442d00b475ea05bc089f2d7e8f) Importer(2089858483,b0f066a214c2f5e87bad3c948f4d605d) (ScriptedImporter) -> (artifact id: '92c1703e7a6010cd9bcc860f79f2cbac') in 0.00165025 seconds
Number of updated asset objects reloaded before import = 0Number of asset objects unloaded after import = 1

========================================================================
Received Import Request.
  Time since last request: 0.000091 seconds.
  path: Assets/Prefabs/Rooms/CafeMaterials/hrom.mat
  artifactKey: Guid(c62927d38bc2b4a5a819685d3e363291) Importer(2089858483,b0f066a214c2f5e87bad3c948f4d605d)
Start importing Assets/Prefabs/Rooms/CafeMaterials/hrom.mat using Guid(c62927d38bc2b4a5a819685d3e363291) Importer(2089858483,b0f066a214c2f5e87bad3c948f4d605d) (ScriptedImporter) -> (artifact id: 'a98e0aab80b063ed2aee483d29d2d959') in 0.001608791 seconds
Number of updated asset objects reloaded before import = 0Number of asset objects unloaded after import = 1

========================================================================
Received Import Request.
  Time since last request: 0.000040 seconds.
  path: Assets/Prefabs/Rooms/CafeMaterials/plastic 6.001.mat
  artifactKey: Guid(439e3bc7e0d6e4dd092ad83b2babe0de) Importer(2089858483,b0f066a214c2f5e87bad3c948f4d605d)
Start importing Assets/Prefabs/Rooms/CafeMaterials/plastic 6.001.mat using Guid(439e3bc7e0d6e4dd092ad83b2babe0de) Importer(2089858483,b0f066a214c2f5e87bad3c948f4d605d) (ScriptedImporter) -> (artifact id: '0c9c4201bd7ca8e9636a9c869672973d') in 0.001625209 seconds
Number of updated asset objects reloaded before import = 0Number of asset objects unloaded after import = 1

========================================================================
Received Import Request.
  Time since last request: 0.000048 seconds.
  path: Assets/Prefabs/Rooms/OfficeMaterials/PC-1Wallpaper.mat
  artifactKey: Guid(991e3f863c6044103a6a2cc2347159c3) Importer(2089858483,b0f066a214c2f5e87bad3c948f4d605d)
Start importing Assets/Prefabs/Rooms/OfficeMaterials/PC-1Wallpaper.mat using Guid(991e3f863c6044103a6a2cc2347159c3) Importer(2089858483,b0f066a214c2f5e87bad3c948f4d605d) (ScriptedImporter) -> (artifact id: '690a4932602985e233670af0dbc9be16') in 0.001924667 seconds
Number of updated asset objects reloaded before import = 0Number of asset objects unloaded after import = 1

========================================================================
Received Import Request.
  Time since last request: 0.000089 seconds.
  path: Assets/Prefabs/Rooms/CafeMaterials/paper.mat
  artifactKey: Guid(b8f18c5be6b4844f3bf9bbe89a62c323) Importer(2089858483,b0f066a214c2f5e87bad3c948f4d605d)
Start importing Assets/Prefabs/Rooms/CafeMaterials/paper.mat using Guid(b8f18c5be6b4844f3bf9bbe89a62c323) Importer(2089858483,b0f066a214c2f5e87bad3c948f4d605d) (ScriptedImporter) -> (artifact id: '12fb36d73eb4ea03a15c2248de91f9a9') in 0.001475375 seconds
Number of updated asset objects reloaded before import = 0Number of asset objects unloaded after import = 1

========================================================================
Received Import Request.
  Time since last request: 0.000132 seconds.
  path: Assets/Prefabs/Rooms/RoomsMaterials/M_chair_001.mat
  artifactKey: Guid(dc597269905d54e28b28199ee4d3ed1d) Importer(2089858483,b0f066a214c2f5e87bad3c948f4d605d)
Start importing Assets/Prefabs/Rooms/RoomsMaterials/M_chair_001.mat using Guid(dc597269905d54e28b28199ee4d3ed1d) Importer(2089858483,b0f066a214c2f5e87bad3c948f4d605d) (ScriptedImporter) -> (artifact id: '2a70f209ab3a81426b79b8dc952227bf') in 0.00157 seconds
Number of updated asset objects reloaded before import = 0Number of asset objects unloaded after import = 1

========================================================================
Received Import Request.
  Time since last request: 0.000106 seconds.
  path: Assets/Prefabs/Rooms/OfficeMaterials/PC-1Stand.mat
  artifactKey: Guid(837b2a1f647b04a16b0bb5b6949836fd) Importer(2089858483,b0f066a214c2f5e87bad3c948f4d605d)
Start importing Assets/Prefabs/Rooms/OfficeMaterials/PC-1Stand.mat using Guid(837b2a1f647b04a16b0bb5b6949836fd) Importer(2089858483,b0f066a214c2f5e87bad3c948f4d605d) (ScriptedImporter) -> (artifact id: '309acc656c32ebd8963426a4b8dad05d') in 0.001635708 seconds
Number of updated asset objects reloaded before import = 0Number of asset objects unloaded after import = 1

========================================================================
Received Import Request.
  Time since last request: 0.000243 seconds.
  path: Assets/Prefabs/Rooms/CafeMaterials/gold.mat
  artifactKey: Guid(47d635066f82143bcb7e8724108381fd) Importer(2089858483,b0f066a214c2f5e87bad3c948f4d605d)
Start importing Assets/Prefabs/Rooms/CafeMaterials/gold.mat using Guid(47d635066f82143bcb7e8724108381fd) Importer(2089858483,b0f066a214c2f5e87bad3c948f4d605d) (ScriptedImporter) -> (artifact id: '2678a4380a945a88b8137b5789a91913') in 0.00141725 seconds
Number of updated asset objects reloaded before import = 0Number of asset objects unloaded after import = 1

========================================================================
Received Import Request.
  Time since last request: 0.000139 seconds.
  path: Assets/Prefabs/Rooms/CafeMaterials/plastic .001.mat
  artifactKey: Guid(861b031f75f234c1889f8c5c83b22e66) Importer(2089858483,b0f066a214c2f5e87bad3c948f4d605d)
Start importing Assets/Prefabs/Rooms/CafeMaterials/plastic .001.mat using Guid(861b031f75f234c1889f8c5c83b22e66) Importer(2089858483,b0f066a214c2f5e87bad3c948f4d605d) (ScriptedImporter) -> (artifact id: '3cdc30325f4a625fb76310ab129a5997') in 0.002451542 seconds
Number of updated asset objects reloaded before import = 0Number of asset objects unloaded after import = 1

========================================================================
Received Import Request.
  Time since last request: 0.000028 seconds.
  path: Assets/Prefabs/Rooms/CafeMaterials/wire_028089177.001.mat
  artifactKey: Guid(38c0de0a712ba4d31a2000149881d082) Importer(2089858483,b0f066a214c2f5e87bad3c948f4d605d)
Start importing Assets/Prefabs/Rooms/CafeMaterials/wire_028089177.001.mat using Guid(38c0de0a712ba4d31a2000149881d082) Importer(2089858483,b0f066a214c2f5e87bad3c948f4d605d) (ScriptedImporter) -> (artifact id: '21119ae7e038369d4b4ce939500bab42') in 0.001677458 seconds
Number of updated asset objects reloaded before import = 0Number of asset objects unloaded after import = 1

========================================================================
Received Import Request.
  Time since last request: 0.000073 seconds.
  path: Assets/Prefabs/Rooms/OfficeMaterials/White.mat
  artifactKey: Guid(a886c3a3dad0b47b78b85b20f9bb8327) Importer(2089858483,b0f066a214c2f5e87bad3c948f4d605d)
Start importing Assets/Prefabs/Rooms/OfficeMaterials/White.mat using Guid(a886c3a3dad0b47b78b85b20f9bb8327) Importer(2089858483,b0f066a214c2f5e87bad3c948f4d605d) (ScriptedImporter) -> (artifact id: 'c57b1d668e9aea6d386b886485fcdfe8') in 0.0016325 seconds
Number of updated asset objects reloaded before import = 0Number of asset objects unloaded after import = 1

========================================================================
Received Import Request.
  Time since last request: 0.000112 seconds.
  path: Assets/Prefabs/Rooms/CafeMaterials/_metall_1.mat
  artifactKey: Guid(0116b96f7829d433dbb2b82f66140a72) Importer(2089858483,b0f066a214c2f5e87bad3c948f4d605d)
Start importing Assets/Prefabs/Rooms/CafeMaterials/_metall_1.mat using Guid(0116b96f7829d433dbb2b82f66140a72) Importer(2089858483,b0f066a214c2f5e87bad3c948f4d605d) (ScriptedImporter) -> (artifact id: '3358eb651438e98252dce47f0e54066b') in 0.00146525 seconds
Number of updated asset objects reloaded before import = 0Number of asset objects unloaded after import = 1

========================================================================
Received Import Request.
  Time since last request: 0.000281 seconds.
  path: Assets/Prefabs/Rooms/CafeMaterials/toilet_paper.mat
  artifactKey: Guid(60e9f82b89f664b578265db6c0dd9986) Importer(2089858483,b0f066a214c2f5e87bad3c948f4d605d)
Start importing Assets/Prefabs/Rooms/CafeMaterials/toilet_paper.mat using Guid(60e9f82b89f664b578265db6c0dd9986) Importer(2089858483,b0f066a214c2f5e87bad3c948f4d605d) (ScriptedImporter) -> (artifact id: '1a8a5af430461d3ac4018499cb7d59ad') in 0.001373833 seconds
Number of updated asset objects reloaded before import = 0Number of asset objects unloaded after import = 1

========================================================================
Received Import Request.
  Time since last request: 0.000133 seconds.
  path: Assets/Prefabs/Rooms/CafeMaterials/_metall_11.002.mat
  artifactKey: Guid(a0cd065fe3c4d4b1a87e055f6b624eed) Importer(2089858483,b0f066a214c2f5e87bad3c948f4d605d)
Start importing Assets/Prefabs/Rooms/CafeMaterials/_metall_11.002.mat using Guid(a0cd065fe3c4d4b1a87e055f6b624eed) Importer(2089858483,b0f066a214c2f5e87bad3c948f4d605d) (ScriptedImporter) -> (artifact id: 'd7eac171cc03419156fe5f5476f12c5b') in 0.001801584 seconds
Number of updated asset objects reloaded before import = 0Number of asset objects unloaded after import = 1

========================================================================
Received Import Request.
  Time since last request: 0.000028 seconds.
  path: Assets/Prefabs/Rooms/RoomsMaterials/M_cushions.mat
  artifactKey: Guid(a3e20389b904f4d9a80cc63305e6247c) Importer(2089858483,b0f066a214c2f5e87bad3c948f4d605d)
Start importing Assets/Prefabs/Rooms/RoomsMaterials/M_cushions.mat using Guid(a3e20389b904f4d9a80cc63305e6247c) Importer(2089858483,b0f066a214c2f5e87bad3c948f4d605d) (ScriptedImporter) -> (artifact id: 'e09d16292e20984c60b37302b57cea07') in 0.0017775 seconds
Number of updated asset objects reloaded before import = 0Number of asset objects unloaded after import = 1

========================================================================
Received Import Request.
  Time since last request: 0.000073 seconds.
  path: Assets/Prefabs/Rooms/RoomsMaterials/M_handles.mat
  artifactKey: Guid(f83deab1a5f1043c6a3cadd269e3e915) Importer(2089858483,b0f066a214c2f5e87bad3c948f4d605d)
Start importing Assets/Prefabs/Rooms/RoomsMaterials/M_handles.mat using Guid(f83deab1a5f1043c6a3cadd269e3e915) Importer(2089858483,b0f066a214c2f5e87bad3c948f4d605d) (ScriptedImporter) -> (artifact id: 'a71768b2a01309e8f74ab603177da100') in 0.001344542 seconds
Number of updated asset objects reloaded before import = 0Number of asset objects unloaded after import = 1

========================================================================
Received Import Request.
  Time since last request: 0.000135 seconds.
  path: Assets/Prefabs/Rooms/CafeMaterials/wire_177028149.001.mat
  artifactKey: Guid(dd555f507eec441c0909e3be0c2d2258) Importer(2089858483,b0f066a214c2f5e87bad3c948f4d605d)
Start importing Assets/Prefabs/Rooms/CafeMaterials/wire_177028149.001.mat using Guid(dd555f507eec441c0909e3be0c2d2258) Importer(2089858483,b0f066a214c2f5e87bad3c948f4d605d) (ScriptedImporter) -> (artifact id: '26b283d8ed8d488482142590ded7d901') in 0.001453125 seconds
Number of updated asset objects reloaded before import = 0Number of asset objects unloaded after import = 1

========================================================================
Received Import Request.
  Time since last request: 0.000040 seconds.
  path: Assets/Prefabs/Rooms/OfficeMaterials/15_-_Default.mat
  artifactKey: Guid(bb26b444061bc4b5486540271fa5b862) Importer(2089858483,b0f066a214c2f5e87bad3c948f4d605d)
Start importing Assets/Prefabs/Rooms/OfficeMaterials/15_-_Default.mat using Guid(bb26b444061bc4b5486540271fa5b862) Importer(2089858483,b0f066a214c2f5e87bad3c948f4d605d) (ScriptedImporter) -> (artifact id: '159b1c869fc8d828f7d2443a7e1791d9') in 0.001603708 seconds
Number of updated asset objects reloaded before import = 0Number of asset objects unloaded after import = 1

========================================================================
Received Import Request.
  Time since last request: 0.000079 seconds.
  path: Assets/Prefabs/Rooms/CafeMaterials/wire_228214153.mat
  artifactKey: Guid(29f1eef7b22504cb9988516fb723f423) Importer(2089858483,b0f066a214c2f5e87bad3c948f4d605d)
Start importing Assets/Prefabs/Rooms/CafeMaterials/wire_228214153.mat using Guid(29f1eef7b22504cb9988516fb723f423) Importer(2089858483,b0f066a214c2f5e87bad3c948f4d605d) (ScriptedImporter) -> (artifact id: '13cb15a0abf1d9aee32f27e3f58be0db') in 0.001703959 seconds
Number of updated asset objects reloaded before import = 0Number of asset objects unloaded after import = 1

========================================================================
Received Import Request.
  Time since last request: 0.000063 seconds.
  path: Assets/Prefabs/Rooms/OfficeMaterials/paint_blue.mat
  artifactKey: Guid(bde55d1c2d30148ecb1aea4086fa834d) Importer(2089858483,b0f066a214c2f5e87bad3c948f4d605d)
Start importing Assets/Prefabs/Rooms/OfficeMaterials/paint_blue.mat using Guid(bde55d1c2d30148ecb1aea4086fa834d) Importer(2089858483,b0f066a214c2f5e87bad3c948f4d605d) (ScriptedImporter) -> (artifact id: 'a91baaeb92df65db20f5e39aa464a844') in 0.001930792 seconds
Number of updated asset objects reloaded before import = 0Number of asset objects unloaded after import = 1

========================================================================
Received Import Request.
  Time since last request: 0.000087 seconds.
  path: Assets/Prefabs/Rooms/RoomsMaterials/M_carpet 2.mat
  artifactKey: Guid(3ecd4b8d54e5546af9f3b5082c39e256) Importer(2089858483,b0f066a214c2f5e87bad3c948f4d605d)
Start importing Assets/Prefabs/Rooms/RoomsMaterials/M_carpet 2.mat using Guid(3ecd4b8d54e5546af9f3b5082c39e256) Importer(2089858483,b0f066a214c2f5e87bad3c948f4d605d) (ScriptedImporter) -> (artifact id: '46e9fa0d608d3a43d56f24db2e9e241f') in 0.0013345 seconds
Number of updated asset objects reloaded before import = 0Number of asset objects unloaded after import = 1

========================================================================
Received Import Request.
  Time since last request: 0.000063 seconds.
  path: Assets/Prefabs/Rooms/RoomsMaterials/M_door_frame 1.mat
  artifactKey: Guid(a965e517af430434eb297c01b2a1a6fa) Importer(2089858483,b0f066a214c2f5e87bad3c948f4d605d)
Start importing Assets/Prefabs/Rooms/RoomsMaterials/M_door_frame 1.mat using Guid(a965e517af430434eb297c01b2a1a6fa) Importer(2089858483,b0f066a214c2f5e87bad3c948f4d605d) (ScriptedImporter) -> (artifact id: '0616782ba614e7b5da464f2eefd73ca5') in 0.001764459 seconds
Number of updated asset objects reloaded before import = 0Number of asset objects unloaded after import = 1

========================================================================
Received Import Request.
  Time since last request: 0.000026 seconds.
  path: Assets/Prefabs/Rooms/RoomsMaterials/M_carpet.mat
  artifactKey: Guid(7bfc92e5e38f64031a0cd2fe06206d5a) Importer(2089858483,b0f066a214c2f5e87bad3c948f4d605d)
Start importing Assets/Prefabs/Rooms/RoomsMaterials/M_carpet.mat using Guid(7bfc92e5e38f64031a0cd2fe06206d5a) Importer(2089858483,b0f066a214c2f5e87bad3c948f4d605d) (ScriptedImporter) -> (artifact id: '190f812e3bc4e9b60b699fadfb5445e3') in 0.001555333 seconds
Number of updated asset objects reloaded before import = 0Number of asset objects unloaded after import = 1

========================================================================
Received Import Request.
  Time since last request: 0.000092 seconds.
  path: Assets/Prefabs/Rooms/OfficeMaterials/LAP_1_KEYBOARD.mat
  artifactKey: Guid(4d9eb16dbcda94de48666e7cc42ffdca) Importer(2089858483,b0f066a214c2f5e87bad3c948f4d605d)
Start importing Assets/Prefabs/Rooms/OfficeMaterials/LAP_1_KEYBOARD.mat using Guid(4d9eb16dbcda94de48666e7cc42ffdca) Importer(2089858483,b0f066a214c2f5e87bad3c948f4d605d) (ScriptedImporter) -> (artifact id: 'b30e196d7cdf919a6302f92c801ae238') in 0.00178 seconds
Number of updated asset objects reloaded before import = 0Number of asset objects unloaded after import = 1

========================================================================
Received Import Request.
  Time since last request: 0.000162 seconds.
  path: Assets/Prefabs/Rooms/CafeMaterials/wire_085028177.mat
  artifactKey: Guid(c52d129bfafdf4487906f74491d64c85) Importer(2089858483,b0f066a214c2f5e87bad3c948f4d605d)
Start importing Assets/Prefabs/Rooms/CafeMaterials/wire_085028177.mat using Guid(c52d129bfafdf4487906f74491d64c85) Importer(2089858483,b0f066a214c2f5e87bad3c948f4d605d) (ScriptedImporter) -> (artifact id: '7b4487ce319240b0a4b2b2f00edac606') in 0.001678042 seconds
Number of updated asset objects reloaded before import = 0Number of asset objects unloaded after import = 1

========================================================================
Received Import Request.
  Time since last request: 0.000108 seconds.
  path: Assets/Prefabs/Rooms/CafeMaterials/plastic 3.003.mat
  artifactKey: Guid(8b98f04c4150c423c8eee2d451b665d1) Importer(2089858483,b0f066a214c2f5e87bad3c948f4d605d)
Start importing Assets/Prefabs/Rooms/CafeMaterials/plastic 3.003.mat using Guid(8b98f04c4150c423c8eee2d451b665d1) Importer(2089858483,b0f066a214c2f5e87bad3c948f4d605d) (ScriptedImporter) -> (artifact id: '2ad177daccf1b7576e7297ae0d255b8a') in 0.001548541 seconds
Number of updated asset objects reloaded before import = 0Number of asset objects unloaded after import = 1

========================================================================
Received Import Request.
  Time since last request: 0.000059 seconds.
  path: Assets/Prefabs/Rooms/RoomsMaterials/M_chair_001 2.mat
  artifactKey: Guid(731df8835c74a48afb5724334e9a6c8b) Importer(2089858483,b0f066a214c2f5e87bad3c948f4d605d)
Start importing Assets/Prefabs/Rooms/RoomsMaterials/M_chair_001 2.mat using Guid(731df8835c74a48afb5724334e9a6c8b) Importer(2089858483,b0f066a214c2f5e87bad3c948f4d605d) (ScriptedImporter) -> (artifact id: '6986017d19e1d21a6e41add1e20d4aa4') in 0.001700042 seconds
Number of updated asset objects reloaded before import = 0Number of asset objects unloaded after import = 1

========================================================================
Received Import Request.
  Time since last request: 0.000024 seconds.
  path: Assets/Prefabs/Rooms/CafeMaterials/metal_(steel)_trashcan.mat
  artifactKey: Guid(74924644781f04917a18e449bd22329d) Importer(2089858483,b0f066a214c2f5e87bad3c948f4d605d)
Start importing Assets/Prefabs/Rooms/CafeMaterials/metal_(steel)_trashcan.mat using Guid(74924644781f04917a18e449bd22329d) Importer(2089858483,b0f066a214c2f5e87bad3c948f4d605d) (ScriptedImporter) -> (artifact id: '196481b191958aaadb2bd787762f7f8f') in 0.00265 seconds
Number of updated asset objects reloaded before import = 0Number of asset objects unloaded after import = 1

========================================================================
Received Import Request.
  Time since last request: 0.000083 seconds.
  path: Assets/Prefabs/Rooms/CafeMaterials/Wooden Polished Floor.001.mat
  artifactKey: Guid(4c39dd0149bc34fdfb5ba677c8f2a90e) Importer(2089858483,b0f066a214c2f5e87bad3c948f4d605d)
Start importing Assets/Prefabs/Rooms/CafeMaterials/Wooden Polished Floor.001.mat using Guid(4c39dd0149bc34fdfb5ba677c8f2a90e) Importer(2089858483,b0f066a214c2f5e87bad3c948f4d605d) (ScriptedImporter) -> (artifact id: '13c924938409d7e03d5807035e74163a') in 0.011322542 seconds
Number of updated asset objects reloaded before import = 0Number of asset objects unloaded after import = 1

========================================================================
Received Import Request.
  Time since last request: 0.000141 seconds.
  path: Assets/Prefabs/Rooms/CafeMaterials/wire_143225087.001.mat
  artifactKey: Guid(53727bf1e38744306abc8c8effe6829a) Importer(2089858483,b0f066a214c2f5e87bad3c948f4d605d)
Start importing Assets/Prefabs/Rooms/CafeMaterials/wire_143225087.001.mat using Guid(53727bf1e38744306abc8c8effe6829a) Importer(2089858483,b0f066a214c2f5e87bad3c948f4d605d) (ScriptedImporter) -> (artifact id: '01b3c63480a990c06fd8ce14c49e01c5') in 0.001904625 seconds
Number of updated asset objects reloaded before import = 0Number of asset objects unloaded after import = 1

========================================================================
Received Import Request.
  Time since last request: 0.000123 seconds.
  path: Assets/Prefabs/Rooms/OfficeMaterials/Material.039.mat
  artifactKey: Guid(974f8fa7e80e146d29aea9768b930b4c) Importer(2089858483,b0f066a214c2f5e87bad3c948f4d605d)
Start importing Assets/Prefabs/Rooms/OfficeMaterials/Material.039.mat using Guid(974f8fa7e80e146d29aea9768b930b4c) Importer(2089858483,b0f066a214c2f5e87bad3c948f4d605d) (ScriptedImporter) -> (artifact id: 'ee65fa55118ee5ba5ce20411032d0e4b') in 0.001434458 seconds
Number of updated asset objects reloaded before import = 0Number of asset objects unloaded after import = 1

========================================================================
Received Import Request.
  Time since last request: 0.000062 seconds.
  path: Assets/Prefabs/Rooms/OfficeMaterials/LAP_1SCREEN.mat
  artifactKey: Guid(ca496bf6b2fa047d2ad34a315b39bd17) Importer(2089858483,b0f066a214c2f5e87bad3c948f4d605d)
Start importing Assets/Prefabs/Rooms/OfficeMaterials/LAP_1SCREEN.mat using Guid(ca496bf6b2fa047d2ad34a315b39bd17) Importer(2089858483,b0f066a214c2f5e87bad3c948f4d605d) (ScriptedImporter) -> (artifact id: 'a5782702550a946086e85bd8d9b595bb') in 0.001515875 seconds
Number of updated asset objects reloaded before import = 0Number of asset objects unloaded after import = 1

========================================================================
Received Import Request.
  Time since last request: 0.000031 seconds.
  path: Assets/Prefabs/Rooms/CafeMaterials/soil21.001.mat
  artifactKey: Guid(13be19b9703a047f1826794eea7f86bb) Importer(2089858483,b0f066a214c2f5e87bad3c948f4d605d)
Start importing Assets/Prefabs/Rooms/CafeMaterials/soil21.001.mat using Guid(13be19b9703a047f1826794eea7f86bb) Importer(2089858483,b0f066a214c2f5e87bad3c948f4d605d) (ScriptedImporter) -> (artifact id: '65eacb98a827c185d84fcad6ae11ef00') in 0.001310917 seconds
Number of updated asset objects reloaded before import = 0Number of asset objects unloaded after import = 1

========================================================================
Received Import Request.
  Time since last request: 0.000069 seconds.
  path: Assets/Prefabs/Rooms/OfficeMaterials/PC1MOUSE_PAD.mat
  artifactKey: Guid(d63841ed0c6ae48be8769f918285e7cf) Importer(2089858483,b0f066a214c2f5e87bad3c948f4d605d)
Start importing Assets/Prefabs/Rooms/OfficeMaterials/PC1MOUSE_PAD.mat using Guid(d63841ed0c6ae48be8769f918285e7cf) Importer(2089858483,b0f066a214c2f5e87bad3c948f4d605d) (ScriptedImporter) -> (artifact id: '7cd8dab206ec11f50a1bc392921f0f3b') in 0.001374542 seconds
Number of updated asset objects reloaded before import = 0Number of asset objects unloaded after import = 1

========================================================================
Received Import Request.
  Time since last request: 0.000162 seconds.
  path: Assets/Prefabs/Rooms/RoomsMaterials/M_door_frame.mat
  artifactKey: Guid(5cdd957f9d4ac4f0fb25ef3469657076) Importer(2089858483,b0f066a214c2f5e87bad3c948f4d605d)
Start importing Assets/Prefabs/Rooms/RoomsMaterials/M_door_frame.mat using Guid(5cdd957f9d4ac4f0fb25ef3469657076) Importer(2089858483,b0f066a214c2f5e87bad3c948f4d605d) (ScriptedImporter) -> (artifact id: 'f24d2c183b80e00feae4c46b404c8e40') in 0.001777083 seconds
Number of updated asset objects reloaded before import = 0Number of asset objects unloaded after import = 1

========================================================================
Received Import Request.
  Time since last request: 0.000075 seconds.
  path: Assets/Prefabs/Rooms/RoomsMaterials/M_boxes.mat
  artifactKey: Guid(63717c459c2ab4f07b5045219dba6f12) Importer(2089858483,b0f066a214c2f5e87bad3c948f4d605d)
Start importing Assets/Prefabs/Rooms/RoomsMaterials/M_boxes.mat using Guid(63717c459c2ab4f07b5045219dba6f12) Importer(2089858483,b0f066a214c2f5e87bad3c948f4d605d) (ScriptedImporter) -> (artifact id: '3b4c74ea9c0cb633de572528d9184456') in 0.001704917 seconds
Number of updated asset objects reloaded before import = 0Number of asset objects unloaded after import = 1

========================================================================
Received Import Request.
  Time since last request: 0.000084 seconds.
  path: Assets/Prefabs/Rooms/CafeMaterials/auto_2.mat
  artifactKey: Guid(b3e6191e2847e43119ec0f214f64f287) Importer(2089858483,b0f066a214c2f5e87bad3c948f4d605d)
Start importing Assets/Prefabs/Rooms/CafeMaterials/auto_2.mat using Guid(b3e6191e2847e43119ec0f214f64f287) Importer(2089858483,b0f066a214c2f5e87bad3c948f4d605d) (ScriptedImporter) -> (artifact id: '15e2ebcf7aadc600ce1369aaa09769c1') in 0.001580292 seconds
Number of updated asset objects reloaded before import = 0Number of asset objects unloaded after import = 1

========================================================================
Received Import Request.
  Time since last request: 0.000174 seconds.
  path: Assets/Prefabs/Rooms/CafeMaterials/wire_153228184.mat
  artifactKey: Guid(880b9dcb13cc544af80c4efecf0bfa7f) Importer(2089858483,b0f066a214c2f5e87bad3c948f4d605d)
Start importing Assets/Prefabs/Rooms/CafeMaterials/wire_153228184.mat using Guid(880b9dcb13cc544af80c4efecf0bfa7f) Importer(2089858483,b0f066a214c2f5e87bad3c948f4d605d) (ScriptedImporter) -> (artifact id: 'aab268ae136815779868ffd779f1722b') in 0.001681125 seconds
Number of updated asset objects reloaded before import = 0Number of asset objects unloaded after import = 1

========================================================================
Received Import Request.
  Time since last request: 0.000031 seconds.
  path: Assets/Prefabs/Rooms/RoomsMaterials/GamerStorm_logo.mat
  artifactKey: Guid(8f5a3c3fa8f6d4148b8aeb679ae23075) Importer(2089858483,b0f066a214c2f5e87bad3c948f4d605d)
Start importing Assets/Prefabs/Rooms/RoomsMaterials/GamerStorm_logo.mat using Guid(8f5a3c3fa8f6d4148b8aeb679ae23075) Importer(2089858483,b0f066a214c2f5e87bad3c948f4d605d) (ScriptedImporter) -> (artifact id: '9069a1f95f79ab0d4d955bb6afe84b07') in 0.001815083 seconds
Number of updated asset objects reloaded before import = 0Number of asset objects unloaded after import = 1

========================================================================
Received Import Request.
  Time since last request: 0.000080 seconds.
  path: Assets/Prefabs/Rooms/CafeMaterials/plastic 5.001.mat
  artifactKey: Guid(6db99f59b313f465890732ab966cb19e) Importer(2089858483,b0f066a214c2f5e87bad3c948f4d605d)
Start importing Assets/Prefabs/Rooms/CafeMaterials/plastic 5.001.mat using Guid(6db99f59b313f465890732ab966cb19e) Importer(2089858483,b0f066a214c2f5e87bad3c948f4d605d) (ScriptedImporter) -> (artifact id: '1929e17ca25851bc3c6830914db53e59') in 0.001807417 seconds
Number of updated asset objects reloaded before import = 0Number of asset objects unloaded after import = 1

========================================================================
Received Import Request.
  Time since last request: 0.000036 seconds.
  path: Assets/Prefabs/Rooms/OfficeMaterials/LAP_1_BODY.mat
  artifactKey: Guid(e612b99c5b12d4bf38eb52a731e0340b) Importer(2089858483,b0f066a214c2f5e87bad3c948f4d605d)
Start importing Assets/Prefabs/Rooms/OfficeMaterials/LAP_1_BODY.mat using Guid(e612b99c5b12d4bf38eb52a731e0340b) Importer(2089858483,b0f066a214c2f5e87bad3c948f4d605d) (ScriptedImporter) -> (artifact id: '9780532786eee1dff18db41c6ecb4a7f') in 0.001649542 seconds
Number of updated asset objects reloaded before import = 0Number of asset objects unloaded after import = 1

========================================================================
Received Import Request.
  Time since last request: 0.000063 seconds.
  path: Assets/Prefabs/Rooms/CafeMaterials/wire_141007058.mat
  artifactKey: Guid(c1988c2d9f4f740a4b61ae6214e0da8e) Importer(2089858483,b0f066a214c2f5e87bad3c948f4d605d)
Start importing Assets/Prefabs/Rooms/CafeMaterials/wire_141007058.mat using Guid(c1988c2d9f4f740a4b61ae6214e0da8e) Importer(2089858483,b0f066a214c2f5e87bad3c948f4d605d) (ScriptedImporter) -> (artifact id: 'f239f1cd81c667b39dee73fe02d0da02') in 0.001512958 seconds
Number of updated asset objects reloaded before import = 0Number of asset objects unloaded after import = 1

========================================================================
Received Import Request.
  Time since last request: 0.000077 seconds.
  path: Assets/Prefabs/Rooms/RoomsMaterials/M_g_wood.mat
  artifactKey: Guid(264221a63cf624104abc846c3fd69df4) Importer(2089858483,b0f066a214c2f5e87bad3c948f4d605d)
Start importing Assets/Prefabs/Rooms/RoomsMaterials/M_g_wood.mat using Guid(264221a63cf624104abc846c3fd69df4) Importer(2089858483,b0f066a214c2f5e87bad3c948f4d605d) (ScriptedImporter) -> (artifact id: '403e6c3c59a7f6df5cc8ed76ec3e430b') in 0.001706125 seconds
Number of updated asset objects reloaded before import = 0Number of asset objects unloaded after import = 1

========================================================================
Received Import Request.
  Time since last request: 0.000143 seconds.
  path: Assets/Prefabs/Rooms/OfficeMaterials/Roof.mat
  artifactKey: Guid(00fc752380acc4b66a5774bab8f2b995) Importer(2089858483,b0f066a214c2f5e87bad3c948f4d605d)
Start importing Assets/Prefabs/Rooms/OfficeMaterials/Roof.mat using Guid(00fc752380acc4b66a5774bab8f2b995) Importer(2089858483,b0f066a214c2f5e87bad3c948f4d605d) (ScriptedImporter) -> (artifact id: '3566e3c8da15c7ae9b17518a44ff4f62') in 0.001427333 seconds
Number of updated asset objects reloaded before import = 0Number of asset objects unloaded after import = 1

========================================================================
Received Import Request.
  Time since last request: 0.000064 seconds.
  path: Assets/Prefabs/Rooms/OfficeMaterials/Floor.mat
  artifactKey: Guid(9a8cae5ea66034906a4ae8616342df08) Importer(2089858483,b0f066a214c2f5e87bad3c948f4d605d)
Start importing Assets/Prefabs/Rooms/OfficeMaterials/Floor.mat using Guid(9a8cae5ea66034906a4ae8616342df08) Importer(2089858483,b0f066a214c2f5e87bad3c948f4d605d) (ScriptedImporter) -> (artifact id: 'fc9ce53b02776653a1b68b89be56c930') in 0.001642375 seconds
Number of updated asset objects reloaded before import = 0Number of asset objects unloaded after import = 1

========================================================================
Received Import Request.
  Time since last request: 0.000050 seconds.
  path: Assets/Prefabs/Rooms/CafeMaterials/metal.001.mat
  artifactKey: Guid(4f556666e7a5041d380140a099e1caa6) Importer(2089858483,b0f066a214c2f5e87bad3c948f4d605d)
Start importing Assets/Prefabs/Rooms/CafeMaterials/metal.001.mat using Guid(4f556666e7a5041d380140a099e1caa6) Importer(2089858483,b0f066a214c2f5e87bad3c948f4d605d) (ScriptedImporter) -> (artifact id: '471d7c7f0c1fcb5eb5481ff02244a2ac') in 0.002477042 seconds
Number of updated asset objects reloaded before import = 0Number of asset objects unloaded after import = 1

========================================================================
Received Import Request.
  Time since last request: 0.000062 seconds.
  path: Assets/Prefabs/Rooms/CafeMaterials/White matte metal.mat
  artifactKey: Guid(16d415c53b3c74b36a85729044e64cb3) Importer(2089858483,b0f066a214c2f5e87bad3c948f4d605d)
Start importing Assets/Prefabs/Rooms/CafeMaterials/White matte metal.mat using Guid(16d415c53b3c74b36a85729044e64cb3) Importer(2089858483,b0f066a214c2f5e87bad3c948f4d605d) (ScriptedImporter) -> (artifact id: '457adccbf0d858fc819693cd771aadce') in 0.001462833 seconds
Number of updated asset objects reloaded before import = 0Number of asset objects unloaded after import = 1

========================================================================
Received Import Request.
  Time since last request: 0.000084 seconds.
  path: Assets/Prefabs/Rooms/CafeMaterials/auto.mat
  artifactKey: Guid(4599c65f62f2b4f12afc0ab941c09f61) Importer(2089858483,b0f066a214c2f5e87bad3c948f4d605d)
Start importing Assets/Prefabs/Rooms/CafeMaterials/auto.mat using Guid(4599c65f62f2b4f12afc0ab941c09f61) Importer(2089858483,b0f066a214c2f5e87bad3c948f4d605d) (ScriptedImporter) -> (artifact id: 'ff7c18bd274afae00ab06afa93752c63') in 0.001433083 seconds
Number of updated asset objects reloaded before import = 0Number of asset objects unloaded after import = 1

========================================================================
Received Import Request.
  Time since last request: 0.000037 seconds.
  path: Assets/Prefabs/Rooms/OfficeMaterials/Cabinet_color.001.mat
  artifactKey: Guid(ffccc18cf6ca6402ab3c6fc2b659c6eb) Importer(2089858483,b0f066a214c2f5e87bad3c948f4d605d)
Start importing Assets/Prefabs/Rooms/OfficeMaterials/Cabinet_color.001.mat using Guid(ffccc18cf6ca6402ab3c6fc2b659c6eb) Importer(2089858483,b0f066a214c2f5e87bad3c948f4d605d) (ScriptedImporter) -> (artifact id: 'ce00dbf226120dadb605af64448a7d5d') in 0.001498875 seconds
Number of updated asset objects reloaded before import = 0Number of asset objects unloaded after import = 1

========================================================================
Received Import Request.
  Time since last request: 0.000066 seconds.
  path: Assets/Prefabs/Rooms/CafeMaterials/_metall_.002.mat
  artifactKey: Guid(b8515eb646f034d89884345b401d4cdc) Importer(2089858483,b0f066a214c2f5e87bad3c948f4d605d)
Start importing Assets/Prefabs/Rooms/CafeMaterials/_metall_.002.mat using Guid(b8515eb646f034d89884345b401d4cdc) Importer(2089858483,b0f066a214c2f5e87bad3c948f4d605d) (ScriptedImporter) -> (artifact id: '78e3ded0a1fe3c109b47b78bbada45b9') in 0.001347834 seconds
Number of updated asset objects reloaded before import = 0Number of asset objects unloaded after import = 1

========================================================================
Received Import Request.
  Time since last request: 0.000065 seconds.
  path: Assets/Prefabs/Rooms/CafeMaterials/wire_006135006.mat
  artifactKey: Guid(9ce8b446ef1af41bb89975ff670b80df) Importer(2089858483,b0f066a214c2f5e87bad3c948f4d605d)
Start importing Assets/Prefabs/Rooms/CafeMaterials/wire_006135006.mat using Guid(9ce8b446ef1af41bb89975ff670b80df) Importer(2089858483,b0f066a214c2f5e87bad3c948f4d605d) (ScriptedImporter) -> (artifact id: '7a59823eeb725afde0e9e40c149e2c13') in 0.001912875 seconds
Number of updated asset objects reloaded before import = 0Number of asset objects unloaded after import = 1

========================================================================
Received Import Request.
  Time since last request: 0.000177 seconds.
  path: Assets/Prefabs/Rooms/CafeMaterials/chrom brush.mat
  artifactKey: Guid(f0642191c69ed4c9db777cd2eeedc7e2) Importer(2089858483,b0f066a214c2f5e87bad3c948f4d605d)
Start importing Assets/Prefabs/Rooms/CafeMaterials/chrom brush.mat using Guid(f0642191c69ed4c9db777cd2eeedc7e2) Importer(2089858483,b0f066a214c2f5e87bad3c948f4d605d) (ScriptedImporter) -> (artifact id: '5acf89207dcc5d8496cc0677c01fe5c0') in 0.001473583 seconds
Number of updated asset objects reloaded before import = 0Number of asset objects unloaded after import = 1

========================================================================
Received Import Request.
  Time since last request: 0.000101 seconds.
  path: Assets/Prefabs/Rooms/OfficeMaterials/Cabinet_Wood.001.mat
  artifactKey: Guid(e04bd76fe2b4d43db8eac10557135d02) Importer(2089858483,b0f066a214c2f5e87bad3c948f4d605d)
Start importing Assets/Prefabs/Rooms/OfficeMaterials/Cabinet_Wood.001.mat using Guid(e04bd76fe2b4d43db8eac10557135d02) Importer(2089858483,b0f066a214c2f5e87bad3c948f4d605d) (ScriptedImporter) -> (artifact id: '6ac65fc4d41aed9913332ba21989f51a') in 0.001548541 seconds
Number of updated asset objects reloaded before import = 0Number of asset objects unloaded after import = 1

========================================================================
Received Import Request.
  Time since last request: 0.000084 seconds.
  path: Assets/Prefabs/Rooms/RoomsMaterials/M_floor_interior 1.mat
  artifactKey: Guid(b72ae49a65fac4a6c923ef69694198d8) Importer(2089858483,b0f066a214c2f5e87bad3c948f4d605d)
Start importing Assets/Prefabs/Rooms/RoomsMaterials/M_floor_interior 1.mat using Guid(b72ae49a65fac4a6c923ef69694198d8) Importer(2089858483,b0f066a214c2f5e87bad3c948f4d605d) (ScriptedImporter) -> (artifact id: '1ccfffa31f2b58767eb59d5f14d55ec8') in 0.001287166 seconds
Number of updated asset objects reloaded before import = 0Number of asset objects unloaded after import = 1

========================================================================
Received Import Request.
  Time since last request: 0.000031 seconds.
  path: Assets/Prefabs/Rooms/OfficeMaterials/Material.063.mat
  artifactKey: Guid(3ee9da8c5cf374b54a9a8aa30720fa26) Importer(2089858483,b0f066a214c2f5e87bad3c948f4d605d)
Start importing Assets/Prefabs/Rooms/OfficeMaterials/Material.063.mat using Guid(3ee9da8c5cf374b54a9a8aa30720fa26) Importer(2089858483,b0f066a214c2f5e87bad3c948f4d605d) (ScriptedImporter) -> (artifact id: 'b808a4fb8c78df306c02bbdaf264d3b5') in 0.001578667 seconds
Number of updated asset objects reloaded before import = 0Number of asset objects unloaded after import = 1

========================================================================
Received Import Request.
  Time since last request: 0.000081 seconds.
  path: Assets/Prefabs/Rooms/RoomsMaterials/M_carpet 1.mat
  artifactKey: Guid(f1cfb095181454f5dbbec29d5c170e7b) Importer(2089858483,b0f066a214c2f5e87bad3c948f4d605d)
Start importing Assets/Prefabs/Rooms/RoomsMaterials/M_carpet 1.mat using Guid(f1cfb095181454f5dbbec29d5c170e7b) Importer(2089858483,b0f066a214c2f5e87bad3c948f4d605d) (ScriptedImporter) -> (artifact id: '1224f9cb70e89f36b02f27af655d0ae8') in 0.001540667 seconds
Number of updated asset objects reloaded before import = 0Number of asset objects unloaded after import = 1

========================================================================
Received Import Request.
  Time since last request: 0.000102 seconds.
  path: Assets/Prefabs/Rooms/RoomsMaterials/M_handles 2.mat
  artifactKey: Guid(603f355fe20174bb592da013932445b9) Importer(2089858483,b0f066a214c2f5e87bad3c948f4d605d)
Start importing Assets/Prefabs/Rooms/RoomsMaterials/M_handles 2.mat using Guid(603f355fe20174bb592da013932445b9) Importer(2089858483,b0f066a214c2f5e87bad3c948f4d605d) (ScriptedImporter) -> (artifact id: '21d59bbcb0de35fa57f48f1c9d68e81a') in 0.001375875 seconds
Number of updated asset objects reloaded before import = 0Number of asset objects unloaded after import = 1

========================================================================
Received Import Request.
  Time since last request: 0.000064 seconds.
  path: Assets/Prefabs/Rooms/RoomsMaterials/GamerStorm_logo 1.mat
  artifactKey: Guid(41e4b032950df4059b41f4466b003e8a) Importer(2089858483,b0f066a214c2f5e87bad3c948f4d605d)
Start importing Assets/Prefabs/Rooms/RoomsMaterials/GamerStorm_logo 1.mat using Guid(41e4b032950df4059b41f4466b003e8a) Importer(2089858483,b0f066a214c2f5e87bad3c948f4d605d) (ScriptedImporter) -> (artifact id: 'c4b776f1b8e201c0022f681a5a86717e') in 0.001659667 seconds
Number of updated asset objects reloaded before import = 0Number of asset objects unloaded after import = 1

========================================================================
Received Import Request.
  Time since last request: 0.000066 seconds.
  path: Assets/Prefabs/Rooms/RoomsMaterials/M_handles 1.mat
  artifactKey: Guid(4ab3c83e35f854d50ba62867992d04e7) Importer(2089858483,b0f066a214c2f5e87bad3c948f4d605d)
Start importing Assets/Prefabs/Rooms/RoomsMaterials/M_handles 1.mat using Guid(4ab3c83e35f854d50ba62867992d04e7) Importer(2089858483,b0f066a214c2f5e87bad3c948f4d605d) (ScriptedImporter) -> (artifact id: '48d6b29d458a4a32f4c082aaa9365aa0') in 0.001605042 seconds
Number of updated asset objects reloaded before import = 0Number of asset objects unloaded after import = 1

========================================================================
Received Import Request.
  Time since last request: 0.000064 seconds.
  path: Assets/Prefabs/Rooms/RoomsMaterials/M_cushions 2.mat
  artifactKey: Guid(d8438e149fcad44e0a876a05731316e5) Importer(2089858483,b0f066a214c2f5e87bad3c948f4d605d)
Start importing Assets/Prefabs/Rooms/RoomsMaterials/M_cushions 2.mat using Guid(d8438e149fcad44e0a876a05731316e5) Importer(2089858483,b0f066a214c2f5e87bad3c948f4d605d) (ScriptedImporter) -> (artifact id: '84c7e25b3b2f1831003ba282467bcf39') in 0.00158325 seconds
Number of updated asset objects reloaded before import = 0Number of asset objects unloaded after import = 1

========================================================================
Received Import Request.
  Time since last request: 0.000117 seconds.
  path: Assets/Prefabs/Rooms/OfficeMaterials/PC-1Back_Panel.mat
  artifactKey: Guid(206f662c3dfb44ad986e27f8dd41e95e) Importer(2089858483,b0f066a214c2f5e87bad3c948f4d605d)
Start importing Assets/Prefabs/Rooms/OfficeMaterials/PC-1Back_Panel.mat using Guid(206f662c3dfb44ad986e27f8dd41e95e) Importer(2089858483,b0f066a214c2f5e87bad3c948f4d605d) (ScriptedImporter) -> (artifact id: '3d0c04bb3b268dea9d3735332733b9fe') in 0.001489209 seconds
Number of updated asset objects reloaded before import = 0Number of asset objects unloaded after import = 1

========================================================================
Received Import Request.
  Time since last request: 0.000136 seconds.
  path: Assets/Prefabs/Rooms/CafeMaterials/wire_000000000.mat
  artifactKey: Guid(685e9360a6a544427a7113952eab93ec) Importer(2089858483,b0f066a214c2f5e87bad3c948f4d605d)
Start importing Assets/Prefabs/Rooms/CafeMaterials/wire_000000000.mat using Guid(685e9360a6a544427a7113952eab93ec) Importer(2089858483,b0f066a214c2f5e87bad3c948f4d605d) (ScriptedImporter) -> (artifact id: 'f8c793fcf001c01da3cb711930bbd313') in 0.001769042 seconds
Number of updated asset objects reloaded before import = 0Number of asset objects unloaded after import = 1

========================================================================
Received Import Request.
  Time since last request: 0.000026 seconds.
  path: Assets/Prefabs/Rooms/CafeMaterials/wire_224086086.mat
  artifactKey: Guid(a14acc995b6264d2ba2977738c2cbf6e) Importer(2089858483,b0f066a214c2f5e87bad3c948f4d605d)
Start importing Assets/Prefabs/Rooms/CafeMaterials/wire_224086086.mat using Guid(a14acc995b6264d2ba2977738c2cbf6e) Importer(2089858483,b0f066a214c2f5e87bad3c948f4d605d) (ScriptedImporter) -> (artifact id: 'e66b5f875f531a2a0e8031050cd0d72a') in 0.001690459 seconds
Number of updated asset objects reloaded before import = 0Number of asset objects unloaded after import = 1

========================================================================
Received Import Request.
  Time since last request: 0.000072 seconds.
  path: Assets/Prefabs/Rooms/OfficeMaterials/paint_blue_0.mat
  artifactKey: Guid(c97682b9af3dc4da69a827fa97bc67f5) Importer(2089858483,b0f066a214c2f5e87bad3c948f4d605d)
Start importing Assets/Prefabs/Rooms/OfficeMaterials/paint_blue_0.mat using Guid(c97682b9af3dc4da69a827fa97bc67f5) Importer(2089858483,b0f066a214c2f5e87bad3c948f4d605d) (ScriptedImporter) -> (artifact id: 'a2ee197c033b315303a8dbbb88a6c418') in 0.00136875 seconds
Number of updated asset objects reloaded before import = 0Number of asset objects unloaded after import = 1

========================================================================
Received Import Request.
  Time since last request: 0.738971 seconds.
  path: Assets/Prefabs/Rooms/RoomsMaterials/M_light_ceiling_bulb 2.mat
  artifactKey: Guid(e2955a86131bf49c087c84ee010f526f) Importer(2089858483,b0f066a214c2f5e87bad3c948f4d605d)
Start importing Assets/Prefabs/Rooms/RoomsMaterials/M_light_ceiling_bulb 2.mat using Guid(e2955a86131bf49c087c84ee010f526f) Importer(2089858483,b0f066a214c2f5e87bad3c948f4d605d) (ScriptedImporter) -> (artifact id: '0a852c0065d8635120deae736e0ea6f2') in 0.001984709 seconds
Number of updated asset objects reloaded before import = 0Number of asset objects unloaded after import = 1

========================================================================
Received Import Request.
  Time since last request: 0.000046 seconds.
  path: Assets/Prefabs/Rooms/RoomsMaterials/M_tea 1.mat
  artifactKey: Guid(8622a9058ae814c3981579d79a420004) Importer(2089858483,b0f066a214c2f5e87bad3c948f4d605d)
Start importing Assets/Prefabs/Rooms/RoomsMaterials/M_tea 1.mat using Guid(8622a9058ae814c3981579d79a420004) Importer(2089858483,b0f066a214c2f5e87bad3c948f4d605d) (ScriptedImporter) -> (artifact id: 'b42a4450a899c1f98dad5c90db7ce8e8') in 0.0021035 seconds
Number of updated asset objects reloaded before import = 0Number of asset objects unloaded after import = 1

========================================================================
Received Import Request.
  Time since last request: 0.000077 seconds.
  path: Assets/Prefabs/Rooms/RoomsMaterials/M_table_coffee 1.mat
  artifactKey: Guid(a47984c2d1e5d4ca18a14e4f089d419c) Importer(2089858483,b0f066a214c2f5e87bad3c948f4d605d)
Start importing Assets/Prefabs/Rooms/RoomsMaterials/M_table_coffee 1.mat using Guid(a47984c2d1e5d4ca18a14e4f089d419c) Importer(2089858483,b0f066a214c2f5e87bad3c948f4d605d) (ScriptedImporter) -> (artifact id: '86a7515e0110562d281ffc9d044f2825') in 0.001286209 seconds
Number of updated asset objects reloaded before import = 0Number of asset objects unloaded after import = 1

========================================================================
Received Import Request.
  Time since last request: 0.000107 seconds.
  path: Assets/Prefabs/Rooms/RoomsMaterials/M_side_table_handle 2.mat
  artifactKey: Guid(3be6a8e7a7a404608b32d225ba618696) Importer(2089858483,b0f066a214c2f5e87bad3c948f4d605d)
Start importing Assets/Prefabs/Rooms/RoomsMaterials/M_side_table_handle 2.mat using Guid(3be6a8e7a7a404608b32d225ba618696) Importer(2089858483,b0f066a214c2f5e87bad3c948f4d605d) (ScriptedImporter) -> (artifact id: 'aed21fe6f5a165405df3248f794ec9a8') in 0.001288125 seconds
Number of updated asset objects reloaded before import = 0Number of asset objects unloaded after import = 1

========================================================================
Received Import Request.
  Time since last request: 0.000071 seconds.
  path: Assets/Prefabs/Rooms/RoomsMaterials/Material.038 1.mat
  artifactKey: Guid(b127a2ca270224ba0a4564ff69416225) Importer(2089858483,b0f066a214c2f5e87bad3c948f4d605d)
Start importing Assets/Prefabs/Rooms/RoomsMaterials/Material.038 1.mat using Guid(b127a2ca270224ba0a4564ff69416225) Importer(2089858483,b0f066a214c2f5e87bad3c948f4d605d) (ScriptedImporter) -> (artifact id: 'a90b19192fe351f05db1220447033abb') in 0.001294542 seconds
Number of updated asset objects reloaded before import = 0Number of asset objects unloaded after import = 1

========================================================================
Received Import Request.
  Time since last request: 0.000035 seconds.
  path: Assets/Prefabs/Rooms/RoomsMaterials/Material.013 2.mat
  artifactKey: Guid(beb4a1c713383430c8f78cdbc1ac9480) Importer(2089858483,b0f066a214c2f5e87bad3c948f4d605d)
Start importing Assets/Prefabs/Rooms/RoomsMaterials/Material.013 2.mat using Guid(beb4a1c713383430c8f78cdbc1ac9480) Importer(2089858483,b0f066a214c2f5e87bad3c948f4d605d) (ScriptedImporter) -> (artifact id: 'bf5ee2595d24518aba8adee6b5f4291d') in 0.000890375 seconds
Number of updated asset objects reloaded before import = 0Number of asset objects unloaded after import = 1

========================================================================
Received Import Request.
  Time since last request: 0.000137 seconds.
  path: Assets/Prefabs/Rooms/RoomsMaterials/M_lights_ceiling.mat
  artifactKey: Guid(29bf88c60898747578fc89ae63f07dd3) Importer(2089858483,b0f066a214c2f5e87bad3c948f4d605d)
Start importing Assets/Prefabs/Rooms/RoomsMaterials/M_lights_ceiling.mat using Guid(29bf88c60898747578fc89ae63f07dd3) Importer(2089858483,b0f066a214c2f5e87bad3c948f4d605d) (ScriptedImporter) -> (artifact id: '351ae676b1df7bf29eb40c2d31f7da27') in 0.001252375 seconds
Number of updated asset objects reloaded before import = 0Number of asset objects unloaded after import = 1

========================================================================
Received Import Request.
  Time since last request: 0.000072 seconds.
  path: Assets/Prefabs/Rooms/RoomsMaterials/Material.009 1.mat
  artifactKey: Guid(9ea45ced9e5c042bb9b6681903e74a48) Importer(2089858483,b0f066a214c2f5e87bad3c948f4d605d)
Start importing Assets/Prefabs/Rooms/RoomsMaterials/Material.009 1.mat using Guid(9ea45ced9e5c042bb9b6681903e74a48) Importer(2089858483,b0f066a214c2f5e87bad3c948f4d605d) (ScriptedImporter) -> (artifact id: 'b8a22281336324b2c1a2f1bf2cc7639c') in 0.001538875 seconds
Number of updated asset objects reloaded before import = 0Number of asset objects unloaded after import = 1

========================================================================
Received Import Request.
  Time since last request: 0.000162 seconds.
  path: Assets/Prefabs/Rooms/RoomsMaterials/Material.057 2.mat
  artifactKey: Guid(804ac37c0265e404b8380e57bfa856a6) Importer(2089858483,b0f066a214c2f5e87bad3c948f4d605d)
Start importing Assets/Prefabs/Rooms/RoomsMaterials/Material.057 2.mat using Guid(804ac37c0265e404b8380e57bfa856a6) Importer(2089858483,b0f066a214c2f5e87bad3c948f4d605d) (ScriptedImporter) -> (artifact id: '2557220a306d9dcf6a8c81d7f9e99ca5') in 0.00154975 seconds
Number of updated asset objects reloaded before import = 0Number of asset objects unloaded after import = 1

========================================================================
Received Import Request.
  Time since last request: 0.000075 seconds.
  path: Assets/Prefabs/Rooms/RoomsMaterials/Material.050.mat
  artifactKey: Guid(be717ff0e233341aea910cd8a82b80db) Importer(2089858483,b0f066a214c2f5e87bad3c948f4d605d)
Start importing Assets/Prefabs/Rooms/RoomsMaterials/Material.050.mat using Guid(be717ff0e233341aea910cd8a82b80db) Importer(2089858483,b0f066a214c2f5e87bad3c948f4d605d) (ScriptedImporter) -> (artifact id: 'e9bb8f62c6005164a0d7fd9101fc5933') in 0.0012685 seconds
Number of updated asset objects reloaded before import = 0Number of asset objects unloaded after import = 1

========================================================================
Received Import Request.
  Time since last request: 0.000018 seconds.
  path: Assets/Prefabs/Rooms/RoomsMaterials/M_window_frames 2.mat
  artifactKey: Guid(5e1440747146346928a9c9ca0ac7fff6) Importer(2089858483,b0f066a214c2f5e87bad3c948f4d605d)
Start importing Assets/Prefabs/Rooms/RoomsMaterials/M_window_frames 2.mat using Guid(5e1440747146346928a9c9ca0ac7fff6) Importer(2089858483,b0f066a214c2f5e87bad3c948f4d605d) (ScriptedImporter) -> (artifact id: '15e993dd884553cac6db31179b215667') in 0.000929083 seconds
Number of updated asset objects reloaded before import = 0Number of asset objects unloaded after import = 1

========================================================================
Received Import Request.
  Time since last request: 0.000049 seconds.
  path: Assets/Prefabs/Rooms/RoomsMaterials/M_wall_trim 1.mat
  artifactKey: Guid(3ae5c5fb0839045d0806ee3f82742ed5) Importer(2089858483,b0f066a214c2f5e87bad3c948f4d605d)
Start importing Assets/Prefabs/Rooms/RoomsMaterials/M_wall_trim 1.mat using Guid(3ae5c5fb0839045d0806ee3f82742ed5) Importer(2089858483,b0f066a214c2f5e87bad3c948f4d605d) (ScriptedImporter) -> (artifact id: '843c2b1148d0b37f427406b286118608') in 0.001562833 seconds
Number of updated asset objects reloaded before import = 0Number of asset objects unloaded after import = 1

========================================================================
Received Import Request.
  Time since last request: 0.000141 seconds.
  path: Assets/Prefabs/Rooms/RoomsMaterials/Material.023.mat
  artifactKey: Guid(2d88fec6df6334ab3b7d3bfa57791183) Importer(2089858483,b0f066a214c2f5e87bad3c948f4d605d)
Start importing Assets/Prefabs/Rooms/RoomsMaterials/Material.023.mat using Guid(2d88fec6df6334ab3b7d3bfa57791183) Importer(2089858483,b0f066a214c2f5e87bad3c948f4d605d) (ScriptedImporter) -> (artifact id: '0bb304ce253c1ba3b1ea8a4594993598') in 0.001505542 seconds
Number of updated asset objects reloaded before import = 0Number of asset objects unloaded after import = 1

========================================================================
Received Import Request.
  Time since last request: 0.000075 seconds.
  path: Assets/Prefabs/Rooms/RoomsMaterials/Material.046 1.mat
  artifactKey: Guid(5c60f8ddee6d544a98269a53826c31cf) Importer(2089858483,b0f066a214c2f5e87bad3c948f4d605d)
Start importing Assets/Prefabs/Rooms/RoomsMaterials/Material.046 1.mat using Guid(5c60f8ddee6d544a98269a53826c31cf) Importer(2089858483,b0f066a214c2f5e87bad3c948f4d605d) (ScriptedImporter) -> (artifact id: '42159ca91472689b63d326b6f15cc1a7') in 0.001499167 seconds
Number of updated asset objects reloaded before import = 0Number of asset objects unloaded after import = 1

========================================================================
Received Import Request.
  Time since last request: 0.000022 seconds.
  path: Assets/Prefabs/Rooms/RoomsMaterials/Material.021 2.mat
  artifactKey: Guid(ec081ee8bd45e42b28356c52c0338fa2) Importer(2089858483,b0f066a214c2f5e87bad3c948f4d605d)
Start importing Assets/Prefabs/Rooms/RoomsMaterials/Material.021 2.mat using Guid(ec081ee8bd45e42b28356c52c0338fa2) Importer(2089858483,b0f066a214c2f5e87bad3c948f4d605d) (ScriptedImporter) -> (artifact id: '8ca6e03b9e3fa0469570e1a6f96ef682') in 0.001270542 seconds
Number of updated asset objects reloaded before import = 0Number of asset objects unloaded after import = 1

========================================================================
Received Import Request.
  Time since last request: 0.000024 seconds.
  path: Assets/Prefabs/Rooms/RoomsMaterials/Material.033.mat
  artifactKey: Guid(4473ede063899462bb1b899fa8eb8799) Importer(2089858483,b0f066a214c2f5e87bad3c948f4d605d)
Start importing Assets/Prefabs/Rooms/RoomsMaterials/Material.033.mat using Guid(4473ede063899462bb1b899fa8eb8799) Importer(2089858483,b0f066a214c2f5e87bad3c948f4d605d) (ScriptedImporter) -> (artifact id: '1ee06deb989db479f3edc76133796eca') in 0.00128875 seconds
Number of updated asset objects reloaded before import = 0Number of asset objects unloaded after import = 1

========================================================================
Received Import Request.
  Time since last request: 0.000117 seconds.
  path: Assets/Prefabs/Rooms/RoomsMaterials/M_window_frames_001.mat
  artifactKey: Guid(1ac4fa95906964df6bba26e893ab122a) Importer(2089858483,b0f066a214c2f5e87bad3c948f4d605d)
Start importing Assets/Prefabs/Rooms/RoomsMaterials/M_window_frames_001.mat using Guid(1ac4fa95906964df6bba26e893ab122a) Importer(2089858483,b0f066a214c2f5e87bad3c948f4d605d) (ScriptedImporter) -> (artifact id: '8349c80690ebba136eb99577006ac206') in 0.00151225 seconds
Number of updated asset objects reloaded before import = 0Number of asset objects unloaded after import = 1

========================================================================
Received Import Request.
  Time since last request: 0.000057 seconds.
  path: Assets/Prefabs/Rooms/RoomsMaterials/Material.035.mat
  artifactKey: Guid(a76e9c8d4e1aa4371b5b59677606b69f) Importer(2089858483,b0f066a214c2f5e87bad3c948f4d605d)
Start importing Assets/Prefabs/Rooms/RoomsMaterials/Material.035.mat using Guid(a76e9c8d4e1aa4371b5b59677606b69f) Importer(2089858483,b0f066a214c2f5e87bad3c948f4d605d) (ScriptedImporter) -> (artifact id: '83e03fd961c74a4b9554c4b8ad825f04') in 0.001778375 seconds
Number of updated asset objects reloaded before import = 0Number of asset objects unloaded after import = 1

========================================================================
Received Import Request.
  Time since last request: 0.000022 seconds.
  path: Assets/Prefabs/Rooms/RoomsMaterials/Material.005 2.mat
  artifactKey: Guid(32eb003d1438b4f35ba7deb04aebba23) Importer(2089858483,b0f066a214c2f5e87bad3c948f4d605d)
Start importing Assets/Prefabs/Rooms/RoomsMaterials/Material.005 2.mat using Guid(32eb003d1438b4f35ba7deb04aebba23) Importer(2089858483,b0f066a214c2f5e87bad3c948f4d605d) (ScriptedImporter) -> (artifact id: 'c93a1084e26ad836072f60f30cae1aea') in 0.001386208 seconds
Number of updated asset objects reloaded before import = 0Number of asset objects unloaded after import = 1

========================================================================
Received Import Request.
  Time since last request: 0.000028 seconds.
  path: Assets/Prefabs/Rooms/RoomsMaterials/Material.029 1.mat
  artifactKey: Guid(35fa3cb9378d84989b421f7a04ed6c91) Importer(2089858483,b0f066a214c2f5e87bad3c948f4d605d)
Start importing Assets/Prefabs/Rooms/RoomsMaterials/Material.029 1.mat using Guid(35fa3cb9378d84989b421f7a04ed6c91) Importer(2089858483,b0f066a214c2f5e87bad3c948f4d605d) (ScriptedImporter) -> (artifact id: 'c6502afc16d9782c2e204ed6b84b3cf8') in 0.001502625 seconds
Number of updated asset objects reloaded before import = 0Number of asset objects unloaded after import = 1

========================================================================
Received Import Request.
  Time since last request: 0.000065 seconds.
  path: Assets/Prefabs/Rooms/RoomsMaterials/Material.012 2.mat
  artifactKey: Guid(8d40c5558d2cf41d2bc8ffef0f591dab) Importer(2089858483,b0f066a214c2f5e87bad3c948f4d605d)
Start importing Assets/Prefabs/Rooms/RoomsMaterials/Material.012 2.mat using Guid(8d40c5558d2cf41d2bc8ffef0f591dab) Importer(2089858483,b0f066a214c2f5e87bad3c948f4d605d) (ScriptedImporter) -> (artifact id: 'fe00081883dd781506f94008660895b3') in 0.00261125 seconds
Number of updated asset objects reloaded before import = 0Number of asset objects unloaded after import = 1

========================================================================
Received Import Request.
  Time since last request: 0.000077 seconds.
  path: Assets/Prefabs/Rooms/RoomsMaterials/Material.047.mat
  artifactKey: Guid(0b0cca08b53124b1fa1c785ac193321c) Importer(2089858483,b0f066a214c2f5e87bad3c948f4d605d)
Start importing Assets/Prefabs/Rooms/RoomsMaterials/Material.047.mat using Guid(0b0cca08b53124b1fa1c785ac193321c) Importer(2089858483,b0f066a214c2f5e87bad3c948f4d605d) (ScriptedImporter) -> (artifact id: 'b6e6e53702ca30b1398c0d345b55ed48') in 0.00131 seconds
Number of updated asset objects reloaded before import = 0Number of asset objects unloaded after import = 1

========================================================================
Received Import Request.
  Time since last request: 0.000021 seconds.
  path: Assets/Prefabs/Rooms/RoomsMaterials/Material.011 1.mat
  artifactKey: Guid(8d8e5e622240c4fb990fb6d9b5241ae7) Importer(2089858483,b0f066a214c2f5e87bad3c948f4d605d)
Start importing Assets/Prefabs/Rooms/RoomsMaterials/Material.011 1.mat using Guid(8d8e5e622240c4fb990fb6d9b5241ae7) Importer(2089858483,b0f066a214c2f5e87bad3c948f4d605d) (ScriptedImporter) -> (artifact id: '2be6c530be03bb05da956499f924811d') in 0.001020375 seconds
Number of updated asset objects reloaded before import = 0Number of asset objects unloaded after import = 1

========================================================================
Received Import Request.
  Time since last request: 0.000023 seconds.
  path: Assets/Prefabs/Rooms/RoomsMaterials/Material.004 1.mat
  artifactKey: Guid(e678cdd96e26045d08243b53158bc18a) Importer(2089858483,b0f066a214c2f5e87bad3c948f4d605d)
Start importing Assets/Prefabs/Rooms/RoomsMaterials/Material.004 1.mat using Guid(e678cdd96e26045d08243b53158bc18a) Importer(2089858483,b0f066a214c2f5e87bad3c948f4d605d) (ScriptedImporter) -> (artifact id: '7c63c499144095812a31e7c49e04998c') in 0.001190167 seconds
Number of updated asset objects reloaded before import = 0Number of asset objects unloaded after import = 1

========================================================================
Received Import Request.
  Time since last request: 0.000123 seconds.
  path: Assets/Prefabs/Rooms/RoomsMaterials/Material.054.mat
  artifactKey: Guid(419cc3238d4614aee9afbc7f6bc31567) Importer(2089858483,b0f066a214c2f5e87bad3c948f4d605d)
Start importing Assets/Prefabs/Rooms/RoomsMaterials/Material.054.mat using Guid(419cc3238d4614aee9afbc7f6bc31567) Importer(2089858483,b0f066a214c2f5e87bad3c948f4d605d) (ScriptedImporter) -> (artifact id: '015d5e695d08061d7e689a5fccbc9624') in 0.001301375 seconds
Number of updated asset objects reloaded before import = 0Number of asset objects unloaded after import = 1

========================================================================
Received Import Request.
  Time since last request: 0.000074 seconds.
  path: Assets/Prefabs/Rooms/RoomsMaterials/M_vase.mat
  artifactKey: Guid(8c88f8b4e3b634ffbae2db865a7c0c73) Importer(2089858483,b0f066a214c2f5e87bad3c948f4d605d)
Start importing Assets/Prefabs/Rooms/RoomsMaterials/M_vase.mat using Guid(8c88f8b4e3b634ffbae2db865a7c0c73) Importer(2089858483,b0f066a214c2f5e87bad3c948f4d605d) (ScriptedImporter) -> (artifact id: 'fbfd283ac1e823c1e4a8e27651233e7c') in 0.001437167 seconds
Number of updated asset objects reloaded before import = 0Number of asset objects unloaded after import = 1

========================================================================
Received Import Request.
  Time since last request: 0.000121 seconds.
  path: Assets/Prefabs/Rooms/RoomsMaterials/Material.030 2.mat
  artifactKey: Guid(af201002c8ca241a3a75eb724cc0c8f8) Importer(2089858483,b0f066a214c2f5e87bad3c948f4d605d)
Start importing Assets/Prefabs/Rooms/RoomsMaterials/Material.030 2.mat using Guid(af201002c8ca241a3a75eb724cc0c8f8) Importer(2089858483,b0f066a214c2f5e87bad3c948f4d605d) (ScriptedImporter) -> (artifact id: 'c7a9a21cd063c1172c16e85a0df274b4') in 0.001190292 seconds
Number of updated asset objects reloaded before import = 0Number of asset objects unloaded after import = 1

========================================================================
Received Import Request.
  Time since last request: 0.000025 seconds.
  path: Assets/Prefabs/Rooms/RoomsMaterials/Material.025.mat
  artifactKey: Guid(7d6c0e563f34b4866b031a4deefd07db) Importer(2089858483,b0f066a214c2f5e87bad3c948f4d605d)
Start importing Assets/Prefabs/Rooms/RoomsMaterials/Material.025.mat using Guid(7d6c0e563f34b4866b031a4deefd07db) Importer(2089858483,b0f066a214c2f5e87bad3c948f4d605d) (ScriptedImporter) -> (artifact id: '2711ce3a33f8a1d282f6f59d1336e1c7') in 0.001061292 seconds
Number of updated asset objects reloaded before import = 0Number of asset objects unloaded after import = 1

========================================================================
Received Import Request.
  Time since last request: 0.000026 seconds.
  path: Assets/Prefabs/Rooms/RoomsMaterials/Material.004.mat
  artifactKey: Guid(70f320bdcfcd9489d8198e6b2deceedd) Importer(2089858483,b0f066a214c2f5e87bad3c948f4d605d)
Start importing Assets/Prefabs/Rooms/RoomsMaterials/Material.004.mat using Guid(70f320bdcfcd9489d8198e6b2deceedd) Importer(2089858483,b0f066a214c2f5e87bad3c948f4d605d) (ScriptedImporter) -> (artifact id: '86317a9aaec1598992763cdf6dd1e110') in 0.001413375 seconds
Number of updated asset objects reloaded before import = 0Number of asset objects unloaded after import = 1

========================================================================
Received Import Request.
  Time since last request: 0.000127 seconds.
  path: Assets/Prefabs/Rooms/RoomsMaterials/Material.023 1.mat
  artifactKey: Guid(26d6917b820c54b5fad25cba4ead1476) Importer(2089858483,b0f066a214c2f5e87bad3c948f4d605d)
Start importing Assets/Prefabs/Rooms/RoomsMaterials/Material.023 1.mat using Guid(26d6917b820c54b5fad25cba4ead1476) Importer(2089858483,b0f066a214c2f5e87bad3c948f4d605d) (ScriptedImporter) -> (artifact id: '61ffbf4af35999fbb2f64878e8c49790') in 0.001432083 seconds
Number of updated asset objects reloaded before import = 0Number of asset objects unloaded after import = 1

========================================================================
Received Import Request.
  Time since last request: 0.000054 seconds.
  path: Assets/Prefabs/Rooms/RoomsMaterials/Material.024 2.mat
  artifactKey: Guid(18f6528f9b3474df8bf89a65f2a755ef) Importer(2089858483,b0f066a214c2f5e87bad3c948f4d605d)
Start importing Assets/Prefabs/Rooms/RoomsMaterials/Material.024 2.mat using Guid(18f6528f9b3474df8bf89a65f2a755ef) Importer(2089858483,b0f066a214c2f5e87bad3c948f4d605d) (ScriptedImporter) -> (artifact id: '947f8ed3bf3ddcc3cbf90ffca09e001c') in 0.001608125 seconds
Number of updated asset objects reloaded before import = 0Number of asset objects unloaded after import = 1

========================================================================
Received Import Request.
  Time since last request: 0.000029 seconds.
  path: Assets/Prefabs/Rooms/RoomsMaterials/Material.029 2.mat
  artifactKey: Guid(c766ab030d460484ebe63e6b0b059145) Importer(2089858483,b0f066a214c2f5e87bad3c948f4d605d)
Start importing Assets/Prefabs/Rooms/RoomsMaterials/Material.029 2.mat using Guid(c766ab030d460484ebe63e6b0b059145) Importer(2089858483,b0f066a214c2f5e87bad3c948f4d605d) (ScriptedImporter) -> (artifact id: 'bc67c7fde99660a4fa40a9575f338b51') in 0.001271625 seconds
Number of updated asset objects reloaded before import = 0Number of asset objects unloaded after import = 1

========================================================================
Received Import Request.
  Time since last request: 0.000042 seconds.
  path: Assets/Prefabs/Rooms/RoomsMaterials/Material.018 2.mat
  artifactKey: Guid(0dc31a1c3b5cc4a8c9f2e164ee6b9c8c) Importer(2089858483,b0f066a214c2f5e87bad3c948f4d605d)
Start importing Assets/Prefabs/Rooms/RoomsMaterials/Material.018 2.mat using Guid(0dc31a1c3b5cc4a8c9f2e164ee6b9c8c) Importer(2089858483,b0f066a214c2f5e87bad3c948f4d605d) (ScriptedImporter) -> (artifact id: '7155a8d4007ad58fd4b9e6d37649512e') in 0.001037333 seconds
Number of updated asset objects reloaded before import = 0Number of asset objects unloaded after import = 1

========================================================================
Received Import Request.
  Time since last request: 0.000198 seconds.
  path: Assets/Prefabs/Rooms/RoomsMaterials/Material.001.mat
  artifactKey: Guid(c74a6c77f1bef4f54a4837a1dfa08e56) Importer(2089858483,b0f066a214c2f5e87bad3c948f4d605d)
Start importing Assets/Prefabs/Rooms/RoomsMaterials/Material.001.mat using Guid(c74a6c77f1bef4f54a4837a1dfa08e56) Importer(2089858483,b0f066a214c2f5e87bad3c948f4d605d) (ScriptedImporter) -> (artifact id: 'b608845d283b901954ed4564353f6a8d') in 0.001712958 seconds
Number of updated asset objects reloaded before import = 0Number of asset objects unloaded after import = 1

========================================================================
Received Import Request.
  Time since last request: 0.000103 seconds.
  path: Assets/Prefabs/Rooms/RoomsMaterials/Material.028.mat
  artifactKey: Guid(6a71c89052ba84e02927aca53b2f09bd) Importer(2089858483,b0f066a214c2f5e87bad3c948f4d605d)
Start importing Assets/Prefabs/Rooms/RoomsMaterials/Material.028.mat using Guid(6a71c89052ba84e02927aca53b2f09bd) Importer(2089858483,b0f066a214c2f5e87bad3c948f4d605d) (ScriptedImporter) -> (artifact id: '2b615c67b4554eb99a748bd111436faf') in 0.001612167 seconds
Number of updated asset objects reloaded before import = 0Number of asset objects unloaded after import = 1

========================================================================
Received Import Request.
  Time since last request: 0.000062 seconds.
  path: Assets/Prefabs/Rooms/RoomsMaterials/Material.021.mat
  artifactKey: Guid(45d52605964454bcaa9361f02e8b2a61) Importer(2089858483,b0f066a214c2f5e87bad3c948f4d605d)
Start importing Assets/Prefabs/Rooms/RoomsMaterials/Material.021.mat using Guid(45d52605964454bcaa9361f02e8b2a61) Importer(2089858483,b0f066a214c2f5e87bad3c948f4d605d) (ScriptedImporter) -> (artifact id: '1dc3942036a9ae25325665349e9493b6') in 0.001464167 seconds
Number of updated asset objects reloaded before import = 0Number of asset objects unloaded after import = 1

========================================================================
Received Import Request.
  Time since last request: 0.000027 seconds.
  path: Assets/Prefabs/Rooms/RoomsMaterials/Material.009 2.mat
  artifactKey: Guid(f082e0c3fe05645529f97c90cd455715) Importer(2089858483,b0f066a214c2f5e87bad3c948f4d605d)
Start importing Assets/Prefabs/Rooms/RoomsMaterials/Material.009 2.mat using Guid(f082e0c3fe05645529f97c90cd455715) Importer(2089858483,b0f066a214c2f5e87bad3c948f4d605d) (ScriptedImporter) -> (artifact id: 'bee236f756384f79539662867fcf06d7') in 0.00126175 seconds
Number of updated asset objects reloaded before import = 0Number of asset objects unloaded after import = 1

========================================================================
Received Import Request.
  Time since last request: 0.000048 seconds.
  path: Assets/Prefabs/Rooms/RoomsMaterials/Material.020 2.mat
  artifactKey: Guid(559483e4a14af427581031468f00b94b) Importer(2089858483,b0f066a214c2f5e87bad3c948f4d605d)
Start importing Assets/Prefabs/Rooms/RoomsMaterials/Material.020 2.mat using Guid(559483e4a14af427581031468f00b94b) Importer(2089858483,b0f066a214c2f5e87bad3c948f4d605d) (ScriptedImporter) -> (artifact id: '711c0d735fe1fc73b5f603b8dfba3584') in 0.001354916 seconds
Number of updated asset objects reloaded before import = 0Number of asset objects unloaded after import = 1

========================================================================
Received Import Request.
  Time since last request: 0.000063 seconds.
  path: Assets/Prefabs/Rooms/RoomsMaterials/Material.002.mat
  artifactKey: Guid(f611aebab7aa54e9c9929370831ac2bd) Importer(2089858483,b0f066a214c2f5e87bad3c948f4d605d)
Start importing Assets/Prefabs/Rooms/RoomsMaterials/Material.002.mat using Guid(f611aebab7aa54e9c9929370831ac2bd) Importer(2089858483,b0f066a214c2f5e87bad3c948f4d605d) (ScriptedImporter) -> (artifact id: '13804d7c25bd71ff80586d770b957d31') in 0.001505083 seconds
Number of updated asset objects reloaded before import = 0Number of asset objects unloaded after import = 1

========================================================================
Received Import Request.
  Time since last request: 0.000124 seconds.
  path: Assets/Prefabs/Rooms/RoomsMaterials/Material.054 1.mat
  artifactKey: Guid(f79cc93940568403e86d9fe3e0bb4112) Importer(2089858483,b0f066a214c2f5e87bad3c948f4d605d)
Start importing Assets/Prefabs/Rooms/RoomsMaterials/Material.054 1.mat using Guid(f79cc93940568403e86d9fe3e0bb4112) Importer(2089858483,b0f066a214c2f5e87bad3c948f4d605d) (ScriptedImporter) -> (artifact id: '9c664b4cab11eac13e9cf1f75d21c8a0') in 0.002373125 seconds
Number of updated asset objects reloaded before import = 0Number of asset objects unloaded after import = 1

========================================================================
Received Import Request.
  Time since last request: 0.000021 seconds.
  path: Assets/Prefabs/Rooms/RoomsMaterials/Material.028 1.mat
  artifactKey: Guid(ded160d60a6e049d291d0b7ce0e67137) Importer(2089858483,b0f066a214c2f5e87bad3c948f4d605d)
Start importing Assets/Prefabs/Rooms/RoomsMaterials/Material.028 1.mat using Guid(ded160d60a6e049d291d0b7ce0e67137) Importer(2089858483,b0f066a214c2f5e87bad3c948f4d605d) (ScriptedImporter) -> (artifact id: '8e89410bee9b97e96789eff418e2be29') in 0.001369125 seconds
Number of updated asset objects reloaded before import = 0Number of asset objects unloaded after import = 1

========================================================================
Received Import Request.
  Time since last request: 0.000102 seconds.
  path: Assets/Prefabs/Rooms/RoomsMaterials/Material.014 1.mat
  artifactKey: Guid(ed5d9fe8ae4fb4ea2826ab10a202b7cc) Importer(2089858483,b0f066a214c2f5e87bad3c948f4d605d)
Start importing Assets/Prefabs/Rooms/RoomsMaterials/Material.014 1.mat using Guid(ed5d9fe8ae4fb4ea2826ab10a202b7cc) Importer(2089858483,b0f066a214c2f5e87bad3c948f4d605d) (ScriptedImporter) -> (artifact id: 'a981ee10fcc7159aa3bd1db89d8786dc') in 0.001786083 seconds
Number of updated asset objects reloaded before import = 0Number of asset objects unloaded after import = 1

========================================================================
Received Import Request.
  Time since last request: 0.000062 seconds.
  path: Assets/Prefabs/Rooms/RoomsMaterials/M_sunflower_stalk_001.mat
  artifactKey: Guid(87893e40c301848cea52d348fed09b22) Importer(2089858483,b0f066a214c2f5e87bad3c948f4d605d)
Start importing Assets/Prefabs/Rooms/RoomsMaterials/M_sunflower_stalk_001.mat using Guid(87893e40c301848cea52d348fed09b22) Importer(2089858483,b0f066a214c2f5e87bad3c948f4d605d) (ScriptedImporter) -> (artifact id: 'bfc530468acb9969dce4b44005722493') in 0.001617209 seconds
Number of updated asset objects reloaded before import = 0Number of asset objects unloaded after import = 1

========================================================================
Received Import Request.
  Time since last request: 0.000060 seconds.
  path: Assets/Prefabs/Rooms/RoomsMaterials/M_pot_flower 1.mat
  artifactKey: Guid(fd669c64968bd4ebab882f40f88f814c) Importer(2089858483,b0f066a214c2f5e87bad3c948f4d605d)
Start importing Assets/Prefabs/Rooms/RoomsMaterials/M_pot_flower 1.mat using Guid(fd669c64968bd4ebab882f40f88f814c) Importer(2089858483,b0f066a214c2f5e87bad3c948f4d605d) (ScriptedImporter) -> (artifact id: '610110e162082a92e530f7e6a15dfddb') in 0.001399375 seconds
Number of updated asset objects reloaded before import = 0Number of asset objects unloaded after import = 1

========================================================================
Received Import Request.
  Time since last request: 0.000088 seconds.
  path: Assets/Prefabs/Rooms/RoomsMaterials/Material.048.mat
  artifactKey: Guid(7e258845868c245cd9dbad5a7548b95f) Importer(2089858483,b0f066a214c2f5e87bad3c948f4d605d)
Start importing Assets/Prefabs/Rooms/RoomsMaterials/Material.048.mat using Guid(7e258845868c245cd9dbad5a7548b95f) Importer(2089858483,b0f066a214c2f5e87bad3c948f4d605d) (ScriptedImporter) -> (artifact id: 'dddab39e9e616512452500afe62f16c3') in 0.001766417 seconds
Number of updated asset objects reloaded before import = 0Number of asset objects unloaded after import = 1

========================================================================
Received Import Request.
  Time since last request: 0.000049 seconds.
  path: Assets/Prefabs/Rooms/RoomsMaterials/M_window_frames.mat
  artifactKey: Guid(27fb18cabbe2843c0b6863a1ec600866) Importer(2089858483,b0f066a214c2f5e87bad3c948f4d605d)
Start importing Assets/Prefabs/Rooms/RoomsMaterials/M_window_frames.mat using Guid(27fb18cabbe2843c0b6863a1ec600866) Importer(2089858483,b0f066a214c2f5e87bad3c948f4d605d) (ScriptedImporter) -> (artifact id: '141bbfc87ef7d95f5d1df0489ecdeebf') in 0.001685667 seconds
Number of updated asset objects reloaded before import = 0Number of asset objects unloaded after import = 1

========================================================================
Received Import Request.
  Time since last request: 0.000025 seconds.
  path: Assets/Prefabs/Rooms/RoomsMaterials/M_paper_bag.mat
  artifactKey: Guid(5cac45ad04fc74fd49644ae4bf647b0f) Importer(2089858483,b0f066a214c2f5e87bad3c948f4d605d)
Start importing Assets/Prefabs/Rooms/RoomsMaterials/M_paper_bag.mat using Guid(5cac45ad04fc74fd49644ae4bf647b0f) Importer(2089858483,b0f066a214c2f5e87bad3c948f4d605d) (ScriptedImporter) -> (artifact id: 'd270176f8267347c9d9802b420fed663') in 0.001575709 seconds
Number of updated asset objects reloaded before import = 0Number of asset objects unloaded after import = 1

========================================================================
Received Import Request.
  Time since last request: 0.000046 seconds.
  path: Assets/Prefabs/Rooms/RoomsMaterials/Material.034 2.mat
  artifactKey: Guid(f3ae61d72b9284dddb7fabe59ad97015) Importer(2089858483,b0f066a214c2f5e87bad3c948f4d605d)
Start importing Assets/Prefabs/Rooms/RoomsMaterials/Material.034 2.mat using Guid(f3ae61d72b9284dddb7fabe59ad97015) Importer(2089858483,b0f066a214c2f5e87bad3c948f4d605d) (ScriptedImporter) -> (artifact id: '17ef5dcf6a412534f7c54c20664aaa3f') in 0.001476583 seconds
Number of updated asset objects reloaded before import = 0Number of asset objects unloaded after import = 1

========================================================================
Received Import Request.
  Time since last request: 0.000133 seconds.
  path: Assets/Prefabs/Rooms/RoomsMaterials/Material.016 1.mat
  artifactKey: Guid(3d5b8647b70f1486e8c0f6d58497a90c) Importer(2089858483,b0f066a214c2f5e87bad3c948f4d605d)
Start importing Assets/Prefabs/Rooms/RoomsMaterials/Material.016 1.mat using Guid(3d5b8647b70f1486e8c0f6d58497a90c) Importer(2089858483,b0f066a214c2f5e87bad3c948f4d605d) (ScriptedImporter) -> (artifact id: '95ea4f9c825cebd3d4de550b5ea41f92') in 0.001349209 seconds
Number of updated asset objects reloaded before import = 0Number of asset objects unloaded after import = 1

========================================================================
Received Import Request.
  Time since last request: 0.000024 seconds.
  path: Assets/Prefabs/Rooms/RoomsMaterials/Material.006.mat
  artifactKey: Guid(d220e8e9f5e684a419c7ac0744cd4826) Importer(2089858483,b0f066a214c2f5e87bad3c948f4d605d)
Start importing Assets/Prefabs/Rooms/RoomsMaterials/Material.006.mat using Guid(d220e8e9f5e684a419c7ac0744cd4826) Importer(2089858483,b0f066a214c2f5e87bad3c948f4d605d) (ScriptedImporter) -> (artifact id: '244a3d440f1c383c2f202ffd31b169f6') in 0.000999709 seconds
Number of updated asset objects reloaded before import = 0Number of asset objects unloaded after import = 1

========================================================================
Received Import Request.
  Time since last request: 0.000022 seconds.
  path: Assets/Prefabs/Rooms/RoomsMaterials/Material.018 1.mat
  artifactKey: Guid(0601fbb6c9fb04076bc065c79cc57405) Importer(2089858483,b0f066a214c2f5e87bad3c948f4d605d)
Start importing Assets/Prefabs/Rooms/RoomsMaterials/Material.018 1.mat using Guid(0601fbb6c9fb04076bc065c79cc57405) Importer(2089858483,b0f066a214c2f5e87bad3c948f4d605d) (ScriptedImporter) -> (artifact id: '16d72765f9668d474242aa774a389e95') in 0.00126775 seconds
Number of updated asset objects reloaded before import = 0Number of asset objects unloaded after import = 1

========================================================================
Received Import Request.
  Time since last request: 0.000087 seconds.
  path: Assets/Prefabs/Rooms/RoomsMaterials/M_wall_trim 2.mat
  artifactKey: Guid(7c4c06b60009848cbaec6bc105875fb7) Importer(2089858483,b0f066a214c2f5e87bad3c948f4d605d)
Start importing Assets/Prefabs/Rooms/RoomsMaterials/M_wall_trim 2.mat using Guid(7c4c06b60009848cbaec6bc105875fb7) Importer(2089858483,b0f066a214c2f5e87bad3c948f4d605d) (ScriptedImporter) -> (artifact id: '32291851a4731637282a6d1663391141') in 0.001297625 seconds
Number of updated asset objects reloaded before import = 0Number of asset objects unloaded after import = 1

========================================================================
Received Import Request.
  Time since last request: 0.000047 seconds.
  path: Assets/Prefabs/Rooms/RoomsMaterials/Material.006 1.mat
  artifactKey: Guid(04b5c7d14e34f40068f6ba88016f008c) Importer(2089858483,b0f066a214c2f5e87bad3c948f4d605d)
Start importing Assets/Prefabs/Rooms/RoomsMaterials/Material.006 1.mat using Guid(04b5c7d14e34f40068f6ba88016f008c) Importer(2089858483,b0f066a214c2f5e87bad3c948f4d605d) (ScriptedImporter) -> (artifact id: '73a123448f82282313b4ec08f0952baf') in 0.001515083 seconds
Number of updated asset objects reloaded before import = 0Number of asset objects unloaded after import = 1

========================================================================
Received Import Request.
  Time since last request: 0.000020 seconds.
  path: Assets/Prefabs/Rooms/RoomsMaterials/M_sunflower_stalk.mat
  artifactKey: Guid(ab6843c7bd1de4f338f59a2100cca7ab) Importer(2089858483,b0f066a214c2f5e87bad3c948f4d605d)
Start importing Assets/Prefabs/Rooms/RoomsMaterials/M_sunflower_stalk.mat using Guid(ab6843c7bd1de4f338f59a2100cca7ab) Importer(2089858483,b0f066a214c2f5e87bad3c948f4d605d) (ScriptedImporter) -> (artifact id: 'a321e65417fe0803229a818d8c2249fc') in 0.001302708 seconds
Number of updated asset objects reloaded before import = 0Number of asset objects unloaded after import = 1

========================================================================
Received Import Request.
  Time since last request: 0.000029 seconds.
  path: Assets/Prefabs/Rooms/RoomsMaterials/Material.055.mat
  artifactKey: Guid(845f2264a35b5462e8f56a836d054ec9) Importer(2089858483,b0f066a214c2f5e87bad3c948f4d605d)
Start importing Assets/Prefabs/Rooms/RoomsMaterials/Material.055.mat using Guid(845f2264a35b5462e8f56a836d054ec9) Importer(2089858483,b0f066a214c2f5e87bad3c948f4d605d) (ScriptedImporter) -> (artifact id: '1389a2515e51cd7d0770ff016d8474e8') in 0.001052375 seconds
Number of updated asset objects reloaded before import = 0Number of asset objects unloaded after import = 1

========================================================================
Received Import Request.
  Time since last request: 0.000064 seconds.
  path: Assets/Prefabs/Rooms/RoomsMaterials/Material 2.mat
  artifactKey: Guid(6d2af81daaf9048f8a7a6ba5d10ffdae) Importer(2089858483,b0f066a214c2f5e87bad3c948f4d605d)
Start importing Assets/Prefabs/Rooms/RoomsMaterials/Material 2.mat using Guid(6d2af81daaf9048f8a7a6ba5d10ffdae) Importer(2089858483,b0f066a214c2f5e87bad3c948f4d605d) (ScriptedImporter) -> (artifact id: '852c0be038c7610edeb2790c4a7846a6') in 0.00250125 seconds
Number of updated asset objects reloaded before import = 0Number of asset objects unloaded after import = 1

========================================================================
Received Import Request.
  Time since last request: 0.000053 seconds.
  path: Assets/Prefabs/Rooms/RoomsMaterials/M_lights_ceiling 1.mat
  artifactKey: Guid(915c85b28fb3c421580c3766ff929b74) Importer(2089858483,b0f066a214c2f5e87bad3c948f4d605d)
Start importing Assets/Prefabs/Rooms/RoomsMaterials/M_lights_ceiling 1.mat using Guid(915c85b28fb3c421580c3766ff929b74) Importer(2089858483,b0f066a214c2f5e87bad3c948f4d605d) (ScriptedImporter) -> (artifact id: '974073ca2217a3591b8f5f3555a918fa') in 0.001465666 seconds
Number of updated asset objects reloaded before import = 0Number of asset objects unloaded after import = 1

========================================================================
Received Import Request.
  Time since last request: 0.000059 seconds.
  path: Assets/Prefabs/Rooms/RoomsMaterials/M_sunflower_stalk 1.mat
  artifactKey: Guid(e6176298aa5494b28920704da09f547c) Importer(2089858483,b0f066a214c2f5e87bad3c948f4d605d)
Start importing Assets/Prefabs/Rooms/RoomsMaterials/M_sunflower_stalk 1.mat using Guid(e6176298aa5494b28920704da09f547c) Importer(2089858483,b0f066a214c2f5e87bad3c948f4d605d) (ScriptedImporter) -> (artifact id: 'bf886e94b61fa2396d46ecc130706630') in 0.001060334 seconds
Number of updated asset objects reloaded before import = 0Number of asset objects unloaded after import = 1

========================================================================
Received Import Request.
  Time since last request: 0.000035 seconds.
  path: Assets/Prefabs/Rooms/RoomsMaterials/Material.018.mat
  artifactKey: Guid(9c66812c1495e4809bb93d0f5327c001) Importer(2089858483,b0f066a214c2f5e87bad3c948f4d605d)
Start importing Assets/Prefabs/Rooms/RoomsMaterials/Material.018.mat using Guid(9c66812c1495e4809bb93d0f5327c001) Importer(2089858483,b0f066a214c2f5e87bad3c948f4d605d) (ScriptedImporter) -> (artifact id: '3ab4d3b2a2516e19d0f16c850b04c245') in 0.001213125 seconds
Number of updated asset objects reloaded before import = 0Number of asset objects unloaded after import = 1

========================================================================
Received Import Request.
  Time since last request: 0.000090 seconds.
  path: Assets/Prefabs/Rooms/RoomsMaterials/Material.012 1.mat
  artifactKey: Guid(94b4cbcbf783d42cba7751987dd6ab14) Importer(2089858483,b0f066a214c2f5e87bad3c948f4d605d)
Start importing Assets/Prefabs/Rooms/RoomsMaterials/Material.012 1.mat using Guid(94b4cbcbf783d42cba7751987dd6ab14) Importer(2089858483,b0f066a214c2f5e87bad3c948f4d605d) (ScriptedImporter) -> (artifact id: 'cad44e2ab85aa4d419bd86402c393646') in 0.001800625 seconds
Number of updated asset objects reloaded before import = 0Number of asset objects unloaded after import = 1

========================================================================
Received Import Request.
  Time since last request: 0.000131 seconds.
  path: Assets/Prefabs/Rooms/RoomsMaterials/M_tray 1.mat
  artifactKey: Guid(a3fd13a57d7234444bff974d9605d0a8) Importer(2089858483,b0f066a214c2f5e87bad3c948f4d605d)
Start importing Assets/Prefabs/Rooms/RoomsMaterials/M_tray 1.mat using Guid(a3fd13a57d7234444bff974d9605d0a8) Importer(2089858483,b0f066a214c2f5e87bad3c948f4d605d) (ScriptedImporter) -> (artifact id: '280b8fc13acf7ee40dbda52937e0f307') in 0.001388459 seconds
Number of updated asset objects reloaded before import = 0Number of asset objects unloaded after import = 1

========================================================================
Received Import Request.
  Time since last request: 0.000028 seconds.
  path: Assets/Prefabs/Rooms/RoomsMaterials/Material.049 1.mat
  artifactKey: Guid(4fb15dfd6e17a4fd591a6a225aa44a19) Importer(2089858483,b0f066a214c2f5e87bad3c948f4d605d)
Start importing Assets/Prefabs/Rooms/RoomsMaterials/Material.049 1.mat using Guid(4fb15dfd6e17a4fd591a6a225aa44a19) Importer(2089858483,b0f066a214c2f5e87bad3c948f4d605d) (ScriptedImporter) -> (artifact id: '4c9721cfbe1d30c4112b3fc5cc362748') in 0.001456667 seconds
Number of updated asset objects reloaded before import = 0Number of asset objects unloaded after import = 1

========================================================================
Received Import Request.
  Time since last request: 0.000046 seconds.
  path: Assets/Prefabs/Rooms/RoomsMaterials/Material.057 1.mat
  artifactKey: Guid(e5e8c393930fc44589733c4b99580314) Importer(2089858483,b0f066a214c2f5e87bad3c948f4d605d)
Start importing Assets/Prefabs/Rooms/RoomsMaterials/Material.057 1.mat using Guid(e5e8c393930fc44589733c4b99580314) Importer(2089858483,b0f066a214c2f5e87bad3c948f4d605d) (ScriptedImporter) -> (artifact id: '0f19d599f49c3a8956cfc3ef043fd699') in 0.001806291 seconds
Number of updated asset objects reloaded before import = 0Number of asset objects unloaded after import = 1

========================================================================
Received Import Request.
  Time since last request: 0.000130 seconds.
  path: Assets/Prefabs/Rooms/RoomsMaterials/Material.036 1.mat
  artifactKey: Guid(327fd3105088548a9bb5448cafa22e4d) Importer(2089858483,b0f066a214c2f5e87bad3c948f4d605d)
Start importing Assets/Prefabs/Rooms/RoomsMaterials/Material.036 1.mat using Guid(327fd3105088548a9bb5448cafa22e4d) Importer(2089858483,b0f066a214c2f5e87bad3c948f4d605d) (ScriptedImporter) -> (artifact id: '492a5fa520c65790763f76ac71bec778') in 0.001504625 seconds
Number of updated asset objects reloaded before import = 0Number of asset objects unloaded after import = 1

========================================================================
Received Import Request.
  Time since last request: 0.000048 seconds.
  path: Assets/Prefabs/Rooms/RoomsMaterials/Material.003 2.mat
  artifactKey: Guid(5861280d0952143a5ab4ee468dfc984d) Importer(2089858483,b0f066a214c2f5e87bad3c948f4d605d)
Start importing Assets/Prefabs/Rooms/RoomsMaterials/Material.003 2.mat using Guid(5861280d0952143a5ab4ee468dfc984d) Importer(2089858483,b0f066a214c2f5e87bad3c948f4d605d) (ScriptedImporter) -> (artifact id: 'bfb07e4703b76ec458183a9fcc812aec') in 0.001748333 seconds
Number of updated asset objects reloaded before import = 0Number of asset objects unloaded after import = 1

========================================================================
Received Import Request.
  Time since last request: 0.000052 seconds.
  path: Assets/Prefabs/Rooms/RoomsMaterials/Material.027.mat
  artifactKey: Guid(e7d07c64642c348da86e6d71281779cc) Importer(2089858483,b0f066a214c2f5e87bad3c948f4d605d)
Start importing Assets/Prefabs/Rooms/RoomsMaterials/Material.027.mat using Guid(e7d07c64642c348da86e6d71281779cc) Importer(2089858483,b0f066a214c2f5e87bad3c948f4d605d) (ScriptedImporter) -> (artifact id: 'c19a344d39f381ee6b6f6ddd123f96e5') in 0.001362917 seconds
Number of updated asset objects reloaded before import = 0Number of asset objects unloaded after import = 1

========================================================================
Received Import Request.
  Time since last request: 0.000074 seconds.
  path: Assets/Prefabs/Rooms/RoomsMaterials/M_side_table_handle 1.mat
  artifactKey: Guid(83b7931aacd5e45a8af66b88149ab0f1) Importer(2089858483,b0f066a214c2f5e87bad3c948f4d605d)
Start importing Assets/Prefabs/Rooms/RoomsMaterials/M_side_table_handle 1.mat using Guid(83b7931aacd5e45a8af66b88149ab0f1) Importer(2089858483,b0f066a214c2f5e87bad3c948f4d605d) (ScriptedImporter) -> (artifact id: 'cecaa8cbb86a8f5fefb7a40a3fe5b0e1') in 0.001590916 seconds
Number of updated asset objects reloaded before import = 0Number of asset objects unloaded after import = 1

========================================================================
Received Import Request.
  Time since last request: 0.000058 seconds.
  path: Assets/Prefabs/Rooms/RoomsMaterials/Material.042.mat
  artifactKey: Guid(6de207da954054a9b9a40d7b41542ede) Importer(2089858483,b0f066a214c2f5e87bad3c948f4d605d)
Start importing Assets/Prefabs/Rooms/RoomsMaterials/Material.042.mat using Guid(6de207da954054a9b9a40d7b41542ede) Importer(2089858483,b0f066a214c2f5e87bad3c948f4d605d) (ScriptedImporter) -> (artifact id: '3bb72c58b6d54d938665a1281e1de6d1') in 0.001304875 seconds
Number of updated asset objects reloaded before import = 0Number of asset objects unloaded after import = 1

========================================================================
Received Import Request.
  Time since last request: 0.000027 seconds.
  path: Assets/Prefabs/Rooms/RoomsMaterials/Material.032.mat
  artifactKey: Guid(35a7031e1320e47ed87644b820324803) Importer(2089858483,b0f066a214c2f5e87bad3c948f4d605d)
Start importing Assets/Prefabs/Rooms/RoomsMaterials/Material.032.mat using Guid(35a7031e1320e47ed87644b820324803) Importer(2089858483,b0f066a214c2f5e87bad3c948f4d605d) (ScriptedImporter) -> (artifact id: 'd3806f650391ccebc07c2b8d79b23504') in 0.0013425 seconds
Number of updated asset objects reloaded before import = 0Number of asset objects unloaded after import = 1

========================================================================
Received Import Request.
  Time since last request: 0.000104 seconds.
  path: Assets/Prefabs/Rooms/RoomsMaterials/Material.050 1.mat
  artifactKey: Guid(ff0caf6fa9d5d4cc2a20c48ebcedfa6a) Importer(2089858483,b0f066a214c2f5e87bad3c948f4d605d)
Start importing Assets/Prefabs/Rooms/RoomsMaterials/Material.050 1.mat using Guid(ff0caf6fa9d5d4cc2a20c48ebcedfa6a) Importer(2089858483,b0f066a214c2f5e87bad3c948f4d605d) (ScriptedImporter) -> (artifact id: '4ed35051fa2ee6f078e6f1c394907722') in 0.001662834 seconds
Number of updated asset objects reloaded before import = 0Number of asset objects unloaded after import = 1

========================================================================
Received Import Request.
  Time since last request: 0.000087 seconds.
  path: Assets/Prefabs/Rooms/RoomsMaterials/Material.027 1.mat
  artifactKey: Guid(1fce0210dc0a743b0bb1d1021f9aff9a) Importer(2089858483,b0f066a214c2f5e87bad3c948f4d605d)
Start importing Assets/Prefabs/Rooms/RoomsMaterials/Material.027 1.mat using Guid(1fce0210dc0a743b0bb1d1021f9aff9a) Importer(2089858483,b0f066a214c2f5e87bad3c948f4d605d) (ScriptedImporter) -> (artifact id: 'babc3d596385ad9fe09a9c163989b967') in 0.001473875 seconds
Number of updated asset objects reloaded before import = 0Number of asset objects unloaded after import = 1

========================================================================
Received Import Request.
  Time since last request: 0.000034 seconds.
  path: Assets/Prefabs/Rooms/RoomsMaterials/M_wall_trim.mat
  artifactKey: Guid(70e2cb99802da4a06b413626ccdfa348) Importer(2089858483,b0f066a214c2f5e87bad3c948f4d605d)
Start importing Assets/Prefabs/Rooms/RoomsMaterials/M_wall_trim.mat using Guid(70e2cb99802da4a06b413626ccdfa348) Importer(2089858483,b0f066a214c2f5e87bad3c948f4d605d) (ScriptedImporter) -> (artifact id: 'ba542ebdd69ac5b4702d371f19c8be65') in 0.001189375 seconds
Number of updated asset objects reloaded before import = 0Number of asset objects unloaded after import = 1

========================================================================
Received Import Request.
  Time since last request: 0.000021 seconds.
  path: Assets/Prefabs/Rooms/RoomsMaterials/Material.042 2.mat
  artifactKey: Guid(9cf34693ae24a4aa7840bb3c9cb44c74) Importer(2089858483,b0f066a214c2f5e87bad3c948f4d605d)
Start importing Assets/Prefabs/Rooms/RoomsMaterials/Material.042 2.mat using Guid(9cf34693ae24a4aa7840bb3c9cb44c74) Importer(2089858483,b0f066a214c2f5e87bad3c948f4d605d) (ScriptedImporter) -> (artifact id: '3f05d5a0ba09eac01b5a4d60d30e67a9') in 0.001274542 seconds
Number of updated asset objects reloaded before import = 0Number of asset objects unloaded after import = 1

========================================================================
Received Import Request.
  Time since last request: 0.000103 seconds.
  path: Assets/Prefabs/Rooms/RoomsMaterials/M_vase 2.mat
  artifactKey: Guid(1eb169424f76640ea8accbfe316b9c6f) Importer(2089858483,b0f066a214c2f5e87bad3c948f4d605d)
Start importing Assets/Prefabs/Rooms/RoomsMaterials/M_vase 2.mat using Guid(1eb169424f76640ea8accbfe316b9c6f) Importer(2089858483,b0f066a214c2f5e87bad3c948f4d605d) (ScriptedImporter) -> (artifact id: 'facca63110bb3cdf420da6eb0997fbd8') in 0.001711833 seconds
Number of updated asset objects reloaded before import = 0Number of asset objects unloaded after import = 1

========================================================================
Received Import Request.
  Time since last request: 0.000047 seconds.
  path: Assets/Prefabs/Rooms/RoomsMaterials/Material.015.mat
  artifactKey: Guid(03b7373a7fbc7455498fc0f2831a1b1a) Importer(2089858483,b0f066a214c2f5e87bad3c948f4d605d)
Start importing Assets/Prefabs/Rooms/RoomsMaterials/Material.015.mat using Guid(03b7373a7fbc7455498fc0f2831a1b1a) Importer(2089858483,b0f066a214c2f5e87bad3c948f4d605d) (ScriptedImporter) -> (artifact id: 'ed937b6dd6bfe5bb7a78342006cdb567') in 0.001390833 seconds
Number of updated asset objects reloaded before import = 0Number of asset objects unloaded after import = 1

========================================================================
Received Import Request.
  Time since last request: 0.000023 seconds.
  path: Assets/Prefabs/Rooms/RoomsMaterials/M_tablet_side.mat
  artifactKey: Guid(6503ed4103e0543c792d67cb4edf0543) Importer(2089858483,b0f066a214c2f5e87bad3c948f4d605d)
Start importing Assets/Prefabs/Rooms/RoomsMaterials/M_tablet_side.mat using Guid(6503ed4103e0543c792d67cb4edf0543) Importer(2089858483,b0f066a214c2f5e87bad3c948f4d605d) (ScriptedImporter) -> (artifact id: 'c8db788396649bc0b7696bb832e0ba60') in 0.001454 seconds
Number of updated asset objects reloaded before import = 0Number of asset objects unloaded after import = 1

========================================================================
Received Import Request.
  Time since last request: 0.000064 seconds.
  path: Assets/Prefabs/Rooms/RoomsMaterials/Material.007 2.mat
  artifactKey: Guid(a36c7321998114a94affa3d32844cabd) Importer(2089858483,b0f066a214c2f5e87bad3c948f4d605d)
Start importing Assets/Prefabs/Rooms/RoomsMaterials/Material.007 2.mat using Guid(a36c7321998114a94affa3d32844cabd) Importer(2089858483,b0f066a214c2f5e87bad3c948f4d605d) (ScriptedImporter) -> (artifact id: '5eea936917634c73d3c6d304b8b08dae') in 0.0028705 seconds
Number of updated asset objects reloaded before import = 0Number of asset objects unloaded after import = 1

========================================================================
Received Import Request.
  Time since last request: 0.000027 seconds.
  path: Assets/Prefabs/Rooms/RoomsMaterials/Material.052 1.mat
  artifactKey: Guid(9fb2b705efc6f4ba59634cd2b6e6ce14) Importer(2089858483,b0f066a214c2f5e87bad3c948f4d605d)
Start importing Assets/Prefabs/Rooms/RoomsMaterials/Material.052 1.mat using Guid(9fb2b705efc6f4ba59634cd2b6e6ce14) Importer(2089858483,b0f066a214c2f5e87bad3c948f4d605d) (ScriptedImporter) -> (artifact id: '8701c9596df1f596b2ebfc1f96e3751e') in 0.001489333 seconds
Number of updated asset objects reloaded before import = 0Number of asset objects unloaded after import = 1

========================================================================
Received Import Request.
  Time since last request: 0.000064 seconds.
  path: Assets/Prefabs/Rooms/RoomsMaterials/Material.055 1.mat
  artifactKey: Guid(b0ad480b9221f4d1fa27270d39fb7bf4) Importer(2089858483,b0f066a214c2f5e87bad3c948f4d605d)
Start importing Assets/Prefabs/Rooms/RoomsMaterials/Material.055 1.mat using Guid(b0ad480b9221f4d1fa27270d39fb7bf4) Importer(2089858483,b0f066a214c2f5e87bad3c948f4d605d) (ScriptedImporter) -> (artifact id: '5a0d93bfb6f3bf4f96c0bb8f6a7644d2') in 0.001513334 seconds
Number of updated asset objects reloaded before import = 0Number of asset objects unloaded after import = 1

========================================================================
Received Import Request.
  Time since last request: 0.000089 seconds.
  path: Assets/Prefabs/Rooms/RoomsMaterials/Material.022.mat
  artifactKey: Guid(0e5e5f29fcc7e4d3596731a0a4c11d2d) Importer(2089858483,b0f066a214c2f5e87bad3c948f4d605d)
Start importing Assets/Prefabs/Rooms/RoomsMaterials/Material.022.mat using Guid(0e5e5f29fcc7e4d3596731a0a4c11d2d) Importer(2089858483,b0f066a214c2f5e87bad3c948f4d605d) (ScriptedImporter) -> (artifact id: '8bcc691748a2f4104c49c363b7cf23db') in 0.001536458 seconds
Number of updated asset objects reloaded before import = 0Number of asset objects unloaded after import = 1

========================================================================
Received Import Request.
  Time since last request: 0.000036 seconds.
  path: Assets/Prefabs/Rooms/RoomsMaterials/Material.047 1.mat
  artifactKey: Guid(4f16c20d0c5954ba4a304a6246d2204f) Importer(2089858483,b0f066a214c2f5e87bad3c948f4d605d)
Start importing Assets/Prefabs/Rooms/RoomsMaterials/Material.047 1.mat using Guid(4f16c20d0c5954ba4a304a6246d2204f) Importer(2089858483,b0f066a214c2f5e87bad3c948f4d605d) (ScriptedImporter) -> (artifact id: 'bfcd9bf5ba028bd92f9354ef7664184b') in 0.001422708 seconds
Number of updated asset objects reloaded before import = 0Number of asset objects unloaded after import = 1

========================================================================
Received Import Request.
  Time since last request: 0.000019 seconds.
  path: Assets/Prefabs/Rooms/RoomsMaterials/Material.021 1.mat
  artifactKey: Guid(b60e98f49101d4a0cb9f7b464e81129c) Importer(2089858483,b0f066a214c2f5e87bad3c948f4d605d)
Start importing Assets/Prefabs/Rooms/RoomsMaterials/Material.021 1.mat using Guid(b60e98f49101d4a0cb9f7b464e81129c) Importer(2089858483,b0f066a214c2f5e87bad3c948f4d605d) (ScriptedImporter) -> (artifact id: 'e084c80b97cee556ccf7c762eeb046fb') in 0.001493541 seconds
Number of updated asset objects reloaded before import = 0Number of asset objects unloaded after import = 1

========================================================================
Received Import Request.
  Time since last request: 0.000048 seconds.
  path: Assets/Prefabs/Rooms/RoomsMaterials/M_tea 2.mat
  artifactKey: Guid(a78379d82f76c400caad3e1cc8a773e9) Importer(2089858483,b0f066a214c2f5e87bad3c948f4d605d)
Start importing Assets/Prefabs/Rooms/RoomsMaterials/M_tea 2.mat using Guid(a78379d82f76c400caad3e1cc8a773e9) Importer(2089858483,b0f066a214c2f5e87bad3c948f4d605d) (ScriptedImporter) -> (artifact id: 'b8f55a7d5f459cd9081ddb94a7fd80fe') in 0.001475542 seconds
Number of updated asset objects reloaded before import = 0Number of asset objects unloaded after import = 1

========================================================================
Received Import Request.
  Time since last request: 0.000096 seconds.
  path: Assets/Prefabs/Rooms/RoomsMaterials/Material.038 2.mat
  artifactKey: Guid(d2b710055c1f548569650c01217669bb) Importer(2089858483,b0f066a214c2f5e87bad3c948f4d605d)
Start importing Assets/Prefabs/Rooms/RoomsMaterials/Material.038 2.mat using Guid(d2b710055c1f548569650c01217669bb) Importer(2089858483,b0f066a214c2f5e87bad3c948f4d605d) (ScriptedImporter) -> (artifact id: '030ed574d6e4a364a764cf7a0d7ce43a') in 0.00160875 seconds
Number of updated asset objects reloaded before import = 0Number of asset objects unloaded after import = 1

========================================================================
Received Import Request.
  Time since last request: 0.000023 seconds.
  path: Assets/Prefabs/Rooms/RoomsMaterials/Material.040 1.mat
  artifactKey: Guid(7f21f1ebfbe344fb889e593845a5710c) Importer(2089858483,b0f066a214c2f5e87bad3c948f4d605d)
Start importing Assets/Prefabs/Rooms/RoomsMaterials/Material.040 1.mat using Guid(7f21f1ebfbe344fb889e593845a5710c) Importer(2089858483,b0f066a214c2f5e87bad3c948f4d605d) (ScriptedImporter) -> (artifact id: 'b821fcc8e79dc345c0f35d11d1df7c44') in 0.001253375 seconds
Number of updated asset objects reloaded before import = 0Number of asset objects unloaded after import = 1

========================================================================
Received Import Request.
  Time since last request: 0.000060 seconds.
  path: Assets/Prefabs/Rooms/RoomsMaterials/Material.013 1.mat
  artifactKey: Guid(2111e3f93f3c8467ba99634a480faa65) Importer(2089858483,b0f066a214c2f5e87bad3c948f4d605d)
Start importing Assets/Prefabs/Rooms/RoomsMaterials/Material.013 1.mat using Guid(2111e3f93f3c8467ba99634a480faa65) Importer(2089858483,b0f066a214c2f5e87bad3c948f4d605d) (ScriptedImporter) -> (artifact id: 'c96ead9c6423cfbf5e8309380742b54b') in 0.001387583 seconds
Number of updated asset objects reloaded before import = 0Number of asset objects unloaded after import = 1

========================================================================
Received Import Request.
  Time since last request: 0.000068 seconds.
  path: Assets/Prefabs/Rooms/RoomsMaterials/Material.024.mat
  artifactKey: Guid(e304040a8948a4e4c8ed8b43a2317f63) Importer(2089858483,b0f066a214c2f5e87bad3c948f4d605d)
Start importing Assets/Prefabs/Rooms/RoomsMaterials/Material.024.mat using Guid(e304040a8948a4e4c8ed8b43a2317f63) Importer(2089858483,b0f066a214c2f5e87bad3c948f4d605d) (ScriptedImporter) -> (artifact id: 'cc54fa0aa402e11b08f41ecd6391160a') in 0.001690166 seconds
Number of updated asset objects reloaded before import = 0Number of asset objects unloaded after import = 1

========================================================================
Received Import Request.
  Time since last request: 0.000047 seconds.
  path: Assets/Prefabs/Rooms/RoomsMaterials/Material.034 1.mat
  artifactKey: Guid(79745a09f5bae4eed9e07a3e4dae77b5) Importer(2089858483,b0f066a214c2f5e87bad3c948f4d605d)
Start importing Assets/Prefabs/Rooms/RoomsMaterials/Material.034 1.mat using Guid(79745a09f5bae4eed9e07a3e4dae77b5) Importer(2089858483,b0f066a214c2f5e87bad3c948f4d605d) (ScriptedImporter) -> (artifact id: 'ea39ae0eb00d442167db004a5a496425') in 0.0015955 seconds
Number of updated asset objects reloaded before import = 0Number of asset objects unloaded after import = 1

========================================================================
Received Import Request.
  Time since last request: 0.000125 seconds.
  path: Assets/Prefabs/Rooms/RoomsMaterials/Material.038.mat
  artifactKey: Guid(09e8387e63d4b4f8281f535194d213f1) Importer(2089858483,b0f066a214c2f5e87bad3c948f4d605d)
Start importing Assets/Prefabs/Rooms/RoomsMaterials/Material.038.mat using Guid(09e8387e63d4b4f8281f535194d213f1) Importer(2089858483,b0f066a214c2f5e87bad3c948f4d605d) (ScriptedImporter) -> (artifact id: '25b35542beb5ee4cc3193f55509fe49a') in 0.0019075 seconds
Number of updated asset objects reloaded before import = 0Number of asset objects unloaded after import = 1

========================================================================
Received Import Request.
  Time since last request: 0.000033 seconds.
  path: Assets/Prefabs/Rooms/RoomsMaterials/Material.056 1.mat
  artifactKey: Guid(5212e1e2c1d804fbda37929be771e05f) Importer(2089858483,b0f066a214c2f5e87bad3c948f4d605d)
Start importing Assets/Prefabs/Rooms/RoomsMaterials/Material.056 1.mat using Guid(5212e1e2c1d804fbda37929be771e05f) Importer(2089858483,b0f066a214c2f5e87bad3c948f4d605d) (ScriptedImporter) -> (artifact id: '7bb74fd4583de8cf86e9634ed6113ac9') in 0.001619834 seconds
Number of updated asset objects reloaded before import = 0Number of asset objects unloaded after import = 1

========================================================================
Received Import Request.
  Time since last request: 0.000031 seconds.
  path: Assets/Prefabs/Rooms/RoomsMaterials/M_tablet_side 2.mat
  artifactKey: Guid(b6181d5e8cd2541b2aecaacc9153305a) Importer(2089858483,b0f066a214c2f5e87bad3c948f4d605d)
Start importing Assets/Prefabs/Rooms/RoomsMaterials/M_tablet_side 2.mat using Guid(b6181d5e8cd2541b2aecaacc9153305a) Importer(2089858483,b0f066a214c2f5e87bad3c948f4d605d) (ScriptedImporter) -> (artifact id: '89ace7123aa968b73fcd5ac4d475e3d2') in 0.001594125 seconds
Number of updated asset objects reloaded before import = 0Number of asset objects unloaded after import = 1

========================================================================
Received Import Request.
  Time since last request: 0.000096 seconds.
  path: Assets/Prefabs/Rooms/RoomsMaterials/M_sofa_long.001 2.mat
  artifactKey: Guid(6ee7952eab8124ffdbd8b31f667033c0) Importer(2089858483,b0f066a214c2f5e87bad3c948f4d605d)
Start importing Assets/Prefabs/Rooms/RoomsMaterials/M_sofa_long.001 2.mat using Guid(6ee7952eab8124ffdbd8b31f667033c0) Importer(2089858483,b0f066a214c2f5e87bad3c948f4d605d) (ScriptedImporter) -> (artifact id: 'ce6ef09d933f3150c42e45c8424e01e4') in 0.001359458 seconds
Number of updated asset objects reloaded before import = 0Number of asset objects unloaded after import = 1

========================================================================
Received Import Request.
  Time since last request: 0.000058 seconds.
  path: Assets/Prefabs/Rooms/RoomsMaterials/Material.013.mat
  artifactKey: Guid(8e23d2a7d00234cb98df81f438b75489) Importer(2089858483,b0f066a214c2f5e87bad3c948f4d605d)
Start importing Assets/Prefabs/Rooms/RoomsMaterials/Material.013.mat using Guid(8e23d2a7d00234cb98df81f438b75489) Importer(2089858483,b0f066a214c2f5e87bad3c948f4d605d) (ScriptedImporter) -> (artifact id: '624949b7f91690e1d3ee4df8ea150c75') in 0.001353125 seconds
Number of updated asset objects reloaded before import = 0Number of asset objects unloaded after import = 1

========================================================================
Received Import Request.
  Time since last request: 0.000026 seconds.
  path: Assets/Prefabs/Rooms/RoomsMaterials/Material.036 2.mat
  artifactKey: Guid(e52c2223daaec44ccbc814833073086e) Importer(2089858483,b0f066a214c2f5e87bad3c948f4d605d)
Start importing Assets/Prefabs/Rooms/RoomsMaterials/Material.036 2.mat using Guid(e52c2223daaec44ccbc814833073086e) Importer(2089858483,b0f066a214c2f5e87bad3c948f4d605d) (ScriptedImporter) -> (artifact id: '9a272fd130db65a3adf7190685711336') in 0.001138959 seconds
Number of updated asset objects reloaded before import = 0Number of asset objects unloaded after import = 1

========================================================================
Received Import Request.
  Time since last request: 0.000040 seconds.
  path: Assets/Prefabs/Rooms/RoomsMaterials/M_tea.mat
  artifactKey: Guid(e0398f7e896224400b1ab59eaac32043) Importer(2089858483,b0f066a214c2f5e87bad3c948f4d605d)
Start importing Assets/Prefabs/Rooms/RoomsMaterials/M_tea.mat using Guid(e0398f7e896224400b1ab59eaac32043) Importer(2089858483,b0f066a214c2f5e87bad3c948f4d605d) (ScriptedImporter) -> (artifact id: '1101b69bbc8320a910208ced8ce022fc') in 0.001160833 seconds
Number of updated asset objects reloaded before import = 0Number of asset objects unloaded after import = 1

========================================================================
Received Import Request.
  Time since last request: 0.000155 seconds.
  path: Assets/Prefabs/Rooms/RoomsMaterials/Material.024 1.mat
  artifactKey: Guid(7b59a9885d68649b3b93dc155487f0d3) Importer(2089858483,b0f066a214c2f5e87bad3c948f4d605d)
Start importing Assets/Prefabs/Rooms/RoomsMaterials/Material.024 1.mat using Guid(7b59a9885d68649b3b93dc155487f0d3) Importer(2089858483,b0f066a214c2f5e87bad3c948f4d605d) (ScriptedImporter) -> (artifact id: '3e28d1202264b3ef568674d42743691d') in 0.001501958 seconds
Number of updated asset objects reloaded before import = 0Number of asset objects unloaded after import = 1

========================================================================
Received Import Request.
  Time since last request: 0.000079 seconds.
  path: Assets/Prefabs/Rooms/RoomsMaterials/Material.001 2.mat
  artifactKey: Guid(f76ac6681a025497184d4e5661ceaf88) Importer(2089858483,b0f066a214c2f5e87bad3c948f4d605d)
Start importing Assets/Prefabs/Rooms/RoomsMaterials/Material.001 2.mat using Guid(f76ac6681a025497184d4e5661ceaf88) Importer(2089858483,b0f066a214c2f5e87bad3c948f4d605d) (ScriptedImporter) -> (artifact id: 'dcaf0bc4165138e77339e6b4cfb9231c') in 0.002310208 seconds
Number of updated asset objects reloaded before import = 0Number of asset objects unloaded after import = 1

========================================================================
Received Import Request.
  Time since last request: 0.000027 seconds.
  path: Assets/Prefabs/Rooms/RoomsMaterials/Material.004 2.mat
  artifactKey: Guid(55f9ced1369b440a7962f6b407bf2b14) Importer(2089858483,b0f066a214c2f5e87bad3c948f4d605d)
Start importing Assets/Prefabs/Rooms/RoomsMaterials/Material.004 2.mat using Guid(55f9ced1369b440a7962f6b407bf2b14) Importer(2089858483,b0f066a214c2f5e87bad3c948f4d605d) (ScriptedImporter) -> (artifact id: '2192730e83153bd26bb37f4d65d91656') in 0.001321834 seconds
Number of updated asset objects reloaded before import = 0Number of asset objects unloaded after import = 1

========================================================================
Received Import Request.
  Time since last request: 0.000107 seconds.
  path: Assets/Prefabs/Rooms/RoomsMaterials/M_sunflower_leaves 1.mat
  artifactKey: Guid(d96829173de8a43f3b622dcea9e6747c) Importer(2089858483,b0f066a214c2f5e87bad3c948f4d605d)
Start importing Assets/Prefabs/Rooms/RoomsMaterials/M_sunflower_leaves 1.mat using Guid(d96829173de8a43f3b622dcea9e6747c) Importer(2089858483,b0f066a214c2f5e87bad3c948f4d605d) (ScriptedImporter) -> (artifact id: 'c513350f38081a382f7fbd0452a55f9c') in 0.00144 seconds
Number of updated asset objects reloaded before import = 0Number of asset objects unloaded after import = 1

========================================================================
Received Import Request.
  Time since last request: 0.000076 seconds.
  path: Assets/Prefabs/Rooms/RoomsMaterials/Material.017 2.mat
  artifactKey: Guid(802b2c37b339041eebfc3b037d455119) Importer(2089858483,b0f066a214c2f5e87bad3c948f4d605d)
Start importing Assets/Prefabs/Rooms/RoomsMaterials/Material.017 2.mat using Guid(802b2c37b339041eebfc3b037d455119) Importer(2089858483,b0f066a214c2f5e87bad3c948f4d605d) (ScriptedImporter) -> (artifact id: 'a5c58abfae3e8ff8ca7c3d9b5f688888') in 0.001484 seconds
Number of updated asset objects reloaded before import = 0Number of asset objects unloaded after import = 1

========================================================================
Received Import Request.
  Time since last request: 0.000080 seconds.
  path: Assets/Prefabs/Rooms/RoomsMaterials/Material.032 2.mat
  artifactKey: Guid(ae1d9c2a0c0cb41439062c58ca5053ee) Importer(2089858483,b0f066a214c2f5e87bad3c948f4d605d)
Start importing Assets/Prefabs/Rooms/RoomsMaterials/Material.032 2.mat using Guid(ae1d9c2a0c0cb41439062c58ca5053ee) Importer(2089858483,b0f066a214c2f5e87bad3c948f4d605d) (ScriptedImporter) -> (artifact id: '1abcf35c6485c018b4633d8893e49a9a') in 0.001481042 seconds
Number of updated asset objects reloaded before import = 0Number of asset objects unloaded after import = 1

========================================================================
Received Import Request.
  Time since last request: 0.000081 seconds.
  path: Assets/Prefabs/Rooms/RoomsMaterials/M_towel.mat
  artifactKey: Guid(563bed2e0ef97476d95991cb74909f42) Importer(2089858483,b0f066a214c2f5e87bad3c948f4d605d)
Start importing Assets/Prefabs/Rooms/RoomsMaterials/M_towel.mat using Guid(563bed2e0ef97476d95991cb74909f42) Importer(2089858483,b0f066a214c2f5e87bad3c948f4d605d) (ScriptedImporter) -> (artifact id: '5edf382d9c8f27149292b3f8e333cf48') in 0.001577709 seconds
Number of updated asset objects reloaded before import = 0Number of asset objects unloaded after import = 1

========================================================================
Received Import Request.
  Time since last request: 0.000062 seconds.
  path: Assets/Prefabs/Rooms/RoomsMaterials/Material.026 1.mat
  artifactKey: Guid(365fcead47b4249b9a5a533ffe51c2eb) Importer(2089858483,b0f066a214c2f5e87bad3c948f4d605d)
Start importing Assets/Prefabs/Rooms/RoomsMaterials/Material.026 1.mat using Guid(365fcead47b4249b9a5a533ffe51c2eb) Importer(2089858483,b0f066a214c2f5e87bad3c948f4d605d) (ScriptedImporter) -> (artifact id: 'bf82f86f87ba61e7ae87bd4c0fdc56d2') in 0.0018255 seconds
Number of updated asset objects reloaded before import = 0Number of asset objects unloaded after import = 1

========================================================================
Received Import Request.
  Time since last request: 0.000023 seconds.
  path: Assets/Prefabs/Rooms/RoomsMaterials/Material.008 2.mat
  artifactKey: Guid(83816ac70b5c64159bce270195f7221a) Importer(2089858483,b0f066a214c2f5e87bad3c948f4d605d)
Start importing Assets/Prefabs/Rooms/RoomsMaterials/Material.008 2.mat using Guid(83816ac70b5c64159bce270195f7221a) Importer(2089858483,b0f066a214c2f5e87bad3c948f4d605d) (ScriptedImporter) -> (artifact id: '6d3d5f589bfb04af659d942355dc1a0b') in 0.001491084 seconds
Number of updated asset objects reloaded before import = 0Number of asset objects unloaded after import = 1

========================================================================
Received Import Request.
  Time since last request: 0.000156 seconds.
  path: Assets/Prefabs/Rooms/RoomsMaterials/Material.030.mat
  artifactKey: Guid(b09deab92767944d0b9e6ddd63eea714) Importer(2089858483,b0f066a214c2f5e87bad3c948f4d605d)
Start importing Assets/Prefabs/Rooms/RoomsMaterials/Material.030.mat using Guid(b09deab92767944d0b9e6ddd63eea714) Importer(2089858483,b0f066a214c2f5e87bad3c948f4d605d) (ScriptedImporter) -> (artifact id: '9b690c723c8d3daa70c9062c6d1855d5') in 0.001413334 seconds
Number of updated asset objects reloaded before import = 0Number of asset objects unloaded after import = 1

========================================================================
Received Import Request.
  Time since last request: 0.000177 seconds.
  path: Assets/Prefabs/Rooms/RoomsMaterials/Material.019 2.mat
  artifactKey: Guid(74f8b76259ea6463d8a8a8ab6d085cb4) Importer(2089858483,b0f066a214c2f5e87bad3c948f4d605d)
Start importing Assets/Prefabs/Rooms/RoomsMaterials/Material.019 2.mat using Guid(74f8b76259ea6463d8a8a8ab6d085cb4) Importer(2089858483,b0f066a214c2f5e87bad3c948f4d605d) (ScriptedImporter) -> (artifact id: '4dca2267a3b96e29420577b60cdcfb8a') in 0.001640375 seconds
Number of updated asset objects reloaded before import = 0Number of asset objects unloaded after import = 1

========================================================================
Received Import Request.
  Time since last request: 0.000024 seconds.
  path: Assets/Prefabs/Rooms/RoomsMaterials/M_pot_flower.mat
  artifactKey: Guid(fd75b1568ffc5432e82023908b6eec7d) Importer(2089858483,b0f066a214c2f5e87bad3c948f4d605d)
Start importing Assets/Prefabs/Rooms/RoomsMaterials/M_pot_flower.mat using Guid(fd75b1568ffc5432e82023908b6eec7d) Importer(2089858483,b0f066a214c2f5e87bad3c948f4d605d) (ScriptedImporter) -> (artifact id: '274e59b4978882ac2ef5d0643af3758b') in 0.001240709 seconds
Number of updated asset objects reloaded before import = 0Number of asset objects unloaded after import = 1

========================================================================
Received Import Request.
  Time since last request: 0.000114 seconds.
  path: Assets/Prefabs/Rooms/RoomsMaterials/M_towel 1.mat
  artifactKey: Guid(40c6616bdae83498489b0b1c292517b8) Importer(2089858483,b0f066a214c2f5e87bad3c948f4d605d)
Start importing Assets/Prefabs/Rooms/RoomsMaterials/M_towel 1.mat using Guid(40c6616bdae83498489b0b1c292517b8) Importer(2089858483,b0f066a214c2f5e87bad3c948f4d605d) (ScriptedImporter) -> (artifact id: '59e9d6378264332452099610c913743b') in 0.001297667 seconds
Number of updated asset objects reloaded before import = 0Number of asset objects unloaded after import = 1

========================================================================
Received Import Request.
  Time since last request: 0.000098 seconds.
  path: Assets/Prefabs/Rooms/RoomsMaterials/Material.045 1.mat
  artifactKey: Guid(9f863bae722ea4c58a97e05b15cfa164) Importer(2089858483,b0f066a214c2f5e87bad3c948f4d605d)
Start importing Assets/Prefabs/Rooms/RoomsMaterials/Material.045 1.mat using Guid(9f863bae722ea4c58a97e05b15cfa164) Importer(2089858483,b0f066a214c2f5e87bad3c948f4d605d) (ScriptedImporter) -> (artifact id: '6cfbfa4d205541875fc7eff682fe6d06') in 0.001732833 seconds
Number of updated asset objects reloaded before import = 0Number of asset objects unloaded after import = 1

========================================================================
Received Import Request.
  Time since last request: 0.000134 seconds.
  path: Assets/Prefabs/Rooms/RoomsMaterials/Material.045.mat
  artifactKey: Guid(477fac928f81140f0935610cd2adad2a) Importer(2089858483,b0f066a214c2f5e87bad3c948f4d605d)
Start importing Assets/Prefabs/Rooms/RoomsMaterials/Material.045.mat using Guid(477fac928f81140f0935610cd2adad2a) Importer(2089858483,b0f066a214c2f5e87bad3c948f4d605d) (ScriptedImporter) -> (artifact id: 'e63acc144609eadc52b205c3b4cb9b69') in 0.001821375 seconds
Number of updated asset objects reloaded before import = 0Number of asset objects unloaded after import = 1

========================================================================
Received Import Request.
  Time since last request: 0.000044 seconds.
  path: Assets/Prefabs/Rooms/RoomsMaterials/Material.011 2.mat
  artifactKey: Guid(c9d6611099a7d4633a73682e5fab88c1) Importer(2089858483,b0f066a214c2f5e87bad3c948f4d605d)
Start importing Assets/Prefabs/Rooms/RoomsMaterials/Material.011 2.mat using Guid(c9d6611099a7d4633a73682e5fab88c1) Importer(2089858483,b0f066a214c2f5e87bad3c948f4d605d) (ScriptedImporter) -> (artifact id: '81380995b1ad255bb3e9ec8769b2fb7b') in 0.001841958 seconds
Number of updated asset objects reloaded before import = 0Number of asset objects unloaded after import = 1

========================================================================
Received Import Request.
  Time since last request: 0.000140 seconds.
  path: Assets/Prefabs/Rooms/RoomsMaterials/M_table_coffee 2.mat
  artifactKey: Guid(73c8fb785a0da4f0f9c6ce24c34330b9) Importer(2089858483,b0f066a214c2f5e87bad3c948f4d605d)
Start importing Assets/Prefabs/Rooms/RoomsMaterials/M_table_coffee 2.mat using Guid(73c8fb785a0da4f0f9c6ce24c34330b9) Importer(2089858483,b0f066a214c2f5e87bad3c948f4d605d) (ScriptedImporter) -> (artifact id: '1103f9c0eb37ffe693266a96b7b13483') in 0.001502833 seconds
Number of updated asset objects reloaded before import = 0Number of asset objects unloaded after import = 1

========================================================================
Received Import Request.
  Time since last request: 0.547575 seconds.
  path: Assets/Prefabs/Rooms/RoomsMaterials/Material.059 2.mat
  artifactKey: Guid(04f6930a2f6624d88872e201e68d7fb6) Importer(2089858483,b0f066a214c2f5e87bad3c948f4d605d)
Start importing Assets/Prefabs/Rooms/RoomsMaterials/Material.059 2.mat using Guid(04f6930a2f6624d88872e201e68d7fb6) Importer(2089858483,b0f066a214c2f5e87bad3c948f4d605d) (ScriptedImporter) -> (artifact id: 'dfc908d8b7ae45a0d83c5f13e9511e87') in 0.001590792 seconds
Number of updated asset objects reloaded before import = 0Number of asset objects unloaded after import = 1

========================================================================
Received Import Request.
  Time since last request: 0.000047 seconds.
  path: Assets/Prefabs/Rooms/RoomsMaterials/Material.077 2.mat
  artifactKey: Guid(31c8afddf42264211b15e30b37de9158) Importer(2089858483,b0f066a214c2f5e87bad3c948f4d605d)
Start importing Assets/Prefabs/Rooms/RoomsMaterials/Material.077 2.mat using Guid(31c8afddf42264211b15e30b37de9158) Importer(2089858483,b0f066a214c2f5e87bad3c948f4d605d) (ScriptedImporter) -> (artifact id: '4f7d3e7bd14d7e7f89db31f3001d0acd') in 0.001002083 seconds
Number of updated asset objects reloaded before import = 0Number of asset objects unloaded after import = 1

========================================================================
Received Import Request.
  Time since last request: 0.000112 seconds.
  path: Assets/Scripts/Networks/Protocols/DNS.cs
  artifactKey: Guid(e9e433dcd1acc4b679db6ebea14404d9) Importer(2089858483,b0f066a214c2f5e87bad3c948f4d605d)
Start importing Assets/Scripts/Networks/Protocols/DNS.cs using Guid(e9e433dcd1acc4b679db6ebea14404d9) Importer(2089858483,b0f066a214c2f5e87bad3c948f4d605d) (ScriptedImporter) -> (artifact id: '16670c359aa9019a25a83c354f4a9e12') in 0.000964166 seconds
Number of updated asset objects reloaded before import = 0Number of asset objects unloaded after import = 0

========================================================================
Received Import Request.
  Time since last request: 0.000082 seconds.
  path: Assets/Prefabs/Rooms/RoomsMaterials/comp_desk_1remote 2.mat
  artifactKey: Guid(79cb2374e95cb40c7980c81e2c076075) Importer(2089858483,b0f066a214c2f5e87bad3c948f4d605d)
Start importing Assets/Prefabs/Rooms/RoomsMaterials/comp_desk_1remote 2.mat using Guid(79cb2374e95cb40c7980c81e2c076075) Importer(2089858483,b0f066a214c2f5e87bad3c948f4d605d) (ScriptedImporter) -> (artifact id: 'bdd09b67b4a9d32ac4fcef2b271980d8') in 0.001593666 seconds
Number of updated asset objects reloaded before import = 0Number of asset objects unloaded after import = 1

========================================================================
Received Import Request.
  Time since last request: 0.000038 seconds.
  path: Assets/Prefabs/Rooms/RoomsMaterials/Material_51 1.mat
  artifactKey: Guid(d4f5f030ababa4055aa454d932e3934e) Importer(2089858483,b0f066a214c2f5e87bad3c948f4d605d)
Start importing Assets/Prefabs/Rooms/RoomsMaterials/Material_51 1.mat using Guid(d4f5f030ababa4055aa454d932e3934e) Importer(2089858483,b0f066a214c2f5e87bad3c948f4d605d) (ScriptedImporter) -> (artifact id: 'b2aa6d622014ee735798c06751f71080') in 0.002293375 seconds
Number of updated asset objects reloaded before import = 0Number of asset objects unloaded after import = 1

========================================================================
Received Import Request.
  Time since last request: 0.000037 seconds.
  path: Assets/Prefabs/Rooms/RoomsMaterials/comp_desk_remote 2.mat
  artifactKey: Guid(8581d7af68df9428aadbf671f51de466) Importer(2089858483,b0f066a214c2f5e87bad3c948f4d605d)
Start importing Assets/Prefabs/Rooms/RoomsMaterials/comp_desk_remote 2.mat using Guid(8581d7af68df9428aadbf671f51de466) Importer(2089858483,b0f066a214c2f5e87bad3c948f4d605d) (ScriptedImporter) -> (artifact id: 'f191fb343bad64d1167b699bff90792f') in 0.001111208 seconds
Number of updated asset objects reloaded before import = 0Number of asset objects unloaded after import = 1

========================================================================
Received Import Request.
  Time since last request: 0.000047 seconds.
  path: Assets/Prefabs/Rooms/RoomsMaterials/Material.062.mat
  artifactKey: Guid(5b1f74b5352874326970dd33f73e7bde) Importer(2089858483,b0f066a214c2f5e87bad3c948f4d605d)
Start importing Assets/Prefabs/Rooms/RoomsMaterials/Material.062.mat using Guid(5b1f74b5352874326970dd33f73e7bde) Importer(2089858483,b0f066a214c2f5e87bad3c948f4d605d) (ScriptedImporter) -> (artifact id: '1f2287dc12ad3284316619d535500df6') in 0.001504 seconds
Number of updated asset objects reloaded before import = 0Number of asset objects unloaded after import = 1

========================================================================
Received Import Request.
  Time since last request: 0.000106 seconds.
  path: Assets/Prefabs/Rooms/RoomsMaterials/Material.078.mat
  artifactKey: Guid(3554d17d870be4fe19186e07ad02da24) Importer(2089858483,b0f066a214c2f5e87bad3c948f4d605d)
Start importing Assets/Prefabs/Rooms/RoomsMaterials/Material.078.mat using Guid(3554d17d870be4fe19186e07ad02da24) Importer(2089858483,b0f066a214c2f5e87bad3c948f4d605d) (ScriptedImporter) -> (artifact id: '2a33df711ff4ce9afba3382314ea52ba') in 0.001692167 seconds
Number of updated asset objects reloaded before import = 0Number of asset objects unloaded after import = 1

========================================================================
Received Import Request.
  Time since last request: 0.000101 seconds.
  path: Assets/Prefabs/Rooms/RoomsMaterials/comp_desk_1remote.mat
  artifactKey: Guid(66c884940d3a04063ac0e9e51d497a1a) Importer(2089858483,b0f066a214c2f5e87bad3c948f4d605d)
Start importing Assets/Prefabs/Rooms/RoomsMaterials/comp_desk_1remote.mat using Guid(66c884940d3a04063ac0e9e51d497a1a) Importer(2089858483,b0f066a214c2f5e87bad3c948f4d605d) (ScriptedImporter) -> (artifact id: '512566331f1e4017fc33a3f821f0a7d7') in 0.001652375 seconds
Number of updated asset objects reloaded before import = 0Number of asset objects unloaded after import = 1

========================================================================
Received Import Request.
  Time since last request: 0.000025 seconds.
  path: Assets/Prefabs/Rooms/RoomsMaterials/Material_72 1.mat
  artifactKey: Guid(5aa5c4fab232e4a20887c66931c4d4c1) Importer(2089858483,b0f066a214c2f5e87bad3c948f4d605d)
Start importing Assets/Prefabs/Rooms/RoomsMaterials/Material_72 1.mat using Guid(5aa5c4fab232e4a20887c66931c4d4c1) Importer(2089858483,b0f066a214c2f5e87bad3c948f4d605d) (ScriptedImporter) -> (artifact id: '08622783f2ec10ee34a1e7d4dbd311d4') in 0.001143 seconds
Number of updated asset objects reloaded before import = 0Number of asset objects unloaded after import = 1

========================================================================
Received Import Request.
  Time since last request: 0.000023 seconds.
  path: Assets/Sprites/LoadScenes/scen 1/Безымянный-20007.png
  artifactKey: Guid(a1bd3aa57d76f447ba115306218521a7) Importer(2089858483,b0f066a214c2f5e87bad3c948f4d605d)
Start importing Assets/Sprites/LoadScenes/scen 1/Безымянный-20007.png using Guid(a1bd3aa57d76f447ba115306218521a7) Importer(2089858483,b0f066a214c2f5e87bad3c948f4d605d) (ScriptedImporter) -> (artifact id: 'fc36b5ac174677ea70ee08e14371eb4d') in 0.004613959 seconds
Number of updated asset objects reloaded before import = 0Number of asset objects unloaded after import = 3

========================================================================
Received Import Request.
  Time since last request: 0.000042 seconds.
  path: Assets/Scripts/Networks/Base/IPAddress.cs
  artifactKey: Guid(8b2202b5b7b484b4f81c7ced612b74d5) Importer(2089858483,b0f066a214c2f5e87bad3c948f4d605d)
Start importing Assets/Scripts/Networks/Base/IPAddress.cs using Guid(8b2202b5b7b484b4f81c7ced612b74d5) Importer(2089858483,b0f066a214c2f5e87bad3c948f4d605d) (ScriptedImporter) -> (artifact id: 'd649fec28280140d92ffee58c1011f40') in 0.001197667 seconds
Number of updated asset objects reloaded before import = 0Number of asset objects unloaded after import = 0

========================================================================
Received Import Request.
  Time since last request: 0.000032 seconds.
  path: Assets/Prefabs/Rooms/RoomsMaterials/Material.073 2.mat
  artifactKey: Guid(9c28e0fee693844fbb723cadd1edbd49) Importer(2089858483,b0f066a214c2f5e87bad3c948f4d605d)
Start importing Assets/Prefabs/Rooms/RoomsMaterials/Material.073 2.mat using Guid(9c28e0fee693844fbb723cadd1edbd49) Importer(2089858483,b0f066a214c2f5e87bad3c948f4d605d) (ScriptedImporter) -> (artifact id: '05040109d41b76c75cd81cb7cd59c79f') in 0.001164209 seconds
Number of updated asset objects reloaded before import = 0Number of asset objects unloaded after import = 1

========================================================================
Received Import Request.
  Time since last request: 0.000026 seconds.
  path: Assets/Prefabs/Rooms/RoomsMaterials/Material.099 2.mat
  artifactKey: Guid(94cc322e7c353490c831f877f8b907e9) Importer(2089858483,b0f066a214c2f5e87bad3c948f4d605d)
Start importing Assets/Prefabs/Rooms/RoomsMaterials/Material.099 2.mat using Guid(94cc322e7c353490c831f877f8b907e9) Importer(2089858483,b0f066a214c2f5e87bad3c948f4d605d) (ScriptedImporter) -> (artifact id: '99677f33ed384264df3bd0854faa5e9f') in 0.001025125 seconds
Number of updated asset objects reloaded before import = 0Number of asset objects unloaded after import = 1

========================================================================
Received Import Request.
  Time since last request: 0.000069 seconds.
  path: Assets/Prefabs/Rooms/RoomsMaterials/light.001 1.mat
  artifactKey: Guid(e31ac121d81d04db6be962c59f5ec5c4) Importer(2089858483,b0f066a214c2f5e87bad3c948f4d605d)
Start importing Assets/Prefabs/Rooms/RoomsMaterials/light.001 1.mat using Guid(e31ac121d81d04db6be962c59f5ec5c4) Importer(2089858483,b0f066a214c2f5e87bad3c948f4d605d) (ScriptedImporter) -> (artifact id: '3038c23cf000e835e57569cab637751f') in 0.001555959 seconds
Number of updated asset objects reloaded before import = 0Number of asset objects unloaded after import = 1

========================================================================
Received Import Request.
  Time since last request: 0.000106 seconds.
  path: Assets/Prefabs/Rooms/RoomsMaterials/chair_top.002 2.mat
  artifactKey: Guid(dda2cc9c7c4d1464f9f6bb887d0d880b) Importer(2089858483,b0f066a214c2f5e87bad3c948f4d605d)
Start importing Assets/Prefabs/Rooms/RoomsMaterials/chair_top.002 2.mat using Guid(dda2cc9c7c4d1464f9f6bb887d0d880b) Importer(2089858483,b0f066a214c2f5e87bad3c948f4d605d) (ScriptedImporter) -> (artifact id: '81d5f91fb423dfa93ca745a3fdde971c') in 0.001408625 seconds
Number of updated asset objects reloaded before import = 0Number of asset objects unloaded after import = 1

========================================================================
Received Import Request.
  Time since last request: 0.000056 seconds.
  path: Assets/Prefabs/Rooms/RoomsMaterials/Material.065.mat
  artifactKey: Guid(07b4ae24decb847b7903bbfea38c95be) Importer(2089858483,b0f066a214c2f5e87bad3c948f4d605d)
Start importing Assets/Prefabs/Rooms/RoomsMaterials/Material.065.mat using Guid(07b4ae24decb847b7903bbfea38c95be) Importer(2089858483,b0f066a214c2f5e87bad3c948f4d605d) (ScriptedImporter) -> (artifact id: '8292574d683c52fe084dd91d265cf949') in 0.001412166 seconds
Number of updated asset objects reloaded before import = 0Number of asset objects unloaded after import = 1

========================================================================
Received Import Request.
  Time since last request: 0.000018 seconds.
  path: Assets/Prefabs/Rooms/RoomsMaterials/lamp_metal 2.mat
  artifactKey: Guid(47fd56c8517934077835aec85ec66cff) Importer(2089858483,b0f066a214c2f5e87bad3c948f4d605d)
Start importing Assets/Prefabs/Rooms/RoomsMaterials/lamp_metal 2.mat using Guid(47fd56c8517934077835aec85ec66cff) Importer(2089858483,b0f066a214c2f5e87bad3c948f4d605d) (ScriptedImporter) -> (artifact id: '44d4320812b3736f21fe283024a6414f') in 0.001076041 seconds
Number of updated asset objects reloaded before import = 0Number of asset objects unloaded after import = 1

========================================================================
Received Import Request.
  Time since last request: 0.000147 seconds.
  path: Assets/Prefabs/Rooms/RoomsMaterials/Material.082 2.mat
  artifactKey: Guid(23e73de96e6fc44bda93bee7c078c091) Importer(2089858483,b0f066a214c2f5e87bad3c948f4d605d)
Start importing Assets/Prefabs/Rooms/RoomsMaterials/Material.082 2.mat using Guid(23e73de96e6fc44bda93bee7c078c091) Importer(2089858483,b0f066a214c2f5e87bad3c948f4d605d) (ScriptedImporter) -> (artifact id: '691f018aeedd85b55014a493c678a461') in 0.001451458 seconds
Number of updated asset objects reloaded before import = 0Number of asset objects unloaded after import = 1

========================================================================
Received Import Request.
  Time since last request: 0.000032 seconds.
  path: Assets/Prefabs/Rooms/RoomsMaterials/ROGTRANSPARENT.mat
  artifactKey: Guid(443cca9557ff14143a823ea1b243bdfa) Importer(2089858483,b0f066a214c2f5e87bad3c948f4d605d)
Start importing Assets/Prefabs/Rooms/RoomsMaterials/ROGTRANSPARENT.mat using Guid(443cca9557ff14143a823ea1b243bdfa) Importer(2089858483,b0f066a214c2f5e87bad3c948f4d605d) (ScriptedImporter) -> (artifact id: '1dbf14caf4cc24b154435d062a5c6868') in 0.001557666 seconds
Number of updated asset objects reloaded before import = 0Number of asset objects unloaded after import = 1

========================================================================
Received Import Request.
  Time since last request: 0.000166 seconds.
  path: Assets/Prefabs/Rooms/RoomsMaterials/comp_desk_button 1.mat
  artifactKey: Guid(e47fbfa097d7e4cbfad1784adebf3a87) Importer(2089858483,b0f066a214c2f5e87bad3c948f4d605d)
Start importing Assets/Prefabs/Rooms/RoomsMaterials/comp_desk_button 1.mat using Guid(e47fbfa097d7e4cbfad1784adebf3a87) Importer(2089858483,b0f066a214c2f5e87bad3c948f4d605d) (ScriptedImporter) -> (artifact id: '1d2217413b1db9afd44dbc1f998b4930') in 0.001399166 seconds
Number of updated asset objects reloaded before import = 0Number of asset objects unloaded after import = 1

========================================================================
Received Import Request.
  Time since last request: 0.000061 seconds.
  path: Assets/Prefabs/Rooms/RoomsMaterials/Material.071 1.mat
  artifactKey: Guid(6127a8b914d5f49f58502505b8a7fd5b) Importer(2089858483,b0f066a214c2f5e87bad3c948f4d605d)
Start importing Assets/Prefabs/Rooms/RoomsMaterials/Material.071 1.mat using Guid(6127a8b914d5f49f58502505b8a7fd5b) Importer(2089858483,b0f066a214c2f5e87bad3c948f4d605d) (ScriptedImporter) -> (artifact id: '2cc92162497c6ed39da3af2c5b6e4c6f') in 0.002099333 seconds
Number of updated asset objects reloaded before import = 0Number of asset objects unloaded after import = 1

========================================================================
Received Import Request.
  Time since last request: 0.000026 seconds.
  path: Assets/Prefabs/Rooms/RoomsMaterials/Material.092.mat
  artifactKey: Guid(5ff8081daa13445529dbf2c3fd574651) Importer(2089858483,b0f066a214c2f5e87bad3c948f4d605d)
Start importing Assets/Prefabs/Rooms/RoomsMaterials/Material.092.mat using Guid(5ff8081daa13445529dbf2c3fd574651) Importer(2089858483,b0f066a214c2f5e87bad3c948f4d605d) (ScriptedImporter) -> (artifact id: '757059733d702abc28ca42f6934a97af') in 0.0012735 seconds
Number of updated asset objects reloaded before import = 0Number of asset objects unloaded after import = 1

========================================================================
Received Import Request.
  Time since last request: 0.000066 seconds.
  path: Assets/Prefabs/Rooms/RoomsMaterials/Material.080.mat
  artifactKey: Guid(f031f7fe38c0642868f735d02bf71b61) Importer(2089858483,b0f066a214c2f5e87bad3c948f4d605d)
Start importing Assets/Prefabs/Rooms/RoomsMaterials/Material.080.mat using Guid(f031f7fe38c0642868f735d02bf71b61) Importer(2089858483,b0f066a214c2f5e87bad3c948f4d605d) (ScriptedImporter) -> (artifact id: '251eb2a317a338f3ad13725d2c29bd57') in 0.001350458 seconds
Number of updated asset objects reloaded before import = 0Number of asset objects unloaded after import = 1

========================================================================
Received Import Request.
  Time since last request: 0.000051 seconds.
  path: Assets/Sprites/LoadScenes/scen 1/Безымянный-20009.png
  artifactKey: Guid(3f550a4b7bf2741d5b507d9ac59b1cf3) Importer(2089858483,b0f066a214c2f5e87bad3c948f4d605d)
Start importing Assets/Sprites/LoadScenes/scen 1/Безымянный-20009.png using Guid(3f550a4b7bf2741d5b507d9ac59b1cf3) Importer(2089858483,b0f066a214c2f5e87bad3c948f4d605d) (ScriptedImporter) -> (artifact id: '4ad05bc9f4cc9928abce6c58f2df7278') in 0.004689542 seconds
Number of updated asset objects reloaded before import = 0Number of asset objects unloaded after import = 3

========================================================================
Received Import Request.
  Time since last request: 0.000025 seconds.
  path: Assets/Prefabs/Rooms/RoomsMaterials/Material.060 2.mat
  artifactKey: Guid(e3d2a171cdbee4a889abddd886b5f2c0) Importer(2089858483,b0f066a214c2f5e87bad3c948f4d605d)
Start importing Assets/Prefabs/Rooms/RoomsMaterials/Material.060 2.mat using Guid(e3d2a171cdbee4a889abddd886b5f2c0) Importer(2089858483,b0f066a214c2f5e87bad3c948f4d605d) (ScriptedImporter) -> (artifact id: 'c1d8a34ebea8ec17c6f329dec642e750') in 0.001404875 seconds
Number of updated asset objects reloaded before import = 0Number of asset objects unloaded after import = 1

========================================================================
Received Import Request.
  Time since last request: 0.000100 seconds.
  path: Assets/Prefabs/Rooms/RoomsMaterials/router_mat 2.mat
  artifactKey: Guid(b2f68959529fc4c1aaa6a01c50145779) Importer(2089858483,b0f066a214c2f5e87bad3c948f4d605d)
Start importing Assets/Prefabs/Rooms/RoomsMaterials/router_mat 2.mat using Guid(b2f68959529fc4c1aaa6a01c50145779) Importer(2089858483,b0f066a214c2f5e87bad3c948f4d605d) (ScriptedImporter) -> (artifact id: 'e1734c23457c2610af0ab07217165042') in 0.00182 seconds
Number of updated asset objects reloaded before import = 0Number of asset objects unloaded after import = 1

========================================================================
Received Import Request.
  Time since last request: 0.000082 seconds.
  path: Assets/Prefabs/Rooms/RoomsMaterials/Material.083 2.mat
  artifactKey: Guid(321f079ec7e1c4a989e6947bc8865492) Importer(2089858483,b0f066a214c2f5e87bad3c948f4d605d)
Start importing Assets/Prefabs/Rooms/RoomsMaterials/Material.083 2.mat using Guid(321f079ec7e1c4a989e6947bc8865492) Importer(2089858483,b0f066a214c2f5e87bad3c948f4d605d) (ScriptedImporter) -> (artifact id: '22fd7cdbd0c8fda19a756e436a6c7d76') in 0.0014225 seconds
Number of updated asset objects reloaded before import = 0Number of asset objects unloaded after import = 1

========================================================================
Received Import Request.
  Time since last request: 0.000043 seconds.
  path: Assets/Prefabs/Rooms/RoomsMaterials/Material.071 2.mat
  artifactKey: Guid(737a0e6c83bc94ac3ab96782a1d967ab) Importer(2089858483,b0f066a214c2f5e87bad3c948f4d605d)
Start importing Assets/Prefabs/Rooms/RoomsMaterials/Material.071 2.mat using Guid(737a0e6c83bc94ac3ab96782a1d967ab) Importer(2089858483,b0f066a214c2f5e87bad3c948f4d605d) (ScriptedImporter) -> (artifact id: 'e89d3f75bdc1eefb74e2be2f83bbed40') in 0.00134 seconds
Number of updated asset objects reloaded before import = 0Number of asset objects unloaded after import = 1

========================================================================
Received Import Request.
  Time since last request: 0.000099 seconds.
  path: Assets/Prefabs/Rooms/RoomsMaterials/Material.100 1.mat
  artifactKey: Guid(351ea5e170a21437daec73afa7850765) Importer(2089858483,b0f066a214c2f5e87bad3c948f4d605d)
Start importing Assets/Prefabs/Rooms/RoomsMaterials/Material.100 1.mat using Guid(351ea5e170a21437daec73afa7850765) Importer(2089858483,b0f066a214c2f5e87bad3c948f4d605d) (ScriptedImporter) -> (artifact id: '70a55b790046e259d84da44ee7157d26') in 0.001693834 seconds
Number of updated asset objects reloaded before import = 0Number of asset objects unloaded after import = 1

========================================================================
Received Import Request.
  Time since last request: 0.000103 seconds.
  path: Assets/Prefabs/Rooms/RoomsMaterials/light_bulb 2.mat
  artifactKey: Guid(752e27335c1ef4774af92192dc62bfd5) Importer(2089858483,b0f066a214c2f5e87bad3c948f4d605d)
Start importing Assets/Prefabs/Rooms/RoomsMaterials/light_bulb 2.mat using Guid(752e27335c1ef4774af92192dc62bfd5) Importer(2089858483,b0f066a214c2f5e87bad3c948f4d605d) (ScriptedImporter) -> (artifact id: '75a0b7dc381c296c47ac05d7d4d8ab6a') in 0.001612292 seconds
Number of updated asset objects reloaded before import = 0Number of asset objects unloaded after import = 1

========================================================================
Received Import Request.
  Time since last request: 0.000025 seconds.
  path: Assets/Prefabs/Rooms/RoomsMaterials/comp_desk_remote 1.mat
  artifactKey: Guid(f98ffc4a7c893498b967a5700aeaddc0) Importer(2089858483,b0f066a214c2f5e87bad3c948f4d605d)
Start importing Assets/Prefabs/Rooms/RoomsMaterials/comp_desk_remote 1.mat using Guid(f98ffc4a7c893498b967a5700aeaddc0) Importer(2089858483,b0f066a214c2f5e87bad3c948f4d605d) (ScriptedImporter) -> (artifact id: '97803076c2eb436a9b4f4ee5d1d90963') in 0.001472583 seconds
Number of updated asset objects reloaded before import = 0Number of asset objects unloaded after import = 1

========================================================================
Received Import Request.
  Time since last request: 0.000098 seconds.
  path: Assets/Prefabs/Rooms/RoomsMaterials/comp_desk_top 1.mat
  artifactKey: Guid(51fe802eb3c884695ba71da195444f94) Importer(2089858483,b0f066a214c2f5e87bad3c948f4d605d)
Start importing Assets/Prefabs/Rooms/RoomsMaterials/comp_desk_top 1.mat using Guid(51fe802eb3c884695ba71da195444f94) Importer(2089858483,b0f066a214c2f5e87bad3c948f4d605d) (ScriptedImporter) -> (artifact id: 'ff023af9ea76cf63fbebfa418cbb97bf') in 0.001393875 seconds
Number of updated asset objects reloaded before import = 0Number of asset objects unloaded after import = 1

========================================================================
Received Import Request.
  Time since last request: 0.000062 seconds.
  path: Assets/Prefabs/Rooms/RoomsMaterials/Material.069.mat
  artifactKey: Guid(65066f4d91b7049428879bb68bd5104a) Importer(2089858483,b0f066a214c2f5e87bad3c948f4d605d)
Start importing Assets/Prefabs/Rooms/RoomsMaterials/Material.069.mat using Guid(65066f4d91b7049428879bb68bd5104a) Importer(2089858483,b0f066a214c2f5e87bad3c948f4d605d) (ScriptedImporter) -> (artifact id: 'edd2cdaf493f1ee32c0061e26a736997') in 0.001718708 seconds
Number of updated asset objects reloaded before import = 0Number of asset objects unloaded after import = 1

========================================================================
Received Import Request.
  Time since last request: 0.000042 seconds.
  path: Assets/Prefabs/Rooms/RoomsMaterials/Material.081 1.mat
  artifactKey: Guid(85a576e5388cd49a2b629f3bd6cab04c) Importer(2089858483,b0f066a214c2f5e87bad3c948f4d605d)
Start importing Assets/Prefabs/Rooms/RoomsMaterials/Material.081 1.mat using Guid(85a576e5388cd49a2b629f3bd6cab04c) Importer(2089858483,b0f066a214c2f5e87bad3c948f4d605d) (ScriptedImporter) -> (artifact id: '7c8500b6cd8649f52d45e887829d24e8') in 0.00114425 seconds
Number of updated asset objects reloaded before import = 0Number of asset objects unloaded after import = 1

========================================================================
Received Import Request.
  Time since last request: 0.000041 seconds.
  path: Assets/Prefabs/Rooms/RoomsMaterials/Material.079 2.mat
  artifactKey: Guid(bfdf9df7007e249d887af82bcbcc21e9) Importer(2089858483,b0f066a214c2f5e87bad3c948f4d605d)
Start importing Assets/Prefabs/Rooms/RoomsMaterials/Material.079 2.mat using Guid(bfdf9df7007e249d887af82bcbcc21e9) Importer(2089858483,b0f066a214c2f5e87bad3c948f4d605d) (ScriptedImporter) -> (artifact id: '1f28fcbf6552338db36ee0fe01fe04d3') in 0.001323667 seconds
Number of updated asset objects reloaded before import = 0Number of asset objects unloaded after import = 1

========================================================================
Received Import Request.
  Time since last request: 0.000095 seconds.
  path: Assets/Prefabs/Rooms/RoomsMaterials/Material_50.mat
  artifactKey: Guid(e5c69a56b61d94fc98605caf255a3c5b) Importer(2089858483,b0f066a214c2f5e87bad3c948f4d605d)
Start importing Assets/Prefabs/Rooms/RoomsMaterials/Material_50.mat using Guid(e5c69a56b61d94fc98605caf255a3c5b) Importer(2089858483,b0f066a214c2f5e87bad3c948f4d605d) (ScriptedImporter) -> (artifact id: '399263897e9a94dbcdefeabd01cbddf7') in 0.001385125 seconds
Number of updated asset objects reloaded before import = 0Number of asset objects unloaded after import = 1

========================================================================
Received Import Request.
  Time since last request: 0.000106 seconds.
  path: Assets/Prefabs/Rooms/RoomsMaterials/Material.091 2.mat
  artifactKey: Guid(a1eced11a950a40ca80908f53d723ba3) Importer(2089858483,b0f066a214c2f5e87bad3c948f4d605d)
Start importing Assets/Prefabs/Rooms/RoomsMaterials/Material.091 2.mat using Guid(a1eced11a950a40ca80908f53d723ba3) Importer(2089858483,b0f066a214c2f5e87bad3c948f4d605d) (ScriptedImporter) -> (artifact id: 'e0782c3317fe81d9f46fd9300b28ca91') in 0.00234475 seconds
Number of updated asset objects reloaded before import = 0Number of asset objects unloaded after import = 1

========================================================================
Received Import Request.
  Time since last request: 0.000022 seconds.
  path: Assets/Prefabs/Rooms/RoomsMaterials/comp_desk.mat
  artifactKey: Guid(88ac0ac4fdc4d4708a69f2ea809e44c2) Importer(2089858483,b0f066a214c2f5e87bad3c948f4d605d)
Start importing Assets/Prefabs/Rooms/RoomsMaterials/comp_desk.mat using Guid(88ac0ac4fdc4d4708a69f2ea809e44c2) Importer(2089858483,b0f066a214c2f5e87bad3c948f4d605d) (ScriptedImporter) -> (artifact id: '994700039ef5711c73e8223cabb6da21') in 0.001135125 seconds
Number of updated asset objects reloaded before import = 0Number of asset objects unloaded after import = 1

========================================================================
Received Import Request.
  Time since last request: 0.000033 seconds.
  path: Assets/Prefabs/Rooms/RoomsMaterials/comp_desk_2remote.mat
  artifactKey: Guid(931c90c5165ef43caac5dae6cbc6cc0e) Importer(2089858483,b0f066a214c2f5e87bad3c948f4d605d)
Start importing Assets/Prefabs/Rooms/RoomsMaterials/comp_desk_2remote.mat using Guid(931c90c5165ef43caac5dae6cbc6cc0e) Importer(2089858483,b0f066a214c2f5e87bad3c948f4d605d) (ScriptedImporter) -> (artifact id: '3afe5d5d78893fc6d8b7f6b1ef0fde3d') in 0.001320625 seconds
Number of updated asset objects reloaded before import = 0Number of asset objects unloaded after import = 1

========================================================================
Received Import Request.
  Time since last request: 0.000092 seconds.
  path: Assets/Prefabs/Rooms/RoomsMaterials/Material.068 2.mat
  artifactKey: Guid(9f796783591784b66a9b0b3ed57a32ec) Importer(2089858483,b0f066a214c2f5e87bad3c948f4d605d)
Start importing Assets/Prefabs/Rooms/RoomsMaterials/Material.068 2.mat using Guid(9f796783591784b66a9b0b3ed57a32ec) Importer(2089858483,b0f066a214c2f5e87bad3c948f4d605d) (ScriptedImporter) -> (artifact id: '1264c0f2c2ad0d2998ec2ab5e6691fa7') in 0.0013165 seconds
Number of updated asset objects reloaded before import = 0Number of asset objects unloaded after import = 1

========================================================================
Received Import Request.
  Time since last request: 0.000096 seconds.
  path: Assets/Prefabs/Rooms/RoomsMaterials/Material.065 1.mat
  artifactKey: Guid(2d0c2cee5973a4881834c4382603d2e4) Importer(2089858483,b0f066a214c2f5e87bad3c948f4d605d)
Start importing Assets/Prefabs/Rooms/RoomsMaterials/Material.065 1.mat using Guid(2d0c2cee5973a4881834c4382603d2e4) Importer(2089858483,b0f066a214c2f5e87bad3c948f4d605d) (ScriptedImporter) -> (artifact id: '1619825123ee5b10a8582bc03f67a0b4') in 0.001304042 seconds
Number of updated asset objects reloaded before import = 0Number of asset objects unloaded after import = 1

========================================================================
Received Import Request.
  Time since last request: 0.000024 seconds.
  path: Assets/Prefabs/Rooms/RoomsMaterials/light.002 2.mat
  artifactKey: Guid(77be3a9985c7a48c18611483fb307036) Importer(2089858483,b0f066a214c2f5e87bad3c948f4d605d)
Start importing Assets/Prefabs/Rooms/RoomsMaterials/light.002 2.mat using Guid(77be3a9985c7a48c18611483fb307036) Importer(2089858483,b0f066a214c2f5e87bad3c948f4d605d) (ScriptedImporter) -> (artifact id: '1a67d9f6b5997f9ea6b18ed25f487779') in 0.001002459 seconds
Number of updated asset objects reloaded before import = 0Number of asset objects unloaded after import = 1

========================================================================
Received Import Request.
  Time since last request: 0.000052 seconds.
  path: Assets/Prefabs/Rooms/RoomsMaterials/Material.067 1.mat
  artifactKey: Guid(5fda25d857474409e9f4abfc60d3b5d9) Importer(2089858483,b0f066a214c2f5e87bad3c948f4d605d)
Start importing Assets/Prefabs/Rooms/RoomsMaterials/Material.067 1.mat using Guid(5fda25d857474409e9f4abfc60d3b5d9) Importer(2089858483,b0f066a214c2f5e87bad3c948f4d605d) (ScriptedImporter) -> (artifact id: 'df2e599fa572ff320a28f7bf5574765e') in 0.001343167 seconds
Number of updated asset objects reloaded before import = 0Number of asset objects unloaded after import = 1

========================================================================
Received Import Request.
  Time since last request: 0.000074 seconds.
  path: Assets/Prefabs/Rooms/RoomsMaterials/Material.084 2.mat
  artifactKey: Guid(eeb56fa7c3f00425faf846820e7465bf) Importer(2089858483,b0f066a214c2f5e87bad3c948f4d605d)
Start importing Assets/Prefabs/Rooms/RoomsMaterials/Material.084 2.mat using Guid(eeb56fa7c3f00425faf846820e7465bf) Importer(2089858483,b0f066a214c2f5e87bad3c948f4d605d) (ScriptedImporter) -> (artifact id: 'aaff7e59f32608778c0fa71705d47f3e') in 0.001397584 seconds
Number of updated asset objects reloaded before import = 0Number of asset objects unloaded after import = 1

========================================================================
Received Import Request.
  Time since last request: 0.000153 seconds.
  path: Assets/Sprites/LoadScenes/scen 1/Безымянный-20002.png
  artifactKey: Guid(8afab137dcfe849b88a255cbaa3c5597) Importer(2089858483,b0f066a214c2f5e87bad3c948f4d605d)
Start importing Assets/Sprites/LoadScenes/scen 1/Безымянный-20002.png using Guid(8afab137dcfe849b88a255cbaa3c5597) Importer(2089858483,b0f066a214c2f5e87bad3c948f4d605d) (ScriptedImporter) -> (artifact id: '57db6e6254f5e170a54fb84b545bb437') in 0.005513834 seconds
Number of updated asset objects reloaded before import = 0Number of asset objects unloaded after import = 3

========================================================================
Received Import Request.
  Time since last request: 0.000038 seconds.
  path: Assets/Sprites/LoadScenes/scen 1/Безымянный-20017.png
  artifactKey: Guid(4ebb38b62019a4396b230461c9866a09) Importer(2089858483,b0f066a214c2f5e87bad3c948f4d605d)
Start importing Assets/Sprites/LoadScenes/scen 1/Безымянный-20017.png using Guid(4ebb38b62019a4396b230461c9866a09) Importer(2089858483,b0f066a214c2f5e87bad3c948f4d605d) (ScriptedImporter) -> (artifact id: 'e3f95932b7ff9b9f0ee0f0821f86bcf5') in 0.004856292 seconds
Number of updated asset objects reloaded before import = 0Number of asset objects unloaded after import = 3

========================================================================
Received Import Request.
  Time since last request: 0.000052 seconds.
  path: Assets/Prefabs/Rooms/RoomsMaterials/Material.066.mat
  artifactKey: Guid(04fb6cfcc89314db99769d3385d50cb6) Importer(2089858483,b0f066a214c2f5e87bad3c948f4d605d)
Start importing Assets/Prefabs/Rooms/RoomsMaterials/Material.066.mat using Guid(04fb6cfcc89314db99769d3385d50cb6) Importer(2089858483,b0f066a214c2f5e87bad3c948f4d605d) (ScriptedImporter) -> (artifact id: '44e952cc129e6245575ad24aa23b89d7') in 0.001470875 seconds
Number of updated asset objects reloaded before import = 0Number of asset objects unloaded after import = 1

========================================================================
Received Import Request.
  Time since last request: 0.000028 seconds.
  path: Assets/Prefabs/Rooms/RoomsMaterials/Material.066 1.mat
  artifactKey: Guid(7f464e617f8eb432684774ce9d1d034d) Importer(2089858483,b0f066a214c2f5e87bad3c948f4d605d)
Start importing Assets/Prefabs/Rooms/RoomsMaterials/Material.066 1.mat using Guid(7f464e617f8eb432684774ce9d1d034d) Importer(2089858483,b0f066a214c2f5e87bad3c948f4d605d) (ScriptedImporter) -> (artifact id: '1ec296e06a7e57ce65affa33315e5edc') in 0.001260417 seconds
Number of updated asset objects reloaded before import = 0Number of asset objects unloaded after import = 1

========================================================================
Received Import Request.
  Time since last request: 0.000115 seconds.
  path: Assets/Prefabs/Rooms/RoomsMaterials/router_mat.mat
  artifactKey: Guid(9f334346f8fc7468e9a1a17404ac3f62) Importer(2089858483,b0f066a214c2f5e87bad3c948f4d605d)
Start importing Assets/Prefabs/Rooms/RoomsMaterials/router_mat.mat using Guid(9f334346f8fc7468e9a1a17404ac3f62) Importer(2089858483,b0f066a214c2f5e87bad3c948f4d605d) (ScriptedImporter) -> (artifact id: '9f38d41c792d11368b88d258f107c4bc') in 0.002738917 seconds
Number of updated asset objects reloaded before import = 0Number of asset objects unloaded after import = 1

========================================================================
Received Import Request.
  Time since last request: 0.000042 seconds.
  path: Assets/Sprites/LoadScenes/scen 1/Безымянный-20004.png
  artifactKey: Guid(f0f1f961bb87e4e3bb774baf7a1e9ebc) Importer(2089858483,b0f066a214c2f5e87bad3c948f4d605d)
Start importing Assets/Sprites/LoadScenes/scen 1/Безымянный-20004.png using Guid(f0f1f961bb87e4e3bb774baf7a1e9ebc) Importer(2089858483,b0f066a214c2f5e87bad3c948f4d605d) (ScriptedImporter) -> (artifact id: 'd0e6cf1c18c4e08d9bd79e12d5c413b8') in 0.004963208 seconds
Number of updated asset objects reloaded before import = 0Number of asset objects unloaded after import = 3

========================================================================
Received Import Request.
  Time since last request: 0.000029 seconds.
  path: Assets/Sprites/LoadScenes/scen 1/Безымянный-20008.png
  artifactKey: Guid(76d1cd2e63c824b018b7591c9cdadde0) Importer(2089858483,b0f066a214c2f5e87bad3c948f4d605d)
Start importing Assets/Sprites/LoadScenes/scen 1/Безымянный-20008.png using Guid(76d1cd2e63c824b018b7591c9cdadde0) Importer(2089858483,b0f066a214c2f5e87bad3c948f4d605d) (ScriptedImporter) -> (artifact id: '9c7310516f9e1e7e5a4db0c029948dec') in 0.005062542 seconds
Number of updated asset objects reloaded before import = 0Number of asset objects unloaded after import = 3

========================================================================
Received Import Request.
  Time since last request: 0.000040 seconds.
  path: Assets/Prefabs/Rooms/RoomsMaterials/Material.076.mat
  artifactKey: Guid(caa41fbc7ff0f4b25ac3c4fdf7e51234) Importer(2089858483,b0f066a214c2f5e87bad3c948f4d605d)
Start importing Assets/Prefabs/Rooms/RoomsMaterials/Material.076.mat using Guid(caa41fbc7ff0f4b25ac3c4fdf7e51234) Importer(2089858483,b0f066a214c2f5e87bad3c948f4d605d) (ScriptedImporter) -> (artifact id: 'fc08a5d1c551dec35529e8cb7de7b7ad') in 0.001523792 seconds
Number of updated asset objects reloaded before import = 0Number of asset objects unloaded after import = 1

========================================================================
Received Import Request.
  Time since last request: 0.000022 seconds.
  path: Assets/Prefabs/Rooms/RoomsMaterials/comp_desk_a 1.mat
  artifactKey: Guid(d659e5cfce8e1452b9303f7a5e4b66ed) Importer(2089858483,b0f066a214c2f5e87bad3c948f4d605d)
Start importing Assets/Prefabs/Rooms/RoomsMaterials/comp_desk_a 1.mat using Guid(d659e5cfce8e1452b9303f7a5e4b66ed) Importer(2089858483,b0f066a214c2f5e87bad3c948f4d605d) (ScriptedImporter) -> (artifact id: 'fcddb8d513e03b32391c6858d3c7c45f') in 0.001652667 seconds
Number of updated asset objects reloaded before import = 0Number of asset objects unloaded after import = 1

========================================================================
Received Import Request.
  Time since last request: 0.000083 seconds.
  path: Assets/Prefabs/Rooms/RoomsMaterials/Material.095 1.mat
  artifactKey: Guid(0ad8cd54e808b4f5d962bd847c257502) Importer(2089858483,b0f066a214c2f5e87bad3c948f4d605d)
Start importing Assets/Prefabs/Rooms/RoomsMaterials/Material.095 1.mat using Guid(0ad8cd54e808b4f5d962bd847c257502) Importer(2089858483,b0f066a214c2f5e87bad3c948f4d605d) (ScriptedImporter) -> (artifact id: '98805daf692f14d2d2f3e9e740a65e09') in 0.001441584 seconds
Number of updated asset objects reloaded before import = 0Number of asset objects unloaded after import = 1

========================================================================
Received Import Request.
  Time since last request: 0.000197 seconds.
  path: Assets/Prefabs/Rooms/RoomsMaterials/Material.095.mat
  artifactKey: Guid(8fe97bf13e1814cd09256aae85a725c9) Importer(2089858483,b0f066a214c2f5e87bad3c948f4d605d)
Start importing Assets/Prefabs/Rooms/RoomsMaterials/Material.095.mat using Guid(8fe97bf13e1814cd09256aae85a725c9) Importer(2089858483,b0f066a214c2f5e87bad3c948f4d605d) (ScriptedImporter) -> (artifact id: '4ef1d013c584deeebecb020b7696bded') in 0.001541167 seconds
Number of updated asset objects reloaded before import = 0Number of asset objects unloaded after import = 1

========================================================================
Received Import Request.
  Time since last request: 0.000081 seconds.
  path: Assets/Prefabs/Rooms/RoomsMaterials/Material.088.mat
  artifactKey: Guid(5d426f071651743699893ee3fc39fcea) Importer(2089858483,b0f066a214c2f5e87bad3c948f4d605d)
Start importing Assets/Prefabs/Rooms/RoomsMaterials/Material.088.mat using Guid(5d426f071651743699893ee3fc39fcea) Importer(2089858483,b0f066a214c2f5e87bad3c948f4d605d) (ScriptedImporter) -> (artifact id: '2d5cac6e1c36e937455beeefdad4660f') in 0.001629542 seconds
Number of updated asset objects reloaded before import = 0Number of asset objects unloaded after import = 1

========================================================================
Received Import Request.
  Time since last request: 0.000051 seconds.
  path: Assets/Prefabs/Rooms/RoomsMaterials/Material.083 1.mat
  artifactKey: Guid(4676f244f71d545d7806a115421fe89b) Importer(2089858483,b0f066a214c2f5e87bad3c948f4d605d)
Start importing Assets/Prefabs/Rooms/RoomsMaterials/Material.083 1.mat using Guid(4676f244f71d545d7806a115421fe89b) Importer(2089858483,b0f066a214c2f5e87bad3c948f4d605d) (ScriptedImporter) -> (artifact id: '1bcfa694d0bdc1c88c83794c1cd53f0f') in 0.001626583 seconds
Number of updated asset objects reloaded before import = 0Number of asset objects unloaded after import = 1

========================================================================
Received Import Request.
  Time since last request: 0.000108 seconds.
  path: Assets/Scripts/Networks/Protocols/TCP.cs
  artifactKey: Guid(aa88cd6d190d6431ca0f1d282494d652) Importer(2089858483,b0f066a214c2f5e87bad3c948f4d605d)
Start importing Assets/Scripts/Networks/Protocols/TCP.cs using Guid(aa88cd6d190d6431ca0f1d282494d652) Importer(2089858483,b0f066a214c2f5e87bad3c948f4d605d) (ScriptedImporter) -> (artifact id: '47dd4f094c494b752e47b0a1eb7dd3a3') in 0.001126167 seconds
Number of updated asset objects reloaded before import = 0Number of asset objects unloaded after import = 0

========================================================================
Received Import Request.
  Time since last request: 0.000061 seconds.
  path: Assets/Prefabs/Rooms/RoomsMaterials/Material.080 1.mat
  artifactKey: Guid(9689a2e4814774c7892e8c4c88acbee4) Importer(2089858483,b0f066a214c2f5e87bad3c948f4d605d)
Start importing Assets/Prefabs/Rooms/RoomsMaterials/Material.080 1.mat using Guid(9689a2e4814774c7892e8c4c88acbee4) Importer(2089858483,b0f066a214c2f5e87bad3c948f4d605d) (ScriptedImporter) -> (artifact id: '05a525b8c577c2e062c121bd4c7ab7b4') in 0.001055875 seconds
Number of updated asset objects reloaded before import = 0Number of asset objects unloaded after import = 1

========================================================================
Received Import Request.
  Time since last request: 0.000025 seconds.
  path: Assets/Prefabs/Rooms/RoomsMaterials/Material.082.mat
  artifactKey: Guid(7b7177b2c66dc4a3ba00dd94333ee31b) Importer(2089858483,b0f066a214c2f5e87bad3c948f4d605d)
Start importing Assets/Prefabs/Rooms/RoomsMaterials/Material.082.mat using Guid(7b7177b2c66dc4a3ba00dd94333ee31b) Importer(2089858483,b0f066a214c2f5e87bad3c948f4d605d) (ScriptedImporter) -> (artifact id: '550399fe20bbe1eed79b87b80ffe3693') in 0.000978708 seconds
Number of updated asset objects reloaded before import = 0Number of asset objects unloaded after import = 1

========================================================================
Received Import Request.
  Time since last request: 0.000058 seconds.
  path: Assets/Prefabs/Rooms/RoomsMaterials/Material.074 2.mat
  artifactKey: Guid(3027cc6cea6094e6c8d62614e53e3097) Importer(2089858483,b0f066a214c2f5e87bad3c948f4d605d)
Start importing Assets/Prefabs/Rooms/RoomsMaterials/Material.074 2.mat using Guid(3027cc6cea6094e6c8d62614e53e3097) Importer(2089858483,b0f066a214c2f5e87bad3c948f4d605d) (ScriptedImporter) -> (artifact id: '0c3c8d98557b7c8aa638032d2341dc4b') in 0.001881458 seconds
Number of updated asset objects reloaded before import = 0Number of asset objects unloaded after import = 1

========================================================================
Received Import Request.
  Time since last request: 0.000037 seconds.
  path: Assets/Prefabs/Rooms/RoomsMaterials/Material.065 2.mat
  artifactKey: Guid(ee03a02fba2524a7c9d6a7bfab12ca83) Importer(2089858483,b0f066a214c2f5e87bad3c948f4d605d)
Start importing Assets/Prefabs/Rooms/RoomsMaterials/Material.065 2.mat using Guid(ee03a02fba2524a7c9d6a7bfab12ca83) Importer(2089858483,b0f066a214c2f5e87bad3c948f4d605d) (ScriptedImporter) -> (artifact id: '306e37af16a43edbafdc919f98ab6c22') in 0.001116292 seconds
Number of updated asset objects reloaded before import = 0Number of asset objects unloaded after import = 1

========================================================================
Received Import Request.
  Time since last request: 0.000023 seconds.
  path: Assets/Prefabs/Rooms/RoomsMaterials/Material.081 2.mat
  artifactKey: Guid(4a48c104f4fba41c08f4638a9e33649d) Importer(2089858483,b0f066a214c2f5e87bad3c948f4d605d)
Start importing Assets/Prefabs/Rooms/RoomsMaterials/Material.081 2.mat using Guid(4a48c104f4fba41c08f4638a9e33649d) Importer(2089858483,b0f066a214c2f5e87bad3c948f4d605d) (ScriptedImporter) -> (artifact id: 'd01ee3fa9fc3608fd7b07329bafb9c46') in 0.001016042 seconds
Number of updated asset objects reloaded before import = 0Number of asset objects unloaded after import = 1

========================================================================
Received Import Request.
  Time since last request: 0.000030 seconds.
  path: Assets/Prefabs/Rooms/RoomsMaterials/Material.085 2.mat
  artifactKey: Guid(03c4ccf30043848d8bc5e8eede1c1147) Importer(2089858483,b0f066a214c2f5e87bad3c948f4d605d)
Start importing Assets/Prefabs/Rooms/RoomsMaterials/Material.085 2.mat using Guid(03c4ccf30043848d8bc5e8eede1c1147) Importer(2089858483,b0f066a214c2f5e87bad3c948f4d605d) (ScriptedImporter) -> (artifact id: '5e7f2bdf24b5d67acb77c4eac1efcbbe') in 0.000942834 seconds
Number of updated asset objects reloaded before import = 0Number of asset objects unloaded after import = 1

========================================================================
Received Import Request.
  Time since last request: 0.000020 seconds.
  path: Assets/Prefabs/Rooms/RoomsMaterials/Material.085.mat
  artifactKey: Guid(e2c9b512e98634791818f5bd2d24a4df) Importer(2089858483,b0f066a214c2f5e87bad3c948f4d605d)
Start importing Assets/Prefabs/Rooms/RoomsMaterials/Material.085.mat using Guid(e2c9b512e98634791818f5bd2d24a4df) Importer(2089858483,b0f066a214c2f5e87bad3c948f4d605d) (ScriptedImporter) -> (artifact id: '37fa9432a97c343d25d25da84107d446') in 0.000857792 seconds
Number of updated asset objects reloaded before import = 0Number of asset objects unloaded after import = 1

========================================================================
Received Import Request.
  Time since last request: 0.000024 seconds.
  path: Assets/Prefabs/Rooms/RoomsMaterials/Material.079 1.mat
  artifactKey: Guid(f54dfc1d05db6498fa66f584e9f394fa) Importer(2089858483,b0f066a214c2f5e87bad3c948f4d605d)
Start importing Assets/Prefabs/Rooms/RoomsMaterials/Material.079 1.mat using Guid(f54dfc1d05db6498fa66f584e9f394fa) Importer(2089858483,b0f066a214c2f5e87bad3c948f4d605d) (ScriptedImporter) -> (artifact id: '0bfd2fa17c1e8734c2dc596bb278b668') in 0.000841125 seconds
Number of updated asset objects reloaded before import = 0Number of asset objects unloaded after import = 1

========================================================================
Received Import Request.
  Time since last request: 0.000050 seconds.
  path: Assets/Prefabs/Rooms/RoomsMaterials/Material.086 2.mat
  artifactKey: Guid(01e9c6152ea774da190792c8e95f6b50) Importer(2089858483,b0f066a214c2f5e87bad3c948f4d605d)
Start importing Assets/Prefabs/Rooms/RoomsMaterials/Material.086 2.mat using Guid(01e9c6152ea774da190792c8e95f6b50) Importer(2089858483,b0f066a214c2f5e87bad3c948f4d605d) (ScriptedImporter) -> (artifact id: '3ec10d1b0b7eccacc7ff7176f7cfaae0') in 0.000951708 seconds
Number of updated asset objects reloaded before import = 0Number of asset objects unloaded after import = 1

========================================================================
Received Import Request.
  Time since last request: 0.000051 seconds.
  path: Assets/Prefabs/Rooms/RoomsMaterials/light_bulb 1.mat
  artifactKey: Guid(37835034667764bea82ae738858c7f5c) Importer(2089858483,b0f066a214c2f5e87bad3c948f4d605d)
Start importing Assets/Prefabs/Rooms/RoomsMaterials/light_bulb 1.mat using Guid(37835034667764bea82ae738858c7f5c) Importer(2089858483,b0f066a214c2f5e87bad3c948f4d605d) (ScriptedImporter) -> (artifact id: '1c7cb992ffa01a9cad93ea3071b31897') in 0.000889583 seconds
Number of updated asset objects reloaded before import = 0Number of asset objects unloaded after import = 1

========================================================================
Received Import Request.
  Time since last request: 0.000020 seconds.
  path: Assets/QuickOutline/Resources/Shaders/OutlineMask.shader
  artifactKey: Guid(341b058cd7dee4f5cba5cc59a513619e) Importer(2089858483,b0f066a214c2f5e87bad3c948f4d605d)
Start importing Assets/QuickOutline/Resources/Shaders/OutlineMask.shader using Guid(341b058cd7dee4f5cba5cc59a513619e) Importer(2089858483,b0f066a214c2f5e87bad3c948f4d605d) (ScriptedImporter) -> (artifact id: '8db6cf1db6ec8ce1bf3dc79a8bee36d4') in 0.000834084 seconds
Number of updated asset objects reloaded before import = 0Number of asset objects unloaded after import = 1

========================================================================
Received Import Request.
  Time since last request: 0.000028 seconds.
  path: Assets/Prefabs/Rooms/RoomsMaterials/Material_52 1.mat
  artifactKey: Guid(b76bcbb91757f48809fcd3b5a9e8311f) Importer(2089858483,b0f066a214c2f5e87bad3c948f4d605d)
Start importing Assets/Prefabs/Rooms/RoomsMaterials/Material_52 1.mat using Guid(b76bcbb91757f48809fcd3b5a9e8311f) Importer(2089858483,b0f066a214c2f5e87bad3c948f4d605d) (ScriptedImporter) -> (artifact id: 'f93acd589d8d1d6752d57dce6da0bb0b') in 0.000841041 seconds
Number of updated asset objects reloaded before import = 0Number of asset objects unloaded after import = 1

========================================================================
Received Import Request.
  Time since last request: 0.000019 seconds.
  path: Assets/Prefabs/Rooms/RoomsMaterials/Material.074.mat
  artifactKey: Guid(3e71d152b7d754331b93b3ae5b59ea4c) Importer(2089858483,b0f066a214c2f5e87bad3c948f4d605d)
Start importing Assets/Prefabs/Rooms/RoomsMaterials/Material.074.mat using Guid(3e71d152b7d754331b93b3ae5b59ea4c) Importer(2089858483,b0f066a214c2f5e87bad3c948f4d605d) (ScriptedImporter) -> (artifact id: '2480889e09334fa7dac45adc28b3b92e') in 0.000784875 seconds
Number of updated asset objects reloaded before import = 0Number of asset objects unloaded after import = 1

========================================================================
Received Import Request.
  Time since last request: 0.000020 seconds.
  path: Assets/Prefabs/Rooms/RoomsMaterials/Material.mat
  artifactKey: Guid(f6a51207fed8b4238ae9e8233fdc6bdd) Importer(2089858483,b0f066a214c2f5e87bad3c948f4d605d)
Start importing Assets/Prefabs/Rooms/RoomsMaterials/Material.mat using Guid(f6a51207fed8b4238ae9e8233fdc6bdd) Importer(2089858483,b0f066a214c2f5e87bad3c948f4d605d) (ScriptedImporter) -> (artifact id: '48f7e9af66d7435d91a15a9dc01b144e') in 0.000735458 seconds
Number of updated asset objects reloaded before import = 0Number of asset objects unloaded after import = 1

========================================================================
Received Import Request.
  Time since last request: 0.000020 seconds.
  path: Assets/Prefabs/Rooms/RoomsMaterials/Material.070 2.mat
  artifactKey: Guid(98ae71ef1f28d4d1cba965332f7f7cf5) Importer(2089858483,b0f066a214c2f5e87bad3c948f4d605d)
Start importing Assets/Prefabs/Rooms/RoomsMaterials/Material.070 2.mat using Guid(98ae71ef1f28d4d1cba965332f7f7cf5) Importer(2089858483,b0f066a214c2f5e87bad3c948f4d605d) (ScriptedImporter) -> (artifact id: '98adf620c8937369f355a36c3516bb2d') in 0.00082125 seconds
Number of updated asset objects reloaded before import = 0Number of asset objects unloaded after import = 1

========================================================================
Received Import Request.
  Time since last request: 0.000022 seconds.
  path: Assets/Prefabs/Rooms/RoomsMaterials/Material.096 2.mat
  artifactKey: Guid(bea10e875fc1b43db859f4da80973dbe) Importer(2089858483,b0f066a214c2f5e87bad3c948f4d605d)
Start importing Assets/Prefabs/Rooms/RoomsMaterials/Material.096 2.mat using Guid(bea10e875fc1b43db859f4da80973dbe) Importer(2089858483,b0f066a214c2f5e87bad3c948f4d605d) (ScriptedImporter) -> (artifact id: '3ddcdbff5000787963dc9fcf5af11925') in 0.000824916 seconds
Number of updated asset objects reloaded before import = 0Number of asset objects unloaded after import = 1

========================================================================
Received Import Request.
  Time since last request: 0.000020 seconds.
  path: Assets/Prefabs/Rooms/RoomsMaterials/Material.100.mat
  artifactKey: Guid(fde2ed80ff1bd4d8bb1f1eece5c13936) Importer(2089858483,b0f066a214c2f5e87bad3c948f4d605d)
Start importing Assets/Prefabs/Rooms/RoomsMaterials/Material.100.mat using Guid(fde2ed80ff1bd4d8bb1f1eece5c13936) Importer(2089858483,b0f066a214c2f5e87bad3c948f4d605d) (ScriptedImporter) -> (artifact id: '4a7590a01b05fab5e2daa43b6c156232') in 0.000861833 seconds
Number of updated asset objects reloaded before import = 0Number of asset objects unloaded after import = 1

========================================================================
Received Import Request.
  Time since last request: 0.000019 seconds.
  path: Assets/Prefabs/Rooms/RoomsMaterials/Material_52.mat
  artifactKey: Guid(78e5fa5e747a14c5186a6a69bec58c94) Importer(2089858483,b0f066a214c2f5e87bad3c948f4d605d)
Start importing Assets/Prefabs/Rooms/RoomsMaterials/Material_52.mat using Guid(78e5fa5e747a14c5186a6a69bec58c94) Importer(2089858483,b0f066a214c2f5e87bad3c948f4d605d) (ScriptedImporter) -> (artifact id: '7575cdab81a957b03258726e3139a301') in 0.00080825 seconds
Number of updated asset objects reloaded before import = 0Number of asset objects unloaded after import = 1

========================================================================
Received Import Request.
  Time since last request: 0.000022 seconds.
  path: Assets/Prefabs/Rooms/RoomsMaterials/Material.070.mat
  artifactKey: Guid(cf010879bf8684f9a9b39eda9daaa5d6) Importer(2089858483,b0f066a214c2f5e87bad3c948f4d605d)
Start importing Assets/Prefabs/Rooms/RoomsMaterials/Material.070.mat using Guid(cf010879bf8684f9a9b39eda9daaa5d6) Importer(2089858483,b0f066a214c2f5e87bad3c948f4d605d) (ScriptedImporter) -> (artifact id: '9962e7e315b2393f8c73535519383d18') in 0.000779125 seconds
Number of updated asset objects reloaded before import = 0Number of asset objects unloaded after import = 1

========================================================================
Received Import Request.
  Time since last request: 0.000018 seconds.
  path: Assets/Prefabs/Rooms/RoomsMaterials/light.002.mat
  artifactKey: Guid(a2b657b1d17854672972e047d25b8996) Importer(2089858483,b0f066a214c2f5e87bad3c948f4d605d)
Start importing Assets/Prefabs/Rooms/RoomsMaterials/light.002.mat using Guid(a2b657b1d17854672972e047d25b8996) Importer(2089858483,b0f066a214c2f5e87bad3c948f4d605d) (ScriptedImporter) -> (artifact id: 'b2bfbc640be7c79a1e3f0fdf4fe434a7') in 0.000777708 seconds
Number of updated asset objects reloaded before import = 0Number of asset objects unloaded after import = 1

========================================================================
Received Import Request.
  Time since last request: 0.000031 seconds.
  path: Assets/Prefabs/Rooms/RoomsMaterials/Material.094.mat
  artifactKey: Guid(f23b2a4c8ecfc4b7c91d9500ed1750e8) Importer(2089858483,b0f066a214c2f5e87bad3c948f4d605d)
Start importing Assets/Prefabs/Rooms/RoomsMaterials/Material.094.mat using Guid(f23b2a4c8ecfc4b7c91d9500ed1750e8) Importer(2089858483,b0f066a214c2f5e87bad3c948f4d605d) (ScriptedImporter) -> (artifact id: 'dc106efc19f200c0b77d20bc8045c808') in 0.000856583 seconds
Number of updated asset objects reloaded before import = 0Number of asset objects unloaded after import = 1

========================================================================
Received Import Request.
  Time since last request: 0.000024 seconds.
  path: Assets/Prefabs/Rooms/RoomsMaterials/Material.088 2.mat
  artifactKey: Guid(19a52bf15578b4a08aaef0e641d926cf) Importer(2089858483,b0f066a214c2f5e87bad3c948f4d605d)
Start importing Assets/Prefabs/Rooms/RoomsMaterials/Material.088 2.mat using Guid(19a52bf15578b4a08aaef0e641d926cf) Importer(2089858483,b0f066a214c2f5e87bad3c948f4d605d) (ScriptedImporter) -> (artifact id: 'd07e353ab2d7523749a37c776ab85dbb') in 0.00084475 seconds
Number of updated asset objects reloaded before import = 0Number of asset objects unloaded after import = 1

========================================================================
Received Import Request.
  Time since last request: 0.000021 seconds.
  path: Assets/Prefabs/Rooms/RoomsMaterials/Material.073 1.mat
  artifactKey: Guid(fcd3df50549d04de9bf12beddcab599f) Importer(2089858483,b0f066a214c2f5e87bad3c948f4d605d)
Start importing Assets/Prefabs/Rooms/RoomsMaterials/Material.073 1.mat using Guid(fcd3df50549d04de9bf12beddcab599f) Importer(2089858483,b0f066a214c2f5e87bad3c948f4d605d) (ScriptedImporter) -> (artifact id: '183a395c18e62f6796f09ea0fe3d86d6') in 0.000735584 seconds
Number of updated asset objects reloaded before import = 0Number of asset objects unloaded after import = 1

========================================================================
Received Import Request.
  Time since last request: 0.000020 seconds.
  path: Assets/Prefabs/Rooms/RoomsMaterials/Material.091 1.mat
  artifactKey: Guid(e8dcb0a023c7b4cfc90317792d104b5f) Importer(2089858483,b0f066a214c2f5e87bad3c948f4d605d)
Start importing Assets/Prefabs/Rooms/RoomsMaterials/Material.091 1.mat using Guid(e8dcb0a023c7b4cfc90317792d104b5f) Importer(2089858483,b0f066a214c2f5e87bad3c948f4d605d) (ScriptedImporter) -> (artifact id: '7d5f86e2ffddafe1a45ab50907ef81dc') in 0.002983167 seconds
Number of updated asset objects reloaded before import = 0Number of asset objects unloaded after import = 1

========================================================================
Received Import Request.
  Time since last request: 0.000042 seconds.
  path: Assets/Prefabs/Rooms/RoomsMaterials/comp_desk_remote.mat
  artifactKey: Guid(39f354976e7c64129803dcb309786f3a) Importer(2089858483,b0f066a214c2f5e87bad3c948f4d605d)
Start importing Assets/Prefabs/Rooms/RoomsMaterials/comp_desk_remote.mat using Guid(39f354976e7c64129803dcb309786f3a) Importer(2089858483,b0f066a214c2f5e87bad3c948f4d605d) (ScriptedImporter) -> (artifact id: '2ad1beec26087a8a47bc05c156e9474e') in 0.000937334 seconds
Number of updated asset objects reloaded before import = 0Number of asset objects unloaded after import = 1

========================================================================
Received Import Request.
  Time since last request: 0.000021 seconds.
  path: Assets/QuickOutline/Resources/Materials/OutlineFill.mat
  artifactKey: Guid(311313efa011949e98b6761d652ad13c) Importer(2089858483,b0f066a214c2f5e87bad3c948f4d605d)
Start importing Assets/QuickOutline/Resources/Materials/OutlineFill.mat using Guid(311313efa011949e98b6761d652ad13c) Importer(2089858483,b0f066a214c2f5e87bad3c948f4d605d) (ScriptedImporter) -> (artifact id: 'cfb80b40fa38535f4a909347a2123e0c') in 0.007475875 seconds
Number of updated asset objects reloaded before import = 0Number of asset objects unloaded after import = 1

========================================================================
Received Import Request.
  Time since last request: 0.000030 seconds.
  path: Assets/Prefabs/Rooms/RoomsMaterials/Material.086.mat
  artifactKey: Guid(52d20b674c98344159fee564987f30b9) Importer(2089858483,b0f066a214c2f5e87bad3c948f4d605d)
Start importing Assets/Prefabs/Rooms/RoomsMaterials/Material.086.mat using Guid(52d20b674c98344159fee564987f30b9) Importer(2089858483,b0f066a214c2f5e87bad3c948f4d605d) (ScriptedImporter) -> (artifact id: 'b9d0c3d9b986d50ce1e13aa5b4a2dddd') in 0.001238959 seconds
Number of updated asset objects reloaded before import = 0Number of asset objects unloaded after import = 1

========================================================================
Received Import Request.
  Time since last request: 0.000020 seconds.
  path: Assets/Prefabs/Rooms/RoomsMaterials/comp_desk 1.mat
  artifactKey: Guid(fe7f75ea7140b4bad96460bf99510d03) Importer(2089858483,b0f066a214c2f5e87bad3c948f4d605d)
Start importing Assets/Prefabs/Rooms/RoomsMaterials/comp_desk 1.mat using Guid(fe7f75ea7140b4bad96460bf99510d03) Importer(2089858483,b0f066a214c2f5e87bad3c948f4d605d) (ScriptedImporter) -> (artifact id: '33956a9c914c65dba3edfb08bb4ff850') in 0.000946291 seconds
Number of updated asset objects reloaded before import = 0Number of asset objects unloaded after import = 1

========================================================================
Received Import Request.
  Time since last request: 0.000019 seconds.
  path: Assets/Prefabs/Rooms/RoomsMaterials/Material.060 1.mat
  artifactKey: Guid(24bf8b6823fb9485dac6e469644f97e9) Importer(2089858483,b0f066a214c2f5e87bad3c948f4d605d)
Start importing Assets/Prefabs/Rooms/RoomsMaterials/Material.060 1.mat using Guid(24bf8b6823fb9485dac6e469644f97e9) Importer(2089858483,b0f066a214c2f5e87bad3c948f4d605d) (ScriptedImporter) -> (artifact id: '24a2329d2c1488055b0ccbe6712b40ee') in 0.000910083 seconds
Number of updated asset objects reloaded before import = 0Number of asset objects unloaded after import = 1

========================================================================
Received Import Request.
  Time since last request: 0.000034 seconds.
  path: Assets/Prefabs/Rooms/RoomsMaterials/Material.085 1.mat
  artifactKey: Guid(bce68aaf0fabc46f78af6faf8f649ed1) Importer(2089858483,b0f066a214c2f5e87bad3c948f4d605d)
Start importing Assets/Prefabs/Rooms/RoomsMaterials/Material.085 1.mat using Guid(bce68aaf0fabc46f78af6faf8f649ed1) Importer(2089858483,b0f066a214c2f5e87bad3c948f4d605d) (ScriptedImporter) -> (artifact id: '262017903acadd462bee60a40c19097a') in 0.000941583 seconds
Number of updated asset objects reloaded before import = 0Number of asset objects unloaded after import = 1

========================================================================
Received Import Request.
  Time since last request: 0.000022 seconds.
  path: Assets/Prefabs/Rooms/RoomsMaterials/Material_72.mat
  artifactKey: Guid(05fcaebca9486494693be6eaab473990) Importer(2089858483,b0f066a214c2f5e87bad3c948f4d605d)
Start importing Assets/Prefabs/Rooms/RoomsMaterials/Material_72.mat using Guid(05fcaebca9486494693be6eaab473990) Importer(2089858483,b0f066a214c2f5e87bad3c948f4d605d) (ScriptedImporter) -> (artifact id: 'd23937f1b189bd567150b0a0abe01c7b') in 0.000970209 seconds
Number of updated asset objects reloaded before import = 0Number of asset objects unloaded after import = 1

========================================================================
Received Import Request.
  Time since last request: 0.000020 seconds.
  path: Assets/Prefabs/Rooms/RoomsMaterials/material.002 4.mat
  artifactKey: Guid(4e2f4ca11b10a4e709d8596babb57e72) Importer(2089858483,b0f066a214c2f5e87bad3c948f4d605d)
Start importing Assets/Prefabs/Rooms/RoomsMaterials/material.002 4.mat using Guid(4e2f4ca11b10a4e709d8596babb57e72) Importer(2089858483,b0f066a214c2f5e87bad3c948f4d605d) (ScriptedImporter) -> (artifact id: '92e10c94960645144b16a21f85ea862b') in 0.001901 seconds
Number of updated asset objects reloaded before import = 0Number of asset objects unloaded after import = 1

========================================================================
Received Import Request.
  Time since last request: 0.000026 seconds.
  path: Assets/Prefabs/Rooms/RoomsMaterials/Material.099 1.mat
  artifactKey: Guid(f6ac6e9d972804462b7fa84e21474cf9) Importer(2089858483,b0f066a214c2f5e87bad3c948f4d605d)
Start importing Assets/Prefabs/Rooms/RoomsMaterials/Material.099 1.mat using Guid(f6ac6e9d972804462b7fa84e21474cf9) Importer(2089858483,b0f066a214c2f5e87bad3c948f4d605d) (ScriptedImporter) -> (artifact id: 'b807b665ba7405485f4c60d076309c83') in 0.000865083 seconds
Number of updated asset objects reloaded before import = 0Number of asset objects unloaded after import = 1

========================================================================
Received Import Request.
  Time since last request: 0.000023 seconds.
  path: Assets/Prefabs/Rooms/RoomsMaterials/Material.092 1.mat
  artifactKey: Guid(67965f4c3bc684c1c915d2962b27cdf6) Importer(2089858483,b0f066a214c2f5e87bad3c948f4d605d)
Start importing Assets/Prefabs/Rooms/RoomsMaterials/Material.092 1.mat using Guid(67965f4c3bc684c1c915d2962b27cdf6) Importer(2089858483,b0f066a214c2f5e87bad3c948f4d605d) (ScriptedImporter) -> (artifact id: '786a8b616ac82ff1e24c9e5ebf3b7ac3') in 0.000807834 seconds
Number of updated asset objects reloaded before import = 0Number of asset objects unloaded after import = 1

========================================================================
Received Import Request.
  Time since last request: 0.000019 seconds.
  path: Assets/Prefabs/Rooms/RoomsMaterials/Material.093.mat
  artifactKey: Guid(2b3ee8541896842fb81e2d46edaacdd9) Importer(2089858483,b0f066a214c2f5e87bad3c948f4d605d)
Start importing Assets/Prefabs/Rooms/RoomsMaterials/Material.093.mat using Guid(2b3ee8541896842fb81e2d46edaacdd9) Importer(2089858483,b0f066a214c2f5e87bad3c948f4d605d) (ScriptedImporter) -> (artifact id: 'c6d0a221f1d718ee5107129d8bcdfd59') in 0.000820584 seconds
Number of updated asset objects reloaded before import = 0Number of asset objects unloaded after import = 1

========================================================================
Received Import Request.
  Time since last request: 0.000024 seconds.
  path: Assets/Prefabs/Rooms/RoomsMaterials/Material.080 2.mat
  artifactKey: Guid(20af46e6160d942e8ba2237bda6d9d2d) Importer(2089858483,b0f066a214c2f5e87bad3c948f4d605d)
Start importing Assets/Prefabs/Rooms/RoomsMaterials/Material.080 2.mat using Guid(20af46e6160d942e8ba2237bda6d9d2d) Importer(2089858483,b0f066a214c2f5e87bad3c948f4d605d) (ScriptedImporter) -> (artifact id: '2a10ce9743fdf6fce9dd93b4ff669051') in 0.000760459 seconds
Number of updated asset objects reloaded before import = 0Number of asset objects unloaded after import = 1

========================================================================
Received Import Request.
  Time since last request: 0.000019 seconds.
  path: Assets/Prefabs/Rooms/RoomsMaterials/chair_top.002 1.mat
  artifactKey: Guid(a6e61fe87f1234e9da082e037e3d370f) Importer(2089858483,b0f066a214c2f5e87bad3c948f4d605d)
Start importing Assets/Prefabs/Rooms/RoomsMaterials/chair_top.002 1.mat using Guid(a6e61fe87f1234e9da082e037e3d370f) Importer(2089858483,b0f066a214c2f5e87bad3c948f4d605d) (ScriptedImporter) -> (artifact id: 'e040f9704f4b6389df2f732bddcd46c5') in 0.000755125 seconds
Number of updated asset objects reloaded before import = 0Number of asset objects unloaded after import = 1

========================================================================
Received Import Request.
  Time since last request: 0.000019 seconds.
  path: Assets/Prefabs/Rooms/RoomsMaterials/Material.064 2.mat
  artifactKey: Guid(7bfee931c193b4d08b573c1750893367) Importer(2089858483,b0f066a214c2f5e87bad3c948f4d605d)
Start importing Assets/Prefabs/Rooms/RoomsMaterials/Material.064 2.mat using Guid(7bfee931c193b4d08b573c1750893367) Importer(2089858483,b0f066a214c2f5e87bad3c948f4d605d) (ScriptedImporter) -> (artifact id: '8199c4cae103893ff75c92c0e366accf') in 0.000772625 seconds
Number of updated asset objects reloaded before import = 0Number of asset objects unloaded after import = 1

========================================================================
Received Import Request.
  Time since last request: 0.000024 seconds.
  path: Assets/Prefabs/Rooms/RoomsMaterials/Material.078 1.mat
  artifactKey: Guid(d041368d0e57e488fa2506d413917680) Importer(2089858483,b0f066a214c2f5e87bad3c948f4d605d)
Start importing Assets/Prefabs/Rooms/RoomsMaterials/Material.078 1.mat using Guid(d041368d0e57e488fa2506d413917680) Importer(2089858483,b0f066a214c2f5e87bad3c948f4d605d) (ScriptedImporter) -> (artifact id: 'b585ac7f7e5c0f6e80ff60f1ab9977d7') in 0.000879875 seconds
Number of updated asset objects reloaded before import = 0Number of asset objects unloaded after import = 1

========================================================================
Received Import Request.
  Time since last request: 0.000021 seconds.
  path: Assets/Scripts/Networks/Protocols/OSPF.cs
  artifactKey: Guid(2398c9329bfc64453b5f842e3291d871) Importer(2089858483,b0f066a214c2f5e87bad3c948f4d605d)
Start importing Assets/Scripts/Networks/Protocols/OSPF.cs using Guid(2398c9329bfc64453b5f842e3291d871) Importer(2089858483,b0f066a214c2f5e87bad3c948f4d605d) (ScriptedImporter) -> (artifact id: '9fd704a0adb9dfbf1349791784166417') in 0.000592958 seconds
Number of updated asset objects reloaded before import = 0Number of asset objects unloaded after import = 0

========================================================================
Received Import Request.
  Time since last request: 0.000028 seconds.
  path: Assets/Prefabs/Rooms/RoomsMaterials/Material.097 1.mat
  artifactKey: Guid(89c2aac0c0e974ae490d6da63a6679db) Importer(2089858483,b0f066a214c2f5e87bad3c948f4d605d)
Start importing Assets/Prefabs/Rooms/RoomsMaterials/Material.097 1.mat using Guid(89c2aac0c0e974ae490d6da63a6679db) Importer(2089858483,b0f066a214c2f5e87bad3c948f4d605d) (ScriptedImporter) -> (artifact id: 'fc3b419c369712957aee158b0bc01d9b') in 0.000855208 seconds
Number of updated asset objects reloaded before import = 0Number of asset objects unloaded after import = 1

========================================================================
Received Import Request.
  Time since last request: 0.000020 seconds.
  path: Assets/Prefabs/Rooms/RoomsMaterials/Material.086 1.mat
  artifactKey: Guid(eb3a0d10f23994ffab885484b89c9d31) Importer(2089858483,b0f066a214c2f5e87bad3c948f4d605d)
Start importing Assets/Prefabs/Rooms/RoomsMaterials/Material.086 1.mat using Guid(eb3a0d10f23994ffab885484b89c9d31) Importer(2089858483,b0f066a214c2f5e87bad3c948f4d605d) (ScriptedImporter) -> (artifact id: 'd24b1d89b8784cb17b1ce203d7d133be') in 0.000891625 seconds
Number of updated asset objects reloaded before import = 0Number of asset objects unloaded after import = 1

========================================================================
Received Import Request.
  Time since last request: 0.000021 seconds.
  path: Assets/Prefabs/Rooms/RoomsMaterials/material.002 1.mat
  artifactKey: Guid(3b5f47fc6562848fda072407c571f6e8) Importer(2089858483,b0f066a214c2f5e87bad3c948f4d605d)
Start importing Assets/Prefabs/Rooms/RoomsMaterials/material.002 1.mat using Guid(3b5f47fc6562848fda072407c571f6e8) Importer(2089858483,b0f066a214c2f5e87bad3c948f4d605d) (ScriptedImporter) -> (artifact id: 'fd08af0e97af1342486ada51b2e34cb4') in 0.000817042 seconds
Number of updated asset objects reloaded before import = 0Number of asset objects unloaded after import = 1

========================================================================
Received Import Request.
  Time since last request: 0.000028 seconds.
  path: Assets/Prefabs/Rooms/RoomsMaterials/Material.068.mat
  artifactKey: Guid(c5bd805cf0a5a49799f7ea059ced7e9a) Importer(2089858483,b0f066a214c2f5e87bad3c948f4d605d)
Start importing Assets/Prefabs/Rooms/RoomsMaterials/Material.068.mat using Guid(c5bd805cf0a5a49799f7ea059ced7e9a) Importer(2089858483,b0f066a214c2f5e87bad3c948f4d605d) (ScriptedImporter) -> (artifact id: 'ebb7be12a4d2b94c9795244d7ac4db0e') in 0.000856209 seconds
Number of updated asset objects reloaded before import = 0Number of asset objects unloaded after import = 1

========================================================================
Received Import Request.
  Time since last request: 0.000018 seconds.
  path: Assets/Prefabs/Rooms/RoomsMaterials/ROGTRANSPARENT 1.mat
  artifactKey: Guid(c37bd3dc45a3b4279a2d865252ae7358) Importer(2089858483,b0f066a214c2f5e87bad3c948f4d605d)
Start importing Assets/Prefabs/Rooms/RoomsMaterials/ROGTRANSPARENT 1.mat using Guid(c37bd3dc45a3b4279a2d865252ae7358) Importer(2089858483,b0f066a214c2f5e87bad3c948f4d605d) (ScriptedImporter) -> (artifact id: 'fd5fb147c9a2ce7fce6309eeef1897cf') in 0.000869125 seconds
Number of updated asset objects reloaded before import = 0Number of asset objects unloaded after import = 1

========================================================================
Received Import Request.
  Time since last request: 0.000019 seconds.
  path: Assets/Prefabs/Rooms/RoomsMaterials/comp_desk_b 2.mat
  artifactKey: Guid(c3f97ec192c6e43979a551ab1dd79436) Importer(2089858483,b0f066a214c2f5e87bad3c948f4d605d)
Start importing Assets/Prefabs/Rooms/RoomsMaterials/comp_desk_b 2.mat using Guid(c3f97ec192c6e43979a551ab1dd79436) Importer(2089858483,b0f066a214c2f5e87bad3c948f4d605d) (ScriptedImporter) -> (artifact id: '0f25893f1ef20f170125d83fd99741cc') in 0.000908834 seconds
Number of updated asset objects reloaded before import = 0Number of asset objects unloaded after import = 1

========================================================================
Received Import Request.
  Time since last request: 0.000042 seconds.
  path: Assets/Prefabs/Rooms/RoomsMaterials/Material.082 1.mat
  artifactKey: Guid(276fda5e25fd34471936d2974fe8795a) Importer(2089858483,b0f066a214c2f5e87bad3c948f4d605d)
Start importing Assets/Prefabs/Rooms/RoomsMaterials/Material.082 1.mat using Guid(276fda5e25fd34471936d2974fe8795a) Importer(2089858483,b0f066a214c2f5e87bad3c948f4d605d) (ScriptedImporter) -> (artifact id: 'c472b9a9418270e466eb492018f53ce8') in 0.000825416 seconds
Number of updated asset objects reloaded before import = 0Number of asset objects unloaded after import = 1

========================================================================
Received Import Request.
  Time since last request: 0.000044 seconds.
  path: Assets/Prefabs/Rooms/RoomsMaterials/Material.098 1.mat
  artifactKey: Guid(e970d8abcaaba4f46ae8e5736f913050) Importer(2089858483,b0f066a214c2f5e87bad3c948f4d605d)
Start importing Assets/Prefabs/Rooms/RoomsMaterials/Material.098 1.mat using Guid(e970d8abcaaba4f46ae8e5736f913050) Importer(2089858483,b0f066a214c2f5e87bad3c948f4d605d) (ScriptedImporter) -> (artifact id: '0dcd268a5c353938535ada5a71f90ffd') in 0.000858792 seconds
Number of updated asset objects reloaded before import = 0Number of asset objects unloaded after import = 1

========================================================================
Received Import Request.
  Time since last request: 0.000024 seconds.
  path: Assets/Prefabs/Rooms/RoomsMaterials/Material.072 1.mat
  artifactKey: Guid(0da82af0f37a94c26ade6ba9f93485ea) Importer(2089858483,b0f066a214c2f5e87bad3c948f4d605d)
Start importing Assets/Prefabs/Rooms/RoomsMaterials/Material.072 1.mat using Guid(0da82af0f37a94c26ade6ba9f93485ea) Importer(2089858483,b0f066a214c2f5e87bad3c948f4d605d) (ScriptedImporter) -> (artifact id: '0037162b40ce499db69e2b6ce985e8d6') in 0.000781125 seconds
Number of updated asset objects reloaded before import = 0Number of asset objects unloaded after import = 1

========================================================================
Received Import Request.
  Time since last request: 0.000021 seconds.
  path: Assets/Prefabs/Rooms/RoomsMaterials/Material.072.mat
  artifactKey: Guid(12d17da5280e9489785107e745937500) Importer(2089858483,b0f066a214c2f5e87bad3c948f4d605d)
Start importing Assets/Prefabs/Rooms/RoomsMaterials/Material.072.mat using Guid(12d17da5280e9489785107e745937500) Importer(2089858483,b0f066a214c2f5e87bad3c948f4d605d) (ScriptedImporter) -> (artifact id: '7a7b9f31bbcc4140ff60ee7ea7a98cc4') in 0.000828792 seconds
Number of updated asset objects reloaded before import = 0Number of asset objects unloaded after import = 1

========================================================================
Received Import Request.
  Time since last request: 0.000051 seconds.
  path: Assets/Scripts/Networks/Protocols/UDP.cs
  artifactKey: Guid(02dee043737134b938d913c0ddd27b72) Importer(2089858483,b0f066a214c2f5e87bad3c948f4d605d)
Start importing Assets/Scripts/Networks/Protocols/UDP.cs using Guid(02dee043737134b938d913c0ddd27b72) Importer(2089858483,b0f066a214c2f5e87bad3c948f4d605d) (ScriptedImporter) -> (artifact id: '946a61b0a78557db550657b22976d58a') in 0.000628542 seconds
Number of updated asset objects reloaded before import = 0Number of asset objects unloaded after import = 0

========================================================================
Received Import Request.
  Time since last request: 0.000024 seconds.
  path: Assets/Prefabs/Rooms/RoomsMaterials/comp_desk_c.mat
  artifactKey: Guid(4ebb0b2a28ef2437cb27a82d6737b4f0) Importer(2089858483,b0f066a214c2f5e87bad3c948f4d605d)
Start importing Assets/Prefabs/Rooms/RoomsMaterials/comp_desk_c.mat using Guid(4ebb0b2a28ef2437cb27a82d6737b4f0) Importer(2089858483,b0f066a214c2f5e87bad3c948f4d605d) (ScriptedImporter) -> (artifact id: 'a406569baf4d6176d2103f065cbcdcda') in 0.000783042 seconds
Number of updated asset objects reloaded before import = 0Number of asset objects unloaded after import = 1

========================================================================
Received Import Request.
  Time since last request: 0.000019 seconds.
  path: Assets/Prefabs/Rooms/RoomsMaterials/ROGTRANSPARENT 2.mat
  artifactKey: Guid(c60bdf222a2754073b72059d3f3fba80) Importer(2089858483,b0f066a214c2f5e87bad3c948f4d605d)
Start importing Assets/Prefabs/Rooms/RoomsMaterials/ROGTRANSPARENT 2.mat using Guid(c60bdf222a2754073b72059d3f3fba80) Importer(2089858483,b0f066a214c2f5e87bad3c948f4d605d) (ScriptedImporter) -> (artifact id: '878c16089b4141c1f084b4c58d092d9b') in 0.001583875 seconds
Number of updated asset objects reloaded before import = 0Number of asset objects unloaded after import = 1

========================================================================
Received Import Request.
  Time since last request: 0.000026 seconds.
  path: Assets/Scripts/Networks/Base/Router.cs
  artifactKey: Guid(2a1b395b14bd8488c8d6982ab4625cbe) Importer(2089858483,b0f066a214c2f5e87bad3c948f4d605d)
Start importing Assets/Scripts/Networks/Base/Router.cs using Guid(2a1b395b14bd8488c8d6982ab4625cbe) Importer(2089858483,b0f066a214c2f5e87bad3c948f4d605d) (ScriptedImporter) -> (artifact id: 'f3e2fc9279c8f13006b7851e84affa13') in 0.000654417 seconds
Number of updated asset objects reloaded before import = 0Number of asset objects unloaded after import = 0

========================================================================
Received Import Request.
  Time since last request: 0.000022 seconds.
  path: Assets/Prefabs/Rooms/RoomsMaterials/Material_51 2.mat
  artifactKey: Guid(4f6d216861f37448eb10e16f5d7ff8cc) Importer(2089858483,b0f066a214c2f5e87bad3c948f4d605d)
Start importing Assets/Prefabs/Rooms/RoomsMaterials/Material_51 2.mat using Guid(4f6d216861f37448eb10e16f5d7ff8cc) Importer(2089858483,b0f066a214c2f5e87bad3c948f4d605d) (ScriptedImporter) -> (artifact id: 'bda6331724a3740f789da699f8429972') in 0.000822292 seconds
Number of updated asset objects reloaded before import = 0Number of asset objects unloaded after import = 1

========================================================================
Received Import Request.
  Time since last request: 0.000060 seconds.
  path: Assets/Prefabs/Rooms/RoomsMaterials/comp_desk_button.mat
  artifactKey: Guid(4a168407e8d6f4064bae75d44241c27e) Importer(2089858483,b0f066a214c2f5e87bad3c948f4d605d)
Start importing Assets/Prefabs/Rooms/RoomsMaterials/comp_desk_button.mat using Guid(4a168407e8d6f4064bae75d44241c27e) Importer(2089858483,b0f066a214c2f5e87bad3c948f4d605d) (ScriptedImporter) -> (artifact id: 'ab408d3b85cc861e88e9dc105faaa83f') in 0.000993375 seconds
Number of updated asset objects reloaded before import = 0Number of asset objects unloaded after import = 1

========================================================================
Received Import Request.
  Time since last request: 0.000021 seconds.
  path: Assets/Prefabs/Rooms/RoomsMaterials/Material.083.mat
  artifactKey: Guid(c2b8c81854dd04b7db6e282674e9d1c9) Importer(2089858483,b0f066a214c2f5e87bad3c948f4d605d)
Start importing Assets/Prefabs/Rooms/RoomsMaterials/Material.083.mat using Guid(c2b8c81854dd04b7db6e282674e9d1c9) Importer(2089858483,b0f066a214c2f5e87bad3c948f4d605d) (ScriptedImporter) -> (artifact id: '9843a3cd3ef8580e54f050386d1dbc4c') in 0.000918083 seconds
Number of updated asset objects reloaded before import = 0Number of asset objects unloaded after import = 1

========================================================================
Received Import Request.
  Time since last request: 0.000029 seconds.
  path: Assets/Scripts/Networks/Protocols/Ethernet.cs
  artifactKey: Guid(fe71c9e8c6b564341a51f680baae29f6) Importer(2089858483,b0f066a214c2f5e87bad3c948f4d605d)
Start importing Assets/Scripts/Networks/Protocols/Ethernet.cs using Guid(fe71c9e8c6b564341a51f680baae29f6) Importer(2089858483,b0f066a214c2f5e87bad3c948f4d605d) (ScriptedImporter) -> (artifact id: '07a7d8b492dfe3da72b84afa1427e86a') in 0.000682792 seconds
Number of updated asset objects reloaded before import = 0Number of asset objects unloaded after import = 0

========================================================================
Received Import Request.
  Time since last request: 0.000033 seconds.
  path: Assets/Prefabs/Rooms/RoomsMaterials/comp_desk_button 2.mat
  artifactKey: Guid(f0e461d3e5ccd432e8e76c084b4f2209) Importer(2089858483,b0f066a214c2f5e87bad3c948f4d605d)
Start importing Assets/Prefabs/Rooms/RoomsMaterials/comp_desk_button 2.mat using Guid(f0e461d3e5ccd432e8e76c084b4f2209) Importer(2089858483,b0f066a214c2f5e87bad3c948f4d605d) (ScriptedImporter) -> (artifact id: '05277f745513b79622c3a8f91c5dca59') in 0.000939708 seconds
Number of updated asset objects reloaded before import = 0Number of asset objects unloaded after import = 1

========================================================================
Received Import Request.
  Time since last request: 0.000020 seconds.
  path: Assets/Prefabs/Rooms/RoomsMaterials/comp_desk_a.mat
  artifactKey: Guid(72922fe238e114760898f7417b33aebd) Importer(2089858483,b0f066a214c2f5e87bad3c948f4d605d)
Start importing Assets/Prefabs/Rooms/RoomsMaterials/comp_desk_a.mat using Guid(72922fe238e114760898f7417b33aebd) Importer(2089858483,b0f066a214c2f5e87bad3c948f4d605d) (ScriptedImporter) -> (artifact id: '02b8b95871bedebc5f481f1ae61a5e70') in 0.000872083 seconds
Number of updated asset objects reloaded before import = 0Number of asset objects unloaded after import = 1

========================================================================
Received Import Request.
  Time since last request: 0.000022 seconds.
  path: Assets/Prefabs/Rooms/RoomsMaterials/material.002 3.mat
  artifactKey: Guid(e6e5be8cb62a94712a8ec414987e0293) Importer(2089858483,b0f066a214c2f5e87bad3c948f4d605d)
Start importing Assets/Prefabs/Rooms/RoomsMaterials/material.002 3.mat using Guid(e6e5be8cb62a94712a8ec414987e0293) Importer(2089858483,b0f066a214c2f5e87bad3c948f4d605d) (ScriptedImporter) -> (artifact id: 'e7a8f5de98611cb0446f6b2b26a1155a') in 0.000788334 seconds
Number of updated asset objects reloaded before import = 0Number of asset objects unloaded after import = 1

========================================================================
Received Import Request.
  Time since last request: 0.000027 seconds.
  path: Assets/Prefabs/Rooms/RoomsMaterials/comp_desk_top.mat
  artifactKey: Guid(6087195f6662b44f79816c0870d7f304) Importer(2089858483,b0f066a214c2f5e87bad3c948f4d605d)
Start importing Assets/Prefabs/Rooms/RoomsMaterials/comp_desk_top.mat using Guid(6087195f6662b44f79816c0870d7f304) Importer(2089858483,b0f066a214c2f5e87bad3c948f4d605d) (ScriptedImporter) -> (artifact id: '8d150bdbd77b50dea5c4ad8e0ea787d3') in 0.000761458 seconds
Number of updated asset objects reloaded before import = 0Number of asset objects unloaded after import = 1

========================================================================
Received Import Request.
  Time since last request: 0.325701 seconds.
  path: Assets/Sprites/LoadScenes/scen 1/Безымянный-20022.png
  artifactKey: Guid(b5f7468fb268949bba9af2fdb29acadd) Importer(2089858483,b0f066a214c2f5e87bad3c948f4d605d)
Start importing Assets/Sprites/LoadScenes/scen 1/Безымянный-20022.png using Guid(b5f7468fb268949bba9af2fdb29acadd) Importer(2089858483,b0f066a214c2f5e87bad3c948f4d605d) (ScriptedImporter) -> (artifact id: '82ce42793433eabcf412cc3ba82b3d3e') in 0.004840375 seconds
Number of updated asset objects reloaded before import = 0Number of asset objects unloaded after import = 3

========================================================================
Received Import Request.
  Time since last request: 0.000018 seconds.
  path: Assets/Sprites/LoadScenes/scen 1/Безымянный-20158.png
  artifactKey: Guid(17b4b18f4da024c77b9e33616b1aafbf) Importer(2089858483,b0f066a214c2f5e87bad3c948f4d605d)
Start importing Assets/Sprites/LoadScenes/scen 1/Безымянный-20158.png using Guid(17b4b18f4da024c77b9e33616b1aafbf) Importer(2089858483,b0f066a214c2f5e87bad3c948f4d605d) (ScriptedImporter) -> (artifact id: 'da722f49da0a25f18f34aca577b734ec') in 0.004104 seconds
Number of updated asset objects reloaded before import = 0Number of asset objects unloaded after import = 3

========================================================================
Received Import Request.
  Time since last request: 0.000030 seconds.
  path: Assets/Sprites/city/gorod/gorod_00057.png
  artifactKey: Guid(4094488ba863c4cfda67626171b0c24e) Importer(2089858483,b0f066a214c2f5e87bad3c948f4d605d)
Start importing Assets/Sprites/city/gorod/gorod_00057.png using Guid(4094488ba863c4cfda67626171b0c24e) Importer(2089858483,b0f066a214c2f5e87bad3c948f4d605d) (ScriptedImporter) -> (artifact id: '2e06dcbdfc0a24624616ff72c981fe96') in 0.004864167 seconds
Number of updated asset objects reloaded before import = 0Number of asset objects unloaded after import = 3

========================================================================
Received Import Request.
  Time since last request: 0.000024 seconds.
  path: Assets/Sprites/LoadScenes/scen 1/Безымянный-20139.png
  artifactKey: Guid(b167c96c913384fe888b9f91eb9d65f9) Importer(2089858483,b0f066a214c2f5e87bad3c948f4d605d)
Start importing Assets/Sprites/LoadScenes/scen 1/Безымянный-20139.png using Guid(b167c96c913384fe888b9f91eb9d65f9) Importer(2089858483,b0f066a214c2f5e87bad3c948f4d605d) (ScriptedImporter) -> (artifact id: 'b18a3d458d33b047593914d6bb6585fc') in 0.004383875 seconds
Number of updated asset objects reloaded before import = 0Number of asset objects unloaded after import = 3

========================================================================
Received Import Request.
  Time since last request: 0.000027 seconds.
  path: Assets/Sprites/city/gorod/gorod_00129.png
  artifactKey: Guid(e5d63e09369f74805887298ee1ab6181) Importer(2089858483,b0f066a214c2f5e87bad3c948f4d605d)
Start importing Assets/Sprites/city/gorod/gorod_00129.png using Guid(e5d63e09369f74805887298ee1ab6181) Importer(2089858483,b0f066a214c2f5e87bad3c948f4d605d) (ScriptedImporter) -> (artifact id: '25764a980d06c4c318ddc6dc1c0acf48') in 0.004050708 seconds
Number of updated asset objects reloaded before import = 0Number of asset objects unloaded after import = 3

========================================================================
Received Import Request.
  Time since last request: 0.000028 seconds.
  path: Assets/Sprites/LoadScenes/scen 1/Безымянный-20044.png
  artifactKey: Guid(4f71d12309cb8416a96f95ded6f28597) Importer(2089858483,b0f066a214c2f5e87bad3c948f4d605d)
Start importing Assets/Sprites/LoadScenes/scen 1/Безымянный-20044.png using Guid(4f71d12309cb8416a96f95ded6f28597) Importer(2089858483,b0f066a214c2f5e87bad3c948f4d605d) (ScriptedImporter) -> (artifact id: 'bb5274025934546801f2a702d2621486') in 0.003881417 seconds
Number of updated asset objects reloaded before import = 0Number of asset objects unloaded after import = 3

========================================================================
Received Import Request.
  Time since last request: 0.000023 seconds.
  path: Assets/Sprites/LoadScenes/scen 1/Безымянный-20098.png
  artifactKey: Guid(2713d1530976f4bb794e02481b43df57) Importer(2089858483,b0f066a214c2f5e87bad3c948f4d605d)
Start importing Assets/Sprites/LoadScenes/scen 1/Безымянный-20098.png using Guid(2713d1530976f4bb794e02481b43df57) Importer(2089858483,b0f066a214c2f5e87bad3c948f4d605d) (ScriptedImporter) -> (artifact id: '91cfbfb883ca61e074bbc46d215b1dc8') in 0.00459225 seconds
Number of updated asset objects reloaded before import = 0Number of asset objects unloaded after import = 3

========================================================================
Received Import Request.
  Time since last request: 0.000024 seconds.
  path: Assets/Sprites/city/gorod/gorod_00089.png
  artifactKey: Guid(5a067742d15684ba2b51f2c3862b7210) Importer(2089858483,b0f066a214c2f5e87bad3c948f4d605d)
Start importing Assets/Sprites/city/gorod/gorod_00089.png using Guid(5a067742d15684ba2b51f2c3862b7210) Importer(2089858483,b0f066a214c2f5e87bad3c948f4d605d) (ScriptedImporter) -> (artifact id: 'a7ffae4a1277ebc172be2be155aca430') in 0.003684 seconds
Number of updated asset objects reloaded before import = 0Number of asset objects unloaded after import = 3

========================================================================
Received Import Request.
  Time since last request: 0.000022 seconds.
  path: Assets/Sprites/LoadScenes/scen 1/Безымянный-20073.png
  artifactKey: Guid(c4a615bc4c8cd4d8c9da0fb4b99cf33d) Importer(2089858483,b0f066a214c2f5e87bad3c948f4d605d)
Start importing Assets/Sprites/LoadScenes/scen 1/Безымянный-20073.png using Guid(c4a615bc4c8cd4d8c9da0fb4b99cf33d) Importer(2089858483,b0f066a214c2f5e87bad3c948f4d605d) (ScriptedImporter) -> (artifact id: '36178aab4ffdfee39d263a42fb2b8aee') in 0.003810208 seconds
Number of updated asset objects reloaded before import = 0Number of asset objects unloaded after import = 3

========================================================================
Received Import Request.
  Time since last request: 0.000023 seconds.
  path: Assets/Sprites/city/gorod/gorod_00015.png
  artifactKey: Guid(044fb364b5ebe437ba482f5bfa97df1e) Importer(2089858483,b0f066a214c2f5e87bad3c948f4d605d)
Start importing Assets/Sprites/city/gorod/gorod_00015.png using Guid(044fb364b5ebe437ba482f5bfa97df1e) Importer(2089858483,b0f066a214c2f5e87bad3c948f4d605d) (ScriptedImporter) -> (artifact id: '3dd297f997718e92e983c9c3db9ec819') in 0.003639541 seconds
Number of updated asset objects reloaded before import = 0Number of asset objects unloaded after import = 3

========================================================================
Received Import Request.
  Time since last request: 0.000045 seconds.
  path: Assets/Sprites/city/gorod/gorod_00082.png
  artifactKey: Guid(a0fd90587fa794374a909dcd33564209) Importer(2089858483,b0f066a214c2f5e87bad3c948f4d605d)
Start importing Assets/Sprites/city/gorod/gorod_00082.png using Guid(a0fd90587fa794374a909dcd33564209) Importer(2089858483,b0f066a214c2f5e87bad3c948f4d605d) (ScriptedImporter) -> (artifact id: '33288cbfc576a0ee09adbf4fea4d0da2') in 0.004402875 seconds
Number of updated asset objects reloaded before import = 0Number of asset objects unloaded after import = 3

========================================================================
Received Import Request.
  Time since last request: 0.000022 seconds.
  path: Assets/Sprites/city/gorod/gorod_00080.png
  artifactKey: Guid(e5d2c2ffcaf0742dda6d629909b2f54f) Importer(2089858483,b0f066a214c2f5e87bad3c948f4d605d)
Start importing Assets/Sprites/city/gorod/gorod_00080.png using Guid(e5d2c2ffcaf0742dda6d629909b2f54f) Importer(2089858483,b0f066a214c2f5e87bad3c948f4d605d) (ScriptedImporter) -> (artifact id: '8abce53fc98e4dd374975a61b45d9b95') in 0.0051365 seconds
Number of updated asset objects reloaded before import = 0Number of asset objects unloaded after import = 3

========================================================================
Received Import Request.
  Time since last request: 0.000022 seconds.
  path: Assets/Sprites/city/gorod/gorod_00027.png
  artifactKey: Guid(18503620036cf44869dfe6c52f8d8986) Importer(2089858483,b0f066a214c2f5e87bad3c948f4d605d)
Start importing Assets/Sprites/city/gorod/gorod_00027.png using Guid(18503620036cf44869dfe6c52f8d8986) Importer(2089858483,b0f066a214c2f5e87bad3c948f4d605d) (ScriptedImporter) -> (artifact id: '53b9810ce9b5b3d7f54dfa9e3f66ad43') in 0.003992541 seconds
Number of updated asset objects reloaded before import = 0Number of asset objects unloaded after import = 3

========================================================================
Received Import Request.
  Time since last request: 0.000017 seconds.
  path: Assets/Sprites/city/gorod/gorod_00115.png
  artifactKey: Guid(76aa5d850ac0740d09a6d778ddb2b9ea) Importer(2089858483,b0f066a214c2f5e87bad3c948f4d605d)
Start importing Assets/Sprites/city/gorod/gorod_00115.png using Guid(76aa5d850ac0740d09a6d778ddb2b9ea) Importer(2089858483,b0f066a214c2f5e87bad3c948f4d605d) (ScriptedImporter) -> (artifact id: 'e13c26c06a9b679c92daeea0ba1d9d17') in 0.005069625 seconds
Number of updated asset objects reloaded before import = 0Number of asset objects unloaded after import = 3

========================================================================
Received Import Request.
  Time since last request: 0.000024 seconds.
  path: Assets/Sprites/LoadScenes/scen 1/Безымянный-20032.png
  artifactKey: Guid(536c5edde638e4283a18f0f47153ea35) Importer(2089858483,b0f066a214c2f5e87bad3c948f4d605d)
Start importing Assets/Sprites/LoadScenes/scen 1/Безымянный-20032.png using Guid(536c5edde638e4283a18f0f47153ea35) Importer(2089858483,b0f066a214c2f5e87bad3c948f4d605d) (ScriptedImporter) -> (artifact id: 'e2f9042cc942915ce0b601571b951cf6') in 0.004452708 seconds
Number of updated asset objects reloaded before import = 0Number of asset objects unloaded after import = 3

========================================================================
Received Import Request.
  Time since last request: 0.000022 seconds.
  path: Assets/Sprites/city/gorod/gorod_00121.png
  artifactKey: Guid(deef1a90f27b64593937d03f7dca1feb) Importer(2089858483,b0f066a214c2f5e87bad3c948f4d605d)
Start importing Assets/Sprites/city/gorod/gorod_00121.png using Guid(deef1a90f27b64593937d03f7dca1feb) Importer(2089858483,b0f066a214c2f5e87bad3c948f4d605d) (ScriptedImporter) -> (artifact id: '0d9e6e2fb86435bb02b0d44b559a70ba') in 0.003586291 seconds
Number of updated asset objects reloaded before import = 0Number of asset objects unloaded after import = 3

========================================================================
Received Import Request.
  Time since last request: 0.000022 seconds.
  path: Assets/Sprites/LoadScenes/scen 1/Безымянный-20089.png
  artifactKey: Guid(3b7ef50f431fe4c14a704fbc3c0c77a2) Importer(2089858483,b0f066a214c2f5e87bad3c948f4d605d)
Start importing Assets/Sprites/LoadScenes/scen 1/Безымянный-20089.png using Guid(3b7ef50f431fe4c14a704fbc3c0c77a2) Importer(2089858483,b0f066a214c2f5e87bad3c948f4d605d) (ScriptedImporter) -> (artifact id: 'bc6d9f103e581e9eb66990ae601e30c2') in 0.005678375 seconds
Number of updated asset objects reloaded before import = 0Number of asset objects unloaded after import = 3

========================================================================
Received Import Request.
  Time since last request: 0.000022 seconds.
  path: Assets/Sprites/city/gorod/gorod_00020.png
  artifactKey: Guid(92be7d2e253f54d4db4908ef7c1188ad) Importer(2089858483,b0f066a214c2f5e87bad3c948f4d605d)
Start importing Assets/Sprites/city/gorod/gorod_00020.png using Guid(92be7d2e253f54d4db4908ef7c1188ad) Importer(2089858483,b0f066a214c2f5e87bad3c948f4d605d) (ScriptedImporter) -> (artifact id: '6211f992ef6f0b64af7aee9c299c26fd') in 0.004184291 seconds
Number of updated asset objects reloaded before import = 0Number of asset objects unloaded after import = 3

========================================================================
Received Import Request.
  Time since last request: 0.000023 seconds.
  path: Assets/Sprites/city/gorod/gorod_00088.png
  artifactKey: Guid(e463b5161c0ef4367a81e5fa1cabf54f) Importer(2089858483,b0f066a214c2f5e87bad3c948f4d605d)
Start importing Assets/Sprites/city/gorod/gorod_00088.png using Guid(e463b5161c0ef4367a81e5fa1cabf54f) Importer(2089858483,b0f066a214c2f5e87bad3c948f4d605d) (ScriptedImporter) -> (artifact id: '8cccdd2ecac9ac4a06cd229f74935e2c') in 0.00467075 seconds
Number of updated asset objects reloaded before import = 0Number of asset objects unloaded after import = 3

========================================================================
Received Import Request.
  Time since last request: 0.000024 seconds.
  path: Assets/Sprites/city/gorod/gorod_00022.png
  artifactKey: Guid(c135c1093dc5d424dacf407c3609e82b) Importer(2089858483,b0f066a214c2f5e87bad3c948f4d605d)
Start importing Assets/Sprites/city/gorod/gorod_00022.png using Guid(c135c1093dc5d424dacf407c3609e82b) Importer(2089858483,b0f066a214c2f5e87bad3c948f4d605d) (ScriptedImporter) -> (artifact id: '7e06c78410692b69ea67d59a046f2d77') in 0.003752209 seconds
Number of updated asset objects reloaded before import = 0Number of asset objects unloaded after import = 3

========================================================================
Received Import Request.
  Time since last request: 0.000034 seconds.
  path: Assets/Sprites/LoadScenes/scen 1/Безымянный-20078.png
  artifactKey: Guid(8527c627363254e988f8d21848b32639) Importer(2089858483,b0f066a214c2f5e87bad3c948f4d605d)
Start importing Assets/Sprites/LoadScenes/scen 1/Безымянный-20078.png using Guid(8527c627363254e988f8d21848b32639) Importer(2089858483,b0f066a214c2f5e87bad3c948f4d605d) (ScriptedImporter) -> (artifact id: 'fdea5cd0799cbb2db583a77ae7a5e2b8') in 0.003724875 seconds
Number of updated asset objects reloaded before import = 0Number of asset objects unloaded after import = 3

========================================================================
Received Import Request.
  Time since last request: 0.000022 seconds.
  path: Assets/Sprites/LoadScenes/scen 1/Безымянный-20114.png
  artifactKey: Guid(22aa9cd3d967b4f278d9c7913e092094) Importer(2089858483,b0f066a214c2f5e87bad3c948f4d605d)
Start importing Assets/Sprites/LoadScenes/scen 1/Безымянный-20114.png using Guid(22aa9cd3d967b4f278d9c7913e092094) Importer(2089858483,b0f066a214c2f5e87bad3c948f4d605d) (ScriptedImporter) -> (artifact id: '95642eae26939bc12df261bbbe3e76e5') in 0.003810708 seconds
Number of updated asset objects reloaded before import = 0Number of asset objects unloaded after import = 3

========================================================================
Received Import Request.
  Time since last request: 0.000033 seconds.
  path: Assets/Sprites/city/gorod/gorod_00086.png
  artifactKey: Guid(f00ead7dc12f24520a86539cc2372c68) Importer(2089858483,b0f066a214c2f5e87bad3c948f4d605d)
Start importing Assets/Sprites/city/gorod/gorod_00086.png using Guid(f00ead7dc12f24520a86539cc2372c68) Importer(2089858483,b0f066a214c2f5e87bad3c948f4d605d) (ScriptedImporter) -> (artifact id: '10457edbaeaf2409af456807bb9eacb4') in 0.004541583 seconds
Number of updated asset objects reloaded before import = 0Number of asset objects unloaded after import = 3

========================================================================
Received Import Request.
  Time since last request: 0.000026 seconds.
  path: Assets/Sprites/LoadScenes/scen 1/Безымянный-20151.png
  artifactKey: Guid(e850a06163c7443c6aad5b1ed8b38f08) Importer(2089858483,b0f066a214c2f5e87bad3c948f4d605d)
Start importing Assets/Sprites/LoadScenes/scen 1/Безымянный-20151.png using Guid(e850a06163c7443c6aad5b1ed8b38f08) Importer(2089858483,b0f066a214c2f5e87bad3c948f4d605d) (ScriptedImporter) -> (artifact id: '2862227ce37e80bd7a62fd969efca03b') in 0.003885 seconds
Number of updated asset objects reloaded before import = 0Number of asset objects unloaded after import = 3

========================================================================
Received Import Request.
  Time since last request: 0.000052 seconds.
  path: Assets/Sprites/LoadScenes/scen 1/Безымянный-20043.png
  artifactKey: Guid(c4ad891d83487439d94a727750fe66e8) Importer(2089858483,b0f066a214c2f5e87bad3c948f4d605d)
Start importing Assets/Sprites/LoadScenes/scen 1/Безымянный-20043.png using Guid(c4ad891d83487439d94a727750fe66e8) Importer(2089858483,b0f066a214c2f5e87bad3c948f4d605d) (ScriptedImporter) -> (artifact id: '06c5cb412d0aa69da82b2ab71789cbe3') in 0.003729667 seconds
Number of updated asset objects reloaded before import = 0Number of asset objects unloaded after import = 3

========================================================================
Received Import Request.
  Time since last request: 0.000042 seconds.
  path: Assets/Sprites/city/gorod/gorod_00102.png
  artifactKey: Guid(70131e6e76bee4085ba574e27a702d66) Importer(2089858483,b0f066a214c2f5e87bad3c948f4d605d)
Start importing Assets/Sprites/city/gorod/gorod_00102.png using Guid(70131e6e76bee4085ba574e27a702d66) Importer(2089858483,b0f066a214c2f5e87bad3c948f4d605d) (ScriptedImporter) -> (artifact id: '20b32040a09700c53b9f486181db1d82') in 0.004434041 seconds
Number of updated asset objects reloaded before import = 0Number of asset objects unloaded after import = 3

========================================================================
Received Import Request.
  Time since last request: 0.000024 seconds.
  path: Assets/Sprites/LoadScenes/scen 1/Безымянный-20064.png
  artifactKey: Guid(2e886787a9e4141db99956c8ce23f7fb) Importer(2089858483,b0f066a214c2f5e87bad3c948f4d605d)
Start importing Assets/Sprites/LoadScenes/scen 1/Безымянный-20064.png using Guid(2e886787a9e4141db99956c8ce23f7fb) Importer(2089858483,b0f066a214c2f5e87bad3c948f4d605d) (ScriptedImporter) -> (artifact id: '441bb14344b94e8d7e7d81e9499e7b12') in 0.003931375 seconds
Number of updated asset objects reloaded before import = 0Number of asset objects unloaded after import = 3

========================================================================
Received Import Request.
  Time since last request: 0.000024 seconds.
  path: Assets/Sprites/city/gorod/gorod_00065.png
  artifactKey: Guid(a5fecf3d5db4f4c03a591b8f075ba5d8) Importer(2089858483,b0f066a214c2f5e87bad3c948f4d605d)
Start importing Assets/Sprites/city/gorod/gorod_00065.png using Guid(a5fecf3d5db4f4c03a591b8f075ba5d8) Importer(2089858483,b0f066a214c2f5e87bad3c948f4d605d) (ScriptedImporter) -> (artifact id: '181631a5efe29c7429f6ed84ccb7b8b5') in 0.003809959 seconds
Number of updated asset objects reloaded before import = 0Number of asset objects unloaded after import = 3

========================================================================
Received Import Request.
  Time since last request: 0.000023 seconds.
  path: Assets/TextMesh Pro/Resources/Fonts & Materials/LiberationSans SDF - Drop Shadow.mat
  artifactKey: Guid(e73a58f6e2794ae7b1b7e50b7fb811b0) Importer(2089858483,b0f066a214c2f5e87bad3c948f4d605d)
Start importing Assets/TextMesh Pro/Resources/Fonts & Materials/LiberationSans SDF - Drop Shadow.mat using Guid(e73a58f6e2794ae7b1b7e50b7fb811b0) Importer(2089858483,b0f066a214c2f5e87bad3c948f4d605d) (ScriptedImporter) -> (artifact id: '017e3c71053021a44c92e0dd89a204d0') in 0.007767375 seconds
Number of updated asset objects reloaded before import = 0Number of asset objects unloaded after import = 2

========================================================================
Received Import Request.
  Time since last request: 0.000045 seconds.
  path: Assets/Sprites/LoadScenes/scen 1/Безымянный-20112.png
  artifactKey: Guid(146baf73cbb594271a64810a4505eef2) Importer(2089858483,b0f066a214c2f5e87bad3c948f4d605d)
Start importing Assets/Sprites/LoadScenes/scen 1/Безымянный-20112.png using Guid(146baf73cbb594271a64810a4505eef2) Importer(2089858483,b0f066a214c2f5e87bad3c948f4d605d) (ScriptedImporter) -> (artifact id: '0a14fc1e6048d5e3619c654e9bdb03fe') in 0.003915375 seconds
Number of updated asset objects reloaded before import = 0Number of asset objects unloaded after import = 3

========================================================================
Received Import Request.
  Time since last request: 0.000022 seconds.
  path: Assets/Sprites/LoadScenes/scen 1/Безымянный-20159.png
  artifactKey: Guid(7a21ba8c90f92425399093a23d3f5b8f) Importer(2089858483,b0f066a214c2f5e87bad3c948f4d605d)
Start importing Assets/Sprites/LoadScenes/scen 1/Безымянный-20159.png using Guid(7a21ba8c90f92425399093a23d3f5b8f) Importer(2089858483,b0f066a214c2f5e87bad3c948f4d605d) (ScriptedImporter) -> (artifact id: '809682379a0610ad3c8601b34a058237') in 0.004501708 seconds
Number of updated asset objects reloaded before import = 0Number of asset objects unloaded after import = 3

========================================================================
Received Import Request.
  Time since last request: 0.000022 seconds.
  path: Assets/Sprites/LoadScenes/scen 1/Безымянный-20080.png
  artifactKey: Guid(0b4f41a43200844449d18910ce2d7868) Importer(2089858483,b0f066a214c2f5e87bad3c948f4d605d)
Start importing Assets/Sprites/LoadScenes/scen 1/Безымянный-20080.png using Guid(0b4f41a43200844449d18910ce2d7868) Importer(2089858483,b0f066a214c2f5e87bad3c948f4d605d) (ScriptedImporter) -> (artifact id: '406e6074c5153ed960c21a3975eaf6ff') in 0.003709667 seconds
Number of updated asset objects reloaded before import = 0Number of asset objects unloaded after import = 3

========================================================================
Received Import Request.
  Time since last request: 0.000022 seconds.
  path: Assets/Sprites/LoadScenes/scen 1/Безымянный-20063.png
  artifactKey: Guid(96dcdb0c630de499590b9cde9b15f2d1) Importer(2089858483,b0f066a214c2f5e87bad3c948f4d605d)
Start importing Assets/Sprites/LoadScenes/scen 1/Безымянный-20063.png using Guid(96dcdb0c630de499590b9cde9b15f2d1) Importer(2089858483,b0f066a214c2f5e87bad3c948f4d605d) (ScriptedImporter) -> (artifact id: '60d4aeb692588488cadcb7703071d226') in 0.003840916 seconds
Number of updated asset objects reloaded before import = 0Number of asset objects unloaded after import = 3

========================================================================
Received Import Request.
  Time since last request: 0.000039 seconds.
  path: Assets/Sprites/LoadScenes/scen 1/Безымянный-20071.png
  artifactKey: Guid(c6dd93d461332413b9fff1e37aab65fa) Importer(2089858483,b0f066a214c2f5e87bad3c948f4d605d)
Start importing Assets/Sprites/LoadScenes/scen 1/Безымянный-20071.png using Guid(c6dd93d461332413b9fff1e37aab65fa) Importer(2089858483,b0f066a214c2f5e87bad3c948f4d605d) (ScriptedImporter) -> (artifact id: '1184236816baa52edc51faa7a80c91f4') in 0.004336875 seconds
Number of updated asset objects reloaded before import = 0Number of asset objects unloaded after import = 3

========================================================================
Received Import Request.
  Time since last request: 0.000025 seconds.
  path: Assets/Sprites/LoadScenes/scen 1/Безымянный-20131.png
  artifactKey: Guid(d85482115e60d42509a985971470f83b) Importer(2089858483,b0f066a214c2f5e87bad3c948f4d605d)
Start importing Assets/Sprites/LoadScenes/scen 1/Безымянный-20131.png using Guid(d85482115e60d42509a985971470f83b) Importer(2089858483,b0f066a214c2f5e87bad3c948f4d605d) (ScriptedImporter) -> (artifact id: '12253f7f4f41e2d9f2b5092ed1764b2d') in 0.005282916 seconds
Number of updated asset objects reloaded before import = 0Number of asset objects unloaded after import = 3

========================================================================
Received Import Request.
  Time since last request: 0.000023 seconds.
  path: Assets/Sprites/city/gorod/gorod_00113.png
  artifactKey: Guid(78843259f0c304cea925fd633d0a3a6b) Importer(2089858483,b0f066a214c2f5e87bad3c948f4d605d)
Start importing Assets/Sprites/city/gorod/gorod_00113.png using Guid(78843259f0c304cea925fd633d0a3a6b) Importer(2089858483,b0f066a214c2f5e87bad3c948f4d605d) (ScriptedImporter) -> (artifact id: 'd30427d51ab473e9bfd7f82ff02fd51c') in 0.003781875 seconds
Number of updated asset objects reloaded before import = 0Number of asset objects unloaded after import = 3

========================================================================
Received Import Request.
  Time since last request: 0.000022 seconds.
  path: Assets/Sprites/city/gorod/gorod_00118.png
  artifactKey: Guid(2e81704f7383e469eaab8881424aa9fd) Importer(2089858483,b0f066a214c2f5e87bad3c948f4d605d)
Start importing Assets/Sprites/city/gorod/gorod_00118.png using Guid(2e81704f7383e469eaab8881424aa9fd) Importer(2089858483,b0f066a214c2f5e87bad3c948f4d605d) (ScriptedImporter) -> (artifact id: '6468a14c3e534b75c1102bde78229a97') in 0.00389675 seconds
Number of updated asset objects reloaded before import = 0Number of asset objects unloaded after import = 3

========================================================================
Received Import Request.
  Time since last request: 0.000024 seconds.
  path: Assets/Sprites/city/gorod/gorod_00001.png
  artifactKey: Guid(133de3bf33fa349b1a26531ac7ebc268) Importer(2089858483,b0f066a214c2f5e87bad3c948f4d605d)
Start importing Assets/Sprites/city/gorod/gorod_00001.png using Guid(133de3bf33fa349b1a26531ac7ebc268) Importer(2089858483,b0f066a214c2f5e87bad3c948f4d605d) (ScriptedImporter) -> (artifact id: 'd4cbeae49b4d73d328e157724a41de97') in 0.003798791 seconds
Number of updated asset objects reloaded before import = 0Number of asset objects unloaded after import = 3

========================================================================
Received Import Request.
  Time since last request: 0.000023 seconds.
  path: Assets/Sprites/city/gorod/gorod_00090.png
  artifactKey: Guid(5d9a1a24fb38a47f19c3b871f7dff68c) Importer(2089858483,b0f066a214c2f5e87bad3c948f4d605d)
Start importing Assets/Sprites/city/gorod/gorod_00090.png using Guid(5d9a1a24fb38a47f19c3b871f7dff68c) Importer(2089858483,b0f066a214c2f5e87bad3c948f4d605d) (ScriptedImporter) -> (artifact id: '45b4a6cf6d8dd0b10beec1b473302192') in 0.004720583 seconds
Number of updated asset objects reloaded before import = 0Number of asset objects unloaded after import = 3

========================================================================
Received Import Request.
  Time since last request: 0.000023 seconds.
  path: Assets/Sprites/LoadScenes/scen 1/Безымянный-20053.png
  artifactKey: Guid(e105e234324da410abb35994d16c1721) Importer(2089858483,b0f066a214c2f5e87bad3c948f4d605d)
Start importing Assets/Sprites/LoadScenes/scen 1/Безымянный-20053.png using Guid(e105e234324da410abb35994d16c1721) Importer(2089858483,b0f066a214c2f5e87bad3c948f4d605d) (ScriptedImporter) -> (artifact id: 'f8eabd6f18fdb6048a4776b1b1408f80') in 0.004581792 seconds
Number of updated asset objects reloaded before import = 0Number of asset objects unloaded after import = 3

========================================================================
Received Import Request.
  Time since last request: 0.000022 seconds.
  path: Assets/Sprites/city/gorod/gorod_00037.png
  artifactKey: Guid(0ee82c084999145beb8c044f889deb0b) Importer(2089858483,b0f066a214c2f5e87bad3c948f4d605d)
Start importing Assets/Sprites/city/gorod/gorod_00037.png using Guid(0ee82c084999145beb8c044f889deb0b) Importer(2089858483,b0f066a214c2f5e87bad3c948f4d605d) (ScriptedImporter) -> (artifact id: '44bf66593f9fb983a052519d278a4caa') in 0.003912917 seconds
Number of updated asset objects reloaded before import = 0Number of asset objects unloaded after import = 3

========================================================================
Received Import Request.
  Time since last request: 0.000038 seconds.
  path: Assets/Sprites/LoadScenes/scen 1/Безымянный-20025.png
  artifactKey: Guid(1adb30b876c80498c8fe14ee438550e6) Importer(2089858483,b0f066a214c2f5e87bad3c948f4d605d)
Start importing Assets/Sprites/LoadScenes/scen 1/Безымянный-20025.png using Guid(1adb30b876c80498c8fe14ee438550e6) Importer(2089858483,b0f066a214c2f5e87bad3c948f4d605d) (ScriptedImporter) -> (artifact id: '9aace4bc8bde8c7cf3f4af53ae331c35') in 0.003729875 seconds
Number of updated asset objects reloaded before import = 0Number of asset objects unloaded after import = 3

========================================================================
Received Import Request.
  Time since last request: 0.000016 seconds.
  path: Assets/Sprites/LoadScenes/scen 1/Безымянный-20111.png
  artifactKey: Guid(02727a584772f47bb9a11b523153d20e) Importer(2089858483,b0f066a214c2f5e87bad3c948f4d605d)
Start importing Assets/Sprites/LoadScenes/scen 1/Безымянный-20111.png using Guid(02727a584772f47bb9a11b523153d20e) Importer(2089858483,b0f066a214c2f5e87bad3c948f4d605d) (ScriptedImporter) -> (artifact id: 'ec45b49e67eb5ed6f357be76de0efc28') in 0.004020708 seconds
Number of updated asset objects reloaded before import = 0Number of asset objects unloaded after import = 3

========================================================================
Received Import Request.
  Time since last request: 0.000021 seconds.
  path: Assets/Sprites/LoadScenes/scen 1/Безымянный-20109.png
  artifactKey: Guid(febf1bfd5aee941be9d1ce8a8298c19f) Importer(2089858483,b0f066a214c2f5e87bad3c948f4d605d)
Start importing Assets/Sprites/LoadScenes/scen 1/Безымянный-20109.png using Guid(febf1bfd5aee941be9d1ce8a8298c19f) Importer(2089858483,b0f066a214c2f5e87bad3c948f4d605d) (ScriptedImporter) -> (artifact id: '155d23f6d56dc08455337960b5463d4d') in 0.004833208 seconds
Number of updated asset objects reloaded before import = 0Number of asset objects unloaded after import = 3

========================================================================
Received Import Request.
  Time since last request: 0.000027 seconds.
  path: Assets/Sprites/city/gorod/gorod_00072.png
  artifactKey: Guid(afe1116055fab40519d253331ac31427) Importer(2089858483,b0f066a214c2f5e87bad3c948f4d605d)
Start importing Assets/Sprites/city/gorod/gorod_00072.png using Guid(afe1116055fab40519d253331ac31427) Importer(2089858483,b0f066a214c2f5e87bad3c948f4d605d) (ScriptedImporter) -> (artifact id: '2e0e98c481d44e04f6c5c9c34606d616') in 0.004089833 seconds
Number of updated asset objects reloaded before import = 0Number of asset objects unloaded after import = 3

========================================================================
Received Import Request.
  Time since last request: 0.000036 seconds.
  path: Assets/Sprites/LoadScenes/scen 1/Безымянный-20163.png
  artifactKey: Guid(914288e746d05499987455b53ae6676d) Importer(2089858483,b0f066a214c2f5e87bad3c948f4d605d)
Start importing Assets/Sprites/LoadScenes/scen 1/Безымянный-20163.png using Guid(914288e746d05499987455b53ae6676d) Importer(2089858483,b0f066a214c2f5e87bad3c948f4d605d) (ScriptedImporter) -> (artifact id: '5c05b397462f71a6daddaf01058b27f2') in 0.004203417 seconds
Number of updated asset objects reloaded before import = 0Number of asset objects unloaded after import = 3

========================================================================
Received Import Request.
  Time since last request: 0.000024 seconds.
  path: Assets/Sprites/city/gorod/gorod_00073.png
  artifactKey: Guid(008512bcaf04c4d02a4d154c1407013d) Importer(2089858483,b0f066a214c2f5e87bad3c948f4d605d)
Start importing Assets/Sprites/city/gorod/gorod_00073.png using Guid(008512bcaf04c4d02a4d154c1407013d) Importer(2089858483,b0f066a214c2f5e87bad3c948f4d605d) (ScriptedImporter) -> (artifact id: '67db59699b7d8b59d32e4317779472c3') in 0.004216417 seconds
Number of updated asset objects reloaded before import = 0Number of asset objects unloaded after import = 3

========================================================================
Received Import Request.
  Time since last request: 0.000035 seconds.
  path: Assets/Sprites/city/gorod/gorod_00026.png
  artifactKey: Guid(450166a5479d24b3c92fb38a1959aae8) Importer(2089858483,b0f066a214c2f5e87bad3c948f4d605d)
Start importing Assets/Sprites/city/gorod/gorod_00026.png using Guid(450166a5479d24b3c92fb38a1959aae8) Importer(2089858483,b0f066a214c2f5e87bad3c948f4d605d) (ScriptedImporter) -> (artifact id: '69c0bc8ffddd0ce3ccc256b89e82e531') in 0.003940291 seconds
Number of updated asset objects reloaded before import = 0Number of asset objects unloaded after import = 3

========================================================================
Received Import Request.
  Time since last request: 0.000025 seconds.
  path: Assets/Sprites/LoadScenes/scen 1/Безымянный-20048.png
  artifactKey: Guid(d9308ff3e70de492d99b2c04de1379c3) Importer(2089858483,b0f066a214c2f5e87bad3c948f4d605d)
Start importing Assets/Sprites/LoadScenes/scen 1/Безымянный-20048.png using Guid(d9308ff3e70de492d99b2c04de1379c3) Importer(2089858483,b0f066a214c2f5e87bad3c948f4d605d) (ScriptedImporter) -> (artifact id: 'c8b533b0c19a3bfa71f961d09b4893c6') in 0.00625275 seconds
Number of updated asset objects reloaded before import = 0Number of asset objects unloaded after import = 3

========================================================================
Received Import Request.
  Time since last request: 0.000023 seconds.
  path: Assets/Sprites/city/gorod/gorod_00071.png
  artifactKey: Guid(92345fab620154fc7a49e2f209f19d0f) Importer(2089858483,b0f066a214c2f5e87bad3c948f4d605d)
Start importing Assets/Sprites/city/gorod/gorod_00071.png using Guid(92345fab620154fc7a49e2f209f19d0f) Importer(2089858483,b0f066a214c2f5e87bad3c948f4d605d) (ScriptedImporter) -> (artifact id: '62da272d0653eb22e0a5a8eaaa613943') in 0.003588041 seconds
Number of updated asset objects reloaded before import = 0Number of asset objects unloaded after import = 3

========================================================================
Received Import Request.
  Time since last request: 0.000021 seconds.
  path: Assets/Sprites/city/gorod/gorod_00112.png
  artifactKey: Guid(d711bffc35aa24ff1b87ec8ca98a45ff) Importer(2089858483,b0f066a214c2f5e87bad3c948f4d605d)
Start importing Assets/Sprites/city/gorod/gorod_00112.png using Guid(d711bffc35aa24ff1b87ec8ca98a45ff) Importer(2089858483,b0f066a214c2f5e87bad3c948f4d605d) (ScriptedImporter) -> (artifact id: 'c846c36ec6ac119ac7ca25290fd28cfd') in 0.003456458 seconds
Number of updated asset objects reloaded before import = 0Number of asset objects unloaded after import = 3

========================================================================
Received Import Request.
  Time since last request: 0.000021 seconds.
  path: Assets/Sprites/LoadScenes/scen 1/Безымянный-20138.png
  artifactKey: Guid(df1efc3e4e7d741ef982ed9f3a3ef33f) Importer(2089858483,b0f066a214c2f5e87bad3c948f4d605d)
Start importing Assets/Sprites/LoadScenes/scen 1/Безымянный-20138.png using Guid(df1efc3e4e7d741ef982ed9f3a3ef33f) Importer(2089858483,b0f066a214c2f5e87bad3c948f4d605d) (ScriptedImporter) -> (artifact id: '50ee63779951bc633165626823f53ff4') in 0.003549958 seconds
Number of updated asset objects reloaded before import = 0Number of asset objects unloaded after import = 3

========================================================================
Received Import Request.
  Time since last request: 0.000022 seconds.
  path: Assets/Sprites/LoadScenes/scen 1/Безымянный-20164.png
  artifactKey: Guid(be86fe51d27ae4709a7f1a9cb5623708) Importer(2089858483,b0f066a214c2f5e87bad3c948f4d605d)
Start importing Assets/Sprites/LoadScenes/scen 1/Безымянный-20164.png using Guid(be86fe51d27ae4709a7f1a9cb5623708) Importer(2089858483,b0f066a214c2f5e87bad3c948f4d605d) (ScriptedImporter) -> (artifact id: 'f0a77fdf6e1c3f681b07730ac1c06bf4') in 0.004423666 seconds
Number of updated asset objects reloaded before import = 0Number of asset objects unloaded after import = 3

========================================================================
Received Import Request.
  Time since last request: 0.000022 seconds.
  path: Assets/Sprites/city/gorod/gorod_00101.png
  artifactKey: Guid(7c3fb49f6a59642d9bde9dedef4b9d37) Importer(2089858483,b0f066a214c2f5e87bad3c948f4d605d)
Start importing Assets/Sprites/city/gorod/gorod_00101.png using Guid(7c3fb49f6a59642d9bde9dedef4b9d37) Importer(2089858483,b0f066a214c2f5e87bad3c948f4d605d) (ScriptedImporter) -> (artifact id: '01662a4dabb5a99ab8ea964536f017ce') in 0.0044945 seconds
Number of updated asset objects reloaded before import = 0Number of asset objects unloaded after import = 3

========================================================================
Received Import Request.
  Time since last request: 0.000021 seconds.
  path: Assets/Sprites/LoadScenes/scen 1/Безымянный-20026.png
  artifactKey: Guid(11cef55d48b4047f28bb5925dd45c2e9) Importer(2089858483,b0f066a214c2f5e87bad3c948f4d605d)
Start importing Assets/Sprites/LoadScenes/scen 1/Безымянный-20026.png using Guid(11cef55d48b4047f28bb5925dd45c2e9) Importer(2089858483,b0f066a214c2f5e87bad3c948f4d605d) (ScriptedImporter) -> (artifact id: '9230e87eaa6500b653e6d3e0afeb75f7') in 0.003509541 seconds
Number of updated asset objects reloaded before import = 0Number of asset objects unloaded after import = 3

========================================================================
Received Import Request.
  Time since last request: 0.000031 seconds.
  path: Assets/Sprites/LoadScenes/scen 1/Безымянный-20082.png
  artifactKey: Guid(686fa91bc37bb485cb19f509609ff265) Importer(2089858483,b0f066a214c2f5e87bad3c948f4d605d)
Start importing Assets/Sprites/LoadScenes/scen 1/Безымянный-20082.png using Guid(686fa91bc37bb485cb19f509609ff265) Importer(2089858483,b0f066a214c2f5e87bad3c948f4d605d) (ScriptedImporter) -> (artifact id: '5d6eb0e0cff8cf502a2f60ee9c886283') in 0.003744875 seconds
Number of updated asset objects reloaded before import = 0Number of asset objects unloaded after import = 3

========================================================================
Received Import Request.
  Time since last request: 0.000025 seconds.
  path: Assets/Sprites/LoadScenes/scen 1/Безымянный-20024.png
  artifactKey: Guid(1a1d6f81f768c4775b5ea991dd14a9a0) Importer(2089858483,b0f066a214c2f5e87bad3c948f4d605d)
Start importing Assets/Sprites/LoadScenes/scen 1/Безымянный-20024.png using Guid(1a1d6f81f768c4775b5ea991dd14a9a0) Importer(2089858483,b0f066a214c2f5e87bad3c948f4d605d) (ScriptedImporter) -> (artifact id: '1cce967c541edd0f8a45dfc31c07543a') in 0.004539666 seconds
Number of updated asset objects reloaded before import = 0Number of asset objects unloaded after import = 3

========================================================================
Received Import Request.
  Time since last request: 0.000021 seconds.
  path: Assets/Sprites/city/gorod/gorod_00109.png
  artifactKey: Guid(289154d4b084347e4bd20994b00dc108) Importer(2089858483,b0f066a214c2f5e87bad3c948f4d605d)
Start importing Assets/Sprites/city/gorod/gorod_00109.png using Guid(289154d4b084347e4bd20994b00dc108) Importer(2089858483,b0f066a214c2f5e87bad3c948f4d605d) (ScriptedImporter) -> (artifact id: 'bc09ef91f34d317d3e0f3f535fe2cedc') in 0.003618708 seconds
Number of updated asset objects reloaded before import = 0Number of asset objects unloaded after import = 3

========================================================================
Received Import Request.
  Time since last request: 0.000022 seconds.
  path: Assets/Sprites/LoadScenes/scen 1/Безымянный-20077.png
  artifactKey: Guid(6254771edc7984c4aa229f132c0fe5b9) Importer(2089858483,b0f066a214c2f5e87bad3c948f4d605d)
Start importing Assets/Sprites/LoadScenes/scen 1/Безымянный-20077.png using Guid(6254771edc7984c4aa229f132c0fe5b9) Importer(2089858483,b0f066a214c2f5e87bad3c948f4d605d) (ScriptedImporter) -> (artifact id: '3f7e38cea85a3cc8691668edcdf61996') in 0.006183 seconds
Number of updated asset objects reloaded before import = 0Number of asset objects unloaded after import = 3

========================================================================
Received Import Request.
  Time since last request: 0.000022 seconds.
  path: Assets/Sprites/LoadScenes/scen 1/Безымянный-20042.png
  artifactKey: Guid(94dd3eccfb01a4735ba73c5750a2e29c) Importer(2089858483,b0f066a214c2f5e87bad3c948f4d605d)
Start importing Assets/Sprites/LoadScenes/scen 1/Безымянный-20042.png using Guid(94dd3eccfb01a4735ba73c5750a2e29c) Importer(2089858483,b0f066a214c2f5e87bad3c948f4d605d) (ScriptedImporter) -> (artifact id: '6e6128f33aac6d60f6b662d91d5e18ea') in 0.003957875 seconds
Number of updated asset objects reloaded before import = 0Number of asset objects unloaded after import = 3

========================================================================
Received Import Request.
  Time since last request: 0.000037 seconds.
  path: Assets/Sprites/city/gorod/gorod_00054.png
  artifactKey: Guid(6b58e4d090e7e434895d66b08027b154) Importer(2089858483,b0f066a214c2f5e87bad3c948f4d605d)
Start importing Assets/Sprites/city/gorod/gorod_00054.png using Guid(6b58e4d090e7e434895d66b08027b154) Importer(2089858483,b0f066a214c2f5e87bad3c948f4d605d) (ScriptedImporter) -> (artifact id: '4fb0d525c430ddfde1a7ed5436b6464b') in 0.004572959 seconds
Number of updated asset objects reloaded before import = 0Number of asset objects unloaded after import = 3

========================================================================
Received Import Request.
  Time since last request: 0.000027 seconds.
  path: Assets/Sprites/LoadScenes/scen 1/Безымянный-20074.png
  artifactKey: Guid(3b6e0b5e16c954dd28865d9da5fdc42c) Importer(2089858483,b0f066a214c2f5e87bad3c948f4d605d)
Start importing Assets/Sprites/LoadScenes/scen 1/Безымянный-20074.png using Guid(3b6e0b5e16c954dd28865d9da5fdc42c) Importer(2089858483,b0f066a214c2f5e87bad3c948f4d605d) (ScriptedImporter) -> (artifact id: '62d425b12a4e1f343bff8d1ab973aa43') in 0.003809292 seconds
Number of updated asset objects reloaded before import = 0Number of asset objects unloaded after import = 3

========================================================================
Received Import Request.
  Time since last request: 0.000024 seconds.
  path: Assets/Sprites/LoadScenes/scen 1/Безымянный-20072.png
  artifactKey: Guid(4cbdebe0bd1e54994a0a7624046a7805) Importer(2089858483,b0f066a214c2f5e87bad3c948f4d605d)
Start importing Assets/Sprites/LoadScenes/scen 1/Безымянный-20072.png using Guid(4cbdebe0bd1e54994a0a7624046a7805) Importer(2089858483,b0f066a214c2f5e87bad3c948f4d605d) (ScriptedImporter) -> (artifact id: '97081caba1c2c39a7f5c2626cbdfaeae') in 0.004544792 seconds
Number of updated asset objects reloaded before import = 0Number of asset objects unloaded after import = 3

========================================================================
Received Import Request.
  Time since last request: 0.000019 seconds.
  path: Assets/Sprites/LoadScenes/scen 1/Безымянный-20054.png
  artifactKey: Guid(690e85b5d3a734d688df3079dde23031) Importer(2089858483,b0f066a214c2f5e87bad3c948f4d605d)
Start importing Assets/Sprites/LoadScenes/scen 1/Безымянный-20054.png using Guid(690e85b5d3a734d688df3079dde23031) Importer(2089858483,b0f066a214c2f5e87bad3c948f4d605d) (ScriptedImporter) -> (artifact id: 'ff6295cd4536aa5b53648995264b4821') in 0.003669584 seconds
Number of updated asset objects reloaded before import = 0Number of asset objects unloaded after import = 3

========================================================================
Received Import Request.
  Time since last request: 0.000022 seconds.
  path: Assets/Sprites/city/gorod/gorod_00087.png
  artifactKey: Guid(bda2bb5d56a13472d96b31222d974ec9) Importer(2089858483,b0f066a214c2f5e87bad3c948f4d605d)
Start importing Assets/Sprites/city/gorod/gorod_00087.png using Guid(bda2bb5d56a13472d96b31222d974ec9) Importer(2089858483,b0f066a214c2f5e87bad3c948f4d605d) (ScriptedImporter) -> (artifact id: '5f91b509ce0cd7bc84983a0a5f3e2d7d') in 0.00430325 seconds
Number of updated asset objects reloaded before import = 0Number of asset objects unloaded after import = 3

========================================================================
Received Import Request.
  Time since last request: 0.000021 seconds.
  path: Assets/Sprites/LoadScenes/scen 1/Безымянный-20147.png
  artifactKey: Guid(6d1711d5391944904a54ce2bf2c0d406) Importer(2089858483,b0f066a214c2f5e87bad3c948f4d605d)
Start importing Assets/Sprites/LoadScenes/scen 1/Безымянный-20147.png using Guid(6d1711d5391944904a54ce2bf2c0d406) Importer(2089858483,b0f066a214c2f5e87bad3c948f4d605d) (ScriptedImporter) -> (artifact id: 'bab3ed592e7a3a2908235885c6f8e401') in 0.003862333 seconds
Number of updated asset objects reloaded before import = 0Number of asset objects unloaded after import = 3

========================================================================
Received Import Request.
  Time since last request: 0.000023 seconds.
  path: Assets/Sprites/LoadScenes/scen 1/Безымянный-20105.png
  artifactKey: Guid(7f60d7dc1473542b098c5347d1296ceb) Importer(2089858483,b0f066a214c2f5e87bad3c948f4d605d)
Start importing Assets/Sprites/LoadScenes/scen 1/Безымянный-20105.png using Guid(7f60d7dc1473542b098c5347d1296ceb) Importer(2089858483,b0f066a214c2f5e87bad3c948f4d605d) (ScriptedImporter) -> (artifact id: 'bb59808cf20b76734b15200f680527f3') in 0.003654041 seconds
Number of updated asset objects reloaded before import = 0Number of asset objects unloaded after import = 3

========================================================================
Received Import Request.
  Time since last request: 0.000021 seconds.
  path: Assets/Sprites/city/gorod/gorod_00137.png
  artifactKey: Guid(3fc42ed390ec64eb0aecc32cad6e45ea) Importer(2089858483,b0f066a214c2f5e87bad3c948f4d605d)
Start importing Assets/Sprites/city/gorod/gorod_00137.png using Guid(3fc42ed390ec64eb0aecc32cad6e45ea) Importer(2089858483,b0f066a214c2f5e87bad3c948f4d605d) (ScriptedImporter) -> (artifact id: 'd54a94b0991dc216672b7fa8bc743c5c') in 0.003813708 seconds
Number of updated asset objects reloaded before import = 0Number of asset objects unloaded after import = 3

========================================================================
Received Import Request.
  Time since last request: 0.000021 seconds.
  path: Assets/TextMesh Pro/Resources/Fonts & Materials/LiberationSans SDF - Fallback.asset
  artifactKey: Guid(2e498d1c8094910479dc3e1b768306a4) Importer(2089858483,b0f066a214c2f5e87bad3c948f4d605d)
Start importing Assets/TextMesh Pro/Resources/Fonts & Materials/LiberationSans SDF - Fallback.asset using Guid(2e498d1c8094910479dc3e1b768306a4) Importer(2089858483,b0f066a214c2f5e87bad3c948f4d605d) (ScriptedImporter) -> (artifact id: '76daca9ca77999e3cf00c966438b8a78') in 0.009392833 seconds
Number of updated asset objects reloaded before import = 0Number of asset objects unloaded after import = 5

========================================================================
Received Import Request.
  Time since last request: 0.000032 seconds.
  path: Assets/Sprites/LoadScenes/scen 1/Безымянный-20146.png
  artifactKey: Guid(dfebc50257bc24cbaa63b8095937267c) Importer(2089858483,b0f066a214c2f5e87bad3c948f4d605d)
Start importing Assets/Sprites/LoadScenes/scen 1/Безымянный-20146.png using Guid(dfebc50257bc24cbaa63b8095937267c) Importer(2089858483,b0f066a214c2f5e87bad3c948f4d605d) (ScriptedImporter) -> (artifact id: '232c4a76e6d504e7bbee29a27eae86cd') in 0.005484125 seconds
Number of updated asset objects reloaded before import = 0Number of asset objects unloaded after import = 3

========================================================================
Received Import Request.
  Time since last request: 0.000026 seconds.
  path: Assets/Sprites/city/gorod/gorod_00028.png
  artifactKey: Guid(6de31d02c4757402bb25a97c6693ef6e) Importer(2089858483,b0f066a214c2f5e87bad3c948f4d605d)
Start importing Assets/Sprites/city/gorod/gorod_00028.png using Guid(6de31d02c4757402bb25a97c6693ef6e) Importer(2089858483,b0f066a214c2f5e87bad3c948f4d605d) (ScriptedImporter) -> (artifact id: '70f77801d33492cb5eb8dbd2e707e636') in 0.004751083 seconds
Number of updated asset objects reloaded before import = 0Number of asset objects unloaded after import = 3

========================================================================
Received Import Request.
  Time since last request: 0.000023 seconds.
  path: Assets/Sprites/city/gorod/gorod_00076.png
  artifactKey: Guid(eab5be6970ba5457eb1c135e24b28419) Importer(2089858483,b0f066a214c2f5e87bad3c948f4d605d)
Start importing Assets/Sprites/city/gorod/gorod_00076.png using Guid(eab5be6970ba5457eb1c135e24b28419) Importer(2089858483,b0f066a214c2f5e87bad3c948f4d605d) (ScriptedImporter) -> (artifact id: 'a6dfee607dc2f9988f0843f704742a87') in 0.003878917 seconds
Number of updated asset objects reloaded before import = 0Number of asset objects unloaded after import = 3

========================================================================
Received Import Request.
  Time since last request: 0.000022 seconds.
  path: Assets/Sprites/city/gorod/gorod_00050.png
  artifactKey: Guid(ce11d69fd35f948c99149fc04f7c46cb) Importer(2089858483,b0f066a214c2f5e87bad3c948f4d605d)
Start importing Assets/Sprites/city/gorod/gorod_00050.png using Guid(ce11d69fd35f948c99149fc04f7c46cb) Importer(2089858483,b0f066a214c2f5e87bad3c948f4d605d) (ScriptedImporter) -> (artifact id: 'bf5b4a08c9e41591f3542fc0421eedaa') in 0.003671375 seconds
Number of updated asset objects reloaded before import = 0Number of asset objects unloaded after import = 3

========================================================================
Received Import Request.
  Time since last request: 0.000026 seconds.
  path: Assets/Sprites/city/gorod/gorod_00051.png
  artifactKey: Guid(9033155dd67984acfbbd1799f7a3a299) Importer(2089858483,b0f066a214c2f5e87bad3c948f4d605d)
Start importing Assets/Sprites/city/gorod/gorod_00051.png using Guid(9033155dd67984acfbbd1799f7a3a299) Importer(2089858483,b0f066a214c2f5e87bad3c948f4d605d) (ScriptedImporter) -> (artifact id: '78301b45bf9e766f33d3f610f3832d78') in 0.0038835 seconds
Number of updated asset objects reloaded before import = 0Number of asset objects unloaded after import = 3

========================================================================
Received Import Request.
  Time since last request: 0.000025 seconds.
  path: Assets/Sprites/LoadScenes/scen 1/Безымянный-20097.png
  artifactKey: Guid(38a9b3f024c7a473ea29bb4d44dc410a) Importer(2089858483,b0f066a214c2f5e87bad3c948f4d605d)
Start importing Assets/Sprites/LoadScenes/scen 1/Безымянный-20097.png using Guid(38a9b3f024c7a473ea29bb4d44dc410a) Importer(2089858483,b0f066a214c2f5e87bad3c948f4d605d) (ScriptedImporter) -> (artifact id: 'acccc8c9050d92e3c20b2dff763cfaee') in 0.004647375 seconds
Number of updated asset objects reloaded before import = 0Number of asset objects unloaded after import = 3

========================================================================
Received Import Request.
  Time since last request: 0.000023 seconds.
  path: Assets/Sprites/city/gorod/gorod_00114.png
  artifactKey: Guid(6bf237800aa814f56b2e8164815985f8) Importer(2089858483,b0f066a214c2f5e87bad3c948f4d605d)
Start importing Assets/Sprites/city/gorod/gorod_00114.png using Guid(6bf237800aa814f56b2e8164815985f8) Importer(2089858483,b0f066a214c2f5e87bad3c948f4d605d) (ScriptedImporter) -> (artifact id: '8a1507c001ebfef2574c7e5833627d4b') in 0.003949958 seconds
Number of updated asset objects reloaded before import = 0Number of asset objects unloaded after import = 3

========================================================================
Received Import Request.
  Time since last request: 0.000021 seconds.
  path: Assets/Sprites/city/gorod/gorod_00084.png
  artifactKey: Guid(ac49c2869cb4049bab167af71ecf6815) Importer(2089858483,b0f066a214c2f5e87bad3c948f4d605d)
Start importing Assets/Sprites/city/gorod/gorod_00084.png using Guid(ac49c2869cb4049bab167af71ecf6815) Importer(2089858483,b0f066a214c2f5e87bad3c948f4d605d) (ScriptedImporter) -> (artifact id: '354b1954e887f35b38ea884ca06d3a49') in 0.003668625 seconds
Number of updated asset objects reloaded before import = 0Number of asset objects unloaded after import = 3

========================================================================
Received Import Request.
  Time since last request: 0.000024 seconds.
  path: Assets/TextMesh Pro/Resources/Fonts & Materials/LiberationSans SDF - Outline.mat
  artifactKey: Guid(79459efec17a4d00a321bdcc27bbc385) Importer(2089858483,b0f066a214c2f5e87bad3c948f4d605d)
Start importing Assets/TextMesh Pro/Resources/Fonts & Materials/LiberationSans SDF - Outline.mat using Guid(79459efec17a4d00a321bdcc27bbc385) Importer(2089858483,b0f066a214c2f5e87bad3c948f4d605d) (ScriptedImporter) -> (artifact id: '4792032ea1369ea5b497e6d794588c8c') in 0.006980166 seconds
Number of updated asset objects reloaded before import = 0Number of asset objects unloaded after import = 2

========================================================================
Received Import Request.
  Time since last request: 0.000062 seconds.
  path: Assets/Sprites/LoadScenes/scen 1/Безымянный-20156.png
  artifactKey: Guid(2f03d15d7d41d4747ac17e0198849d70) Importer(2089858483,b0f066a214c2f5e87bad3c948f4d605d)
Start importing Assets/Sprites/LoadScenes/scen 1/Безымянный-20156.png using Guid(2f03d15d7d41d4747ac17e0198849d70) Importer(2089858483,b0f066a214c2f5e87bad3c948f4d605d) (ScriptedImporter) -> (artifact id: '020899341ae637d72759f557479b9a9b') in 0.004025917 seconds
Number of updated asset objects reloaded before import = 0Number of asset objects unloaded after import = 3

========================================================================
Received Import Request.
  Time since last request: 0.000022 seconds.
  path: Assets/Sprites/city/gorod/gorod_00052.png
  artifactKey: Guid(c15a44c1f976c49b7976f0138d385f15) Importer(2089858483,b0f066a214c2f5e87bad3c948f4d605d)
Start importing Assets/Sprites/city/gorod/gorod_00052.png using Guid(c15a44c1f976c49b7976f0138d385f15) Importer(2089858483,b0f066a214c2f5e87bad3c948f4d605d) (ScriptedImporter) -> (artifact id: '85880fcd3566371eaf6f04fb9703f407') in 0.00442875 seconds
Number of updated asset objects reloaded before import = 0Number of asset objects unloaded after import = 3

========================================================================
Received Import Request.
  Time since last request: 0.000022 seconds.
  path: Assets/Sprites/LoadScenes/scen 1/Безымянный-20122.png
  artifactKey: Guid(0305f1111a78f4b78b5e4f0c5dd09916) Importer(2089858483,b0f066a214c2f5e87bad3c948f4d605d)
Start importing Assets/Sprites/LoadScenes/scen 1/Безымянный-20122.png using Guid(0305f1111a78f4b78b5e4f0c5dd09916) Importer(2089858483,b0f066a214c2f5e87bad3c948f4d605d) (ScriptedImporter) -> (artifact id: '308d1cda3a407526ba366e5848748bff') in 0.003709917 seconds
Number of updated asset objects reloaded before import = 0Number of asset objects unloaded after import = 3

========================================================================
Received Import Request.
  Time since last request: 0.000022 seconds.
  path: Assets/Sprites/LoadScenes/scen 1/Безымянный-20155.png
  artifactKey: Guid(8cee37128a0824a52adf714e5836af7e) Importer(2089858483,b0f066a214c2f5e87bad3c948f4d605d)
Start importing Assets/Sprites/LoadScenes/scen 1/Безымянный-20155.png using Guid(8cee37128a0824a52adf714e5836af7e) Importer(2089858483,b0f066a214c2f5e87bad3c948f4d605d) (ScriptedImporter) -> (artifact id: '221ea2502108da3eceab9b8af4532c9d') in 0.003572875 seconds
Number of updated asset objects reloaded before import = 0Number of asset objects unloaded after import = 3

========================================================================
Received Import Request.
  Time since last request: 0.000021 seconds.
  path: Assets/Sprites/LoadScenes/scen 1/Безымянный-20154.png
  artifactKey: Guid(09cb6db8c7c7847fdbc66ebc409a5574) Importer(2089858483,b0f066a214c2f5e87bad3c948f4d605d)
Start importing Assets/Sprites/LoadScenes/scen 1/Безымянный-20154.png using Guid(09cb6db8c7c7847fdbc66ebc409a5574) Importer(2089858483,b0f066a214c2f5e87bad3c948f4d605d) (ScriptedImporter) -> (artifact id: '3ea354a4f5607598bd78f192f7b43e54') in 0.003729416 seconds
Number of updated asset objects reloaded before import = 0Number of asset objects unloaded after import = 3

========================================================================
Received Import Request.
  Time since last request: 0.000021 seconds.
  path: Assets/Sprites/LoadScenes/scen 1/Безымянный-20023.png
  artifactKey: Guid(169110c75213b47e7afbab6001cc19f9) Importer(2089858483,b0f066a214c2f5e87bad3c948f4d605d)
Start importing Assets/Sprites/LoadScenes/scen 1/Безымянный-20023.png using Guid(169110c75213b47e7afbab6001cc19f9) Importer(2089858483,b0f066a214c2f5e87bad3c948f4d605d) (ScriptedImporter) -> (artifact id: '0729e36c4d2b3d24633f87bf3c45011a') in 0.004230625 seconds
Number of updated asset objects reloaded before import = 0Number of asset objects unloaded after import = 3

========================================================================
Received Import Request.
  Time since last request: 0.000034 seconds.
  path: Assets/Sprites/city/gorod/gorod_00038.png
  artifactKey: Guid(1c61c4d23206d4092821f72100fadec1) Importer(2089858483,b0f066a214c2f5e87bad3c948f4d605d)
Start importing Assets/Sprites/city/gorod/gorod_00038.png using Guid(1c61c4d23206d4092821f72100fadec1) Importer(2089858483,b0f066a214c2f5e87bad3c948f4d605d) (ScriptedImporter) -> (artifact id: '7e5789c96e3d5ded40a7fa717ca4a64c') in 0.004384458 seconds
Number of updated asset objects reloaded before import = 0Number of asset objects unloaded after import = 3

========================================================================
Received Import Request.
  Time since last request: 0.000023 seconds.
  path: Assets/Sprites/LoadScenes/scen 1/Безымянный-20119.png
  artifactKey: Guid(8c63a8834f3e54449a65119ffa779a00) Importer(2089858483,b0f066a214c2f5e87bad3c948f4d605d)
Start importing Assets/Sprites/LoadScenes/scen 1/Безымянный-20119.png using Guid(8c63a8834f3e54449a65119ffa779a00) Importer(2089858483,b0f066a214c2f5e87bad3c948f4d605d) (ScriptedImporter) -> (artifact id: 'd9c04511b70743dff4662a72be38ef79') in 0.003772125 seconds
Number of updated asset objects reloaded before import = 0Number of asset objects unloaded after import = 3

========================================================================
Received Import Request.
  Time since last request: 0.000022 seconds.
  path: Assets/Sprites/city/gorod/gorod_00091.png
  artifactKey: Guid(7d91c4e63b9c24cd68417866580d7fa7) Importer(2089858483,b0f066a214c2f5e87bad3c948f4d605d)
Start importing Assets/Sprites/city/gorod/gorod_00091.png using Guid(7d91c4e63b9c24cd68417866580d7fa7) Importer(2089858483,b0f066a214c2f5e87bad3c948f4d605d) (ScriptedImporter) -> (artifact id: 'd517b725f17f43f7cfa9756cb092cfdc') in 0.00385375 seconds
Number of updated asset objects reloaded before import = 0Number of asset objects unloaded after import = 3

========================================================================
Received Import Request.
  Time since last request: 0.000017 seconds.
  path: Assets/Sprites/city/gorod/gorod_00005.png
  artifactKey: Guid(807991afbe6274ecfb2bdd424bbb0d59) Importer(2089858483,b0f066a214c2f5e87bad3c948f4d605d)
Start importing Assets/Sprites/city/gorod/gorod_00005.png using Guid(807991afbe6274ecfb2bdd424bbb0d59) Importer(2089858483,b0f066a214c2f5e87bad3c948f4d605d) (ScriptedImporter) -> (artifact id: 'f06ca1942926338675c3edd5cf5283d9') in 0.003728708 seconds
Number of updated asset objects reloaded before import = 0Number of asset objects unloaded after import = 3

========================================================================
Received Import Request.
  Time since last request: 0.000023 seconds.
  path: Assets/Sprites/city/gorod/gorod_00019.png
  artifactKey: Guid(cb311b0ef2e124376b9452d81c1a7b16) Importer(2089858483,b0f066a214c2f5e87bad3c948f4d605d)
Start importing Assets/Sprites/city/gorod/gorod_00019.png using Guid(cb311b0ef2e124376b9452d81c1a7b16) Importer(2089858483,b0f066a214c2f5e87bad3c948f4d605d) (ScriptedImporter) -> (artifact id: '24c1489c7bf6641dd68925f12a700e1c') in 0.00566975 seconds
Number of updated asset objects reloaded before import = 0Number of asset objects unloaded after import = 3

========================================================================
Received Import Request.
  Time since last request: 0.000023 seconds.
  path: Assets/Sprites/LoadScenes/scen 1/Безымянный-20121.png
  artifactKey: Guid(4cf75225ab02f42b58a4d3c505baac7e) Importer(2089858483,b0f066a214c2f5e87bad3c948f4d605d)
Start importing Assets/Sprites/LoadScenes/scen 1/Безымянный-20121.png using Guid(4cf75225ab02f42b58a4d3c505baac7e) Importer(2089858483,b0f066a214c2f5e87bad3c948f4d605d) (ScriptedImporter) -> (artifact id: 'a94458e03031fb8bba331302006ae57f') in 0.003689042 seconds
Number of updated asset objects reloaded before import = 0Number of asset objects unloaded after import = 3

========================================================================
Received Import Request.
  Time since last request: 0.000021 seconds.
  path: Assets/Sprites/city/gorod/gorod_00059.png
  artifactKey: Guid(fd8058a4bde294bea9b9f297afd8877b) Importer(2089858483,b0f066a214c2f5e87bad3c948f4d605d)
Start importing Assets/Sprites/city/gorod/gorod_00059.png using Guid(fd8058a4bde294bea9b9f297afd8877b) Importer(2089858483,b0f066a214c2f5e87bad3c948f4d605d) (ScriptedImporter) -> (artifact id: '6a15f453ecb4493286b6b97252c318ee') in 0.00363575 seconds
Number of updated asset objects reloaded before import = 0Number of asset objects unloaded after import = 3

========================================================================
Received Import Request.
  Time since last request: 0.000048 seconds.
  path: Assets/Sprites/LoadScenes/scen 1/Безымянный-20039.png
  artifactKey: Guid(2ef79d074ecbf4439997b70b02d1b7f4) Importer(2089858483,b0f066a214c2f5e87bad3c948f4d605d)
Start importing Assets/Sprites/LoadScenes/scen 1/Безымянный-20039.png using Guid(2ef79d074ecbf4439997b70b02d1b7f4) Importer(2089858483,b0f066a214c2f5e87bad3c948f4d605d) (ScriptedImporter) -> (artifact id: 'a51a01948e4cbf2e1c0fa830ac10aced') in 0.003850084 seconds
Number of updated asset objects reloaded before import = 0Number of asset objects unloaded after import = 3

========================================================================
Received Import Request.
  Time since last request: 0.000023 seconds.
  path: Assets/Sprites/LoadScenes/scen 1/Безымянный-20047.png
  artifactKey: Guid(5511c56be2b024065a987a0ef0f9a9e6) Importer(2089858483,b0f066a214c2f5e87bad3c948f4d605d)
Start importing Assets/Sprites/LoadScenes/scen 1/Безымянный-20047.png using Guid(5511c56be2b024065a987a0ef0f9a9e6) Importer(2089858483,b0f066a214c2f5e87bad3c948f4d605d) (ScriptedImporter) -> (artifact id: '372af169eda13edc517efd10c5aa8535') in 0.004502583 seconds
Number of updated asset objects reloaded before import = 0Number of asset objects unloaded after import = 3

========================================================================
Received Import Request.
  Time since last request: 0.000022 seconds.
  path: Assets/Sprites/city/gorod/gorod_00106.png
  artifactKey: Guid(75df5aba86b0540ff9da9ba0949dc6ea) Importer(2089858483,b0f066a214c2f5e87bad3c948f4d605d)
Start importing Assets/Sprites/city/gorod/gorod_00106.png using Guid(75df5aba86b0540ff9da9ba0949dc6ea) Importer(2089858483,b0f066a214c2f5e87bad3c948f4d605d) (ScriptedImporter) -> (artifact id: 'f2239527c238bfd81b2efe75bde60430') in 0.003804541 seconds
Number of updated asset objects reloaded before import = 0Number of asset objects unloaded after import = 3

========================================================================
Received Import Request.
  Time since last request: 0.000023 seconds.
  path: Assets/Sprites/city/gorod/gorod_00008.png
  artifactKey: Guid(bf5da20c13f804dd2a1e4a5556e4a334) Importer(2089858483,b0f066a214c2f5e87bad3c948f4d605d)
Start importing Assets/Sprites/city/gorod/gorod_00008.png using Guid(bf5da20c13f804dd2a1e4a5556e4a334) Importer(2089858483,b0f066a214c2f5e87bad3c948f4d605d) (ScriptedImporter) -> (artifact id: 'f121b386de8c7abe8748985668cb041c') in 0.003980583 seconds
Number of updated asset objects reloaded before import = 0Number of asset objects unloaded after import = 3

========================================================================
Received Import Request.
  Time since last request: 0.000032 seconds.
  path: Assets/Sprites/city/gorod/gorod_00025.png
  artifactKey: Guid(63c3c32fce1734b3f9db2b89c8623ed6) Importer(2089858483,b0f066a214c2f5e87bad3c948f4d605d)
Start importing Assets/Sprites/city/gorod/gorod_00025.png using Guid(63c3c32fce1734b3f9db2b89c8623ed6) Importer(2089858483,b0f066a214c2f5e87bad3c948f4d605d) (ScriptedImporter) -> (artifact id: 'f05cacce4b79304aca6ad49acfa7f2fb') in 0.0038915 seconds
Number of updated asset objects reloaded before import = 0Number of asset objects unloaded after import = 3

========================================================================
Received Import Request.
  Time since last request: 0.000020 seconds.
  path: Assets/Sprites/city/gorod/gorod_00075.png
  artifactKey: Guid(1ac554bc629b04cc696e124b5160c99b) Importer(2089858483,b0f066a214c2f5e87bad3c948f4d605d)
Start importing Assets/Sprites/city/gorod/gorod_00075.png using Guid(1ac554bc629b04cc696e124b5160c99b) Importer(2089858483,b0f066a214c2f5e87bad3c948f4d605d) (ScriptedImporter) -> (artifact id: '6cc33748686fd2f2f0ff9fde34bf4071') in 0.003670792 seconds
Number of updated asset objects reloaded before import = 0Number of asset objects unloaded after import = 3

========================================================================
Received Import Request.
  Time since last request: 0.000022 seconds.
  path: Assets/Sprites/LoadScenes/scen 1/Безымянный-20090.png
  artifactKey: Guid(ac210eaa280b04023abe5381b5045b5f) Importer(2089858483,b0f066a214c2f5e87bad3c948f4d605d)
Start importing Assets/Sprites/LoadScenes/scen 1/Безымянный-20090.png using Guid(ac210eaa280b04023abe5381b5045b5f) Importer(2089858483,b0f066a214c2f5e87bad3c948f4d605d) (ScriptedImporter) -> (artifact id: 'b4898aa3fdfdc5102df481e1c47f45d2') in 0.004798167 seconds
Number of updated asset objects reloaded before import = 0Number of asset objects unloaded after import = 3

========================================================================
Received Import Request.
  Time since last request: 0.000024 seconds.
  path: Assets/Sprites/city/gorod/gorod_00095.png
  artifactKey: Guid(c82cfbbf47567454b8c804346dd9442f) Importer(2089858483,b0f066a214c2f5e87bad3c948f4d605d)
Start importing Assets/Sprites/city/gorod/gorod_00095.png using Guid(c82cfbbf47567454b8c804346dd9442f) Importer(2089858483,b0f066a214c2f5e87bad3c948f4d605d) (ScriptedImporter) -> (artifact id: 'a6f905d569ddbdacbb8cfd2d38837ca1') in 0.005044416 seconds
Number of updated asset objects reloaded before import = 0Number of asset objects unloaded after import = 3

========================================================================
Received Import Request.
  Time since last request: 0.000048 seconds.
  path: Assets/Sprites/LoadScenes/scen 1/Безымянный-20028.png
  artifactKey: Guid(74876dd8068754b4bbcf49d3f0a108ed) Importer(2089858483,b0f066a214c2f5e87bad3c948f4d605d)
Start importing Assets/Sprites/LoadScenes/scen 1/Безымянный-20028.png using Guid(74876dd8068754b4bbcf49d3f0a108ed) Importer(2089858483,b0f066a214c2f5e87bad3c948f4d605d) (ScriptedImporter) -> (artifact id: 'd2e1db4b95b9d8bd138fe2302d03aab7') in 0.004885083 seconds
Number of updated asset objects reloaded before import = 0Number of asset objects unloaded after import = 3

========================================================================
Received Import Request.
  Time since last request: 0.000024 seconds.
  path: Assets/Sprites/city/gorod/gorod_00081.png
  artifactKey: Guid(eaea370116e6c40c0bc95d80117206dc) Importer(2089858483,b0f066a214c2f5e87bad3c948f4d605d)
Start importing Assets/Sprites/city/gorod/gorod_00081.png using Guid(eaea370116e6c40c0bc95d80117206dc) Importer(2089858483,b0f066a214c2f5e87bad3c948f4d605d) (ScriptedImporter) -> (artifact id: '7e6061c281c1ea5d879f2a2022e005bf') in 0.00457325 seconds
Number of updated asset objects reloaded before import = 0Number of asset objects unloaded after import = 3

========================================================================
Received Import Request.
  Time since last request: 0.000027 seconds.
  path: Assets/Sprites/LoadScenes/scen 1/Безымянный-20055.png
  artifactKey: Guid(f9f01f68b4d534d1aa2d064d1a8c4ec3) Importer(2089858483,b0f066a214c2f5e87bad3c948f4d605d)
Start importing Assets/Sprites/LoadScenes/scen 1/Безымянный-20055.png using Guid(f9f01f68b4d534d1aa2d064d1a8c4ec3) Importer(2089858483,b0f066a214c2f5e87bad3c948f4d605d) (ScriptedImporter) -> (artifact id: 'b51cc151097a3f4275cb5645015bb5c2') in 0.004901292 seconds
Number of updated asset objects reloaded before import = 0Number of asset objects unloaded after import = 3

========================================================================
Received Import Request.
  Time since last request: 0.000025 seconds.
  path: Assets/Sprites/city/gorod/gorod_00093.png
  artifactKey: Guid(de46b937b7f9e4b979e3377b66ae0cb6) Importer(2089858483,b0f066a214c2f5e87bad3c948f4d605d)
Start importing Assets/Sprites/city/gorod/gorod_00093.png using Guid(de46b937b7f9e4b979e3377b66ae0cb6) Importer(2089858483,b0f066a214c2f5e87bad3c948f4d605d) (ScriptedImporter) -> (artifact id: 'a96611d57c2e6d5c298d4586364ae07c') in 0.004049084 seconds
Number of updated asset objects reloaded before import = 0Number of asset objects unloaded after import = 3

========================================================================
Received Import Request.
  Time since last request: 0.000054 seconds.
  path: Assets/Sprites/LoadScenes/scen 1/Безымянный-20144.png
  artifactKey: Guid(b530a563db014404d8307e6f61d56d52) Importer(2089858483,b0f066a214c2f5e87bad3c948f4d605d)
Start importing Assets/Sprites/LoadScenes/scen 1/Безымянный-20144.png using Guid(b530a563db014404d8307e6f61d56d52) Importer(2089858483,b0f066a214c2f5e87bad3c948f4d605d) (ScriptedImporter) -> (artifact id: '7b4bbf2feb1a49c2d26477c3d1306359') in 0.004974959 seconds
Number of updated asset objects reloaded before import = 0Number of asset objects unloaded after import = 3

========================================================================
Received Import Request.
  Time since last request: 0.000023 seconds.
  path: Assets/Sprites/LoadScenes/scen 1/Безымянный-20145.png
  artifactKey: Guid(3871e330b196a435fae68a34b13b83b2) Importer(2089858483,b0f066a214c2f5e87bad3c948f4d605d)
Start importing Assets/Sprites/LoadScenes/scen 1/Безымянный-20145.png using Guid(3871e330b196a435fae68a34b13b83b2) Importer(2089858483,b0f066a214c2f5e87bad3c948f4d605d) (ScriptedImporter) -> (artifact id: 'd27f831661b22557b412b9b42942afcb') in 0.003791625 seconds
Number of updated asset objects reloaded before import = 0Number of asset objects unloaded after import = 3

========================================================================
Received Import Request.
  Time since last request: 0.000033 seconds.
  path: Assets/Sprites/city/gorod/gorod_00099.png
  artifactKey: Guid(cf028f1b7a0014ee6baae3e4dc278208) Importer(2089858483,b0f066a214c2f5e87bad3c948f4d605d)
Start importing Assets/Sprites/city/gorod/gorod_00099.png using Guid(cf028f1b7a0014ee6baae3e4dc278208) Importer(2089858483,b0f066a214c2f5e87bad3c948f4d605d) (ScriptedImporter) -> (artifact id: 'd21e2334722fe8078796494386e9d041') in 0.003920791 seconds
Number of updated asset objects reloaded before import = 0Number of asset objects unloaded after import = 3

========================================================================
Received Import Request.
  Time since last request: 0.000025 seconds.
  path: Assets/Sprites/city/gorod/gorod_00125.png
  artifactKey: Guid(cc8ff3479774b400b83c455aa998a8c8) Importer(2089858483,b0f066a214c2f5e87bad3c948f4d605d)
Start importing Assets/Sprites/city/gorod/gorod_00125.png using Guid(cc8ff3479774b400b83c455aa998a8c8) Importer(2089858483,b0f066a214c2f5e87bad3c948f4d605d) (ScriptedImporter) -> (artifact id: 'a9a17aa3b12b9f283072fcb0925305df') in 0.004159916 seconds
Number of updated asset objects reloaded before import = 0Number of asset objects unloaded after import = 3

========================================================================
Received Import Request.
  Time since last request: 0.000024 seconds.
  path: Assets/Sprites/city/gorod/gorod_00032.png
  artifactKey: Guid(fc215842e91e74c97b504145f2eee846) Importer(2089858483,b0f066a214c2f5e87bad3c948f4d605d)
Start importing Assets/Sprites/city/gorod/gorod_00032.png using Guid(fc215842e91e74c97b504145f2eee846) Importer(2089858483,b0f066a214c2f5e87bad3c948f4d605d) (ScriptedImporter) -> (artifact id: '1101ed87cc3170f4b9792ec1d0a26b64') in 0.003878208 seconds
Number of updated asset objects reloaded before import = 0Number of asset objects unloaded after import = 3

========================================================================
Received Import Request.
  Time since last request: 0.000022 seconds.
  path: Assets/Sprites/LoadScenes/scen 1/Безымянный-20060.png
  artifactKey: Guid(54b82a09eb5d14c01bdca6a3b6eedd52) Importer(2089858483,b0f066a214c2f5e87bad3c948f4d605d)
Start importing Assets/Sprites/LoadScenes/scen 1/Безымянный-20060.png using Guid(54b82a09eb5d14c01bdca6a3b6eedd52) Importer(2089858483,b0f066a214c2f5e87bad3c948f4d605d) (ScriptedImporter) -> (artifact id: 'f11d24b65f622e3eba5649b0d2cd1f1d') in 0.0039925 seconds
Number of updated asset objects reloaded before import = 0Number of asset objects unloaded after import = 3

========================================================================
Received Import Request.
  Time since last request: 0.000024 seconds.
  path: Assets/Sprites/LoadScenes/scen 1/Безымянный-20065.png
  artifactKey: Guid(d3746a6bee1264bb79650b42217297fc) Importer(2089858483,b0f066a214c2f5e87bad3c948f4d605d)
Start importing Assets/Sprites/LoadScenes/scen 1/Безымянный-20065.png using Guid(d3746a6bee1264bb79650b42217297fc) Importer(2089858483,b0f066a214c2f5e87bad3c948f4d605d) (ScriptedImporter) -> (artifact id: '2e1c515e89df68c56d9a0cf9c1d6a67e') in 0.006335375 seconds
Number of updated asset objects reloaded before import = 0Number of asset objects unloaded after import = 3

========================================================================
Received Import Request.
  Time since last request: 0.000026 seconds.
  path: Assets/Sprites/city/gorod/gorod_00033.png
  artifactKey: Guid(770bbfd7c81c043dab3b59f3dbcceda6) Importer(2089858483,b0f066a214c2f5e87bad3c948f4d605d)
Start importing Assets/Sprites/city/gorod/gorod_00033.png using Guid(770bbfd7c81c043dab3b59f3dbcceda6) Importer(2089858483,b0f066a214c2f5e87bad3c948f4d605d) (ScriptedImporter) -> (artifact id: 'a4bb493728712478f12b95a850d2f0ef') in 0.003933125 seconds
Number of updated asset objects reloaded before import = 0Number of asset objects unloaded after import = 3

========================================================================
Received Import Request.
  Time since last request: 0.000024 seconds.
  path: Assets/Sprites/LoadScenes/scen 1/Безымянный-20036.png
  artifactKey: Guid(adac73b15ba3745ecab504914766aa1f) Importer(2089858483,b0f066a214c2f5e87bad3c948f4d605d)
Start importing Assets/Sprites/LoadScenes/scen 1/Безымянный-20036.png using Guid(adac73b15ba3745ecab504914766aa1f) Importer(2089858483,b0f066a214c2f5e87bad3c948f4d605d) (ScriptedImporter) -> (artifact id: '8693d1b0c53ed2dba80ec81215221958') in 0.004104542 seconds
Number of updated asset objects reloaded before import = 0Number of asset objects unloaded after import = 3

========================================================================
Received Import Request.
  Time since last request: 0.000053 seconds.
  path: Assets/Sprites/city/gorod/gorod_00133.png
  artifactKey: Guid(20197b04f737547c3b21fdd852119c07) Importer(2089858483,b0f066a214c2f5e87bad3c948f4d605d)
Start importing Assets/Sprites/city/gorod/gorod_00133.png using Guid(20197b04f737547c3b21fdd852119c07) Importer(2089858483,b0f066a214c2f5e87bad3c948f4d605d) (ScriptedImporter) -> (artifact id: '6bf95db08b910f0700d61397e5eb09a5') in 0.003686125 seconds
Number of updated asset objects reloaded before import = 0Number of asset objects unloaded after import = 3

========================================================================
Received Import Request.
  Time since last request: 0.000024 seconds.
  path: Assets/Sprites/city/gorod/gorod_00104.png
  artifactKey: Guid(ffa9e8a32ad6945dfa68246b29e8ac80) Importer(2089858483,b0f066a214c2f5e87bad3c948f4d605d)
Start importing Assets/Sprites/city/gorod/gorod_00104.png using Guid(ffa9e8a32ad6945dfa68246b29e8ac80) Importer(2089858483,b0f066a214c2f5e87bad3c948f4d605d) (ScriptedImporter) -> (artifact id: 'c67cc4244751383814c1d79bdd55cda4') in 0.00438525 seconds
Number of updated asset objects reloaded before import = 0Number of asset objects unloaded after import = 3

========================================================================
Received Import Request.
  Time since last request: 0.000023 seconds.
  path: Assets/Sprites/LoadScenes/scen 1/Безымянный-20141.png
  artifactKey: Guid(80ca503c67dfe499394a4a25d20662ad) Importer(2089858483,b0f066a214c2f5e87bad3c948f4d605d)
Start importing Assets/Sprites/LoadScenes/scen 1/Безымянный-20141.png using Guid(80ca503c67dfe499394a4a25d20662ad) Importer(2089858483,b0f066a214c2f5e87bad3c948f4d605d) (ScriptedImporter) -> (artifact id: 'f2aa5d1f26ef725b745d26cd97c0a285') in 0.004109166 seconds
Number of updated asset objects reloaded before import = 0Number of asset objects unloaded after import = 3

========================================================================
Received Import Request.
  Time since last request: 0.000024 seconds.
  path: Assets/Sprites/LoadScenes/scen 1/Безымянный-20085.png
  artifactKey: Guid(58408e51361f64bdeb875cf322e55768) Importer(2089858483,b0f066a214c2f5e87bad3c948f4d605d)
Start importing Assets/Sprites/LoadScenes/scen 1/Безымянный-20085.png using Guid(58408e51361f64bdeb875cf322e55768) Importer(2089858483,b0f066a214c2f5e87bad3c948f4d605d) (ScriptedImporter) -> (artifact id: 'ee4c673510167292d977c5d428d9049f') in 0.003613333 seconds
Number of updated asset objects reloaded before import = 0Number of asset objects unloaded after import = 3

========================================================================
Received Import Request.
  Time since last request: 0.000023 seconds.
  path: Assets/Sprites/LoadScenes/scen 1/Безымянный-20092.png
  artifactKey: Guid(4e6b789a5eb5b439c83d7854ca32ce67) Importer(2089858483,b0f066a214c2f5e87bad3c948f4d605d)
Start importing Assets/Sprites/LoadScenes/scen 1/Безымянный-20092.png using Guid(4e6b789a5eb5b439c83d7854ca32ce67) Importer(2089858483,b0f066a214c2f5e87bad3c948f4d605d) (ScriptedImporter) -> (artifact id: '63e99c4b2e3c99c51675ec18aa548ef3') in 0.003789333 seconds
Number of updated asset objects reloaded before import = 0Number of asset objects unloaded after import = 3

========================================================================
Received Import Request.
  Time since last request: 0.000023 seconds.
  path: Assets/Sprites/LoadScenes/scen 1/Безымянный-20150.png
  artifactKey: Guid(d9ba82febbe4947c2a1094866ab7e681) Importer(2089858483,b0f066a214c2f5e87bad3c948f4d605d)
Start importing Assets/Sprites/LoadScenes/scen 1/Безымянный-20150.png using Guid(d9ba82febbe4947c2a1094866ab7e681) Importer(2089858483,b0f066a214c2f5e87bad3c948f4d605d) (ScriptedImporter) -> (artifact id: '1bb56e9115aef4bd8c31e4b24b3f03f3') in 0.004823292 seconds
Number of updated asset objects reloaded before import = 0Number of asset objects unloaded after import = 3

========================================================================
Received Import Request.
  Time since last request: 0.000023 seconds.
  path: Assets/Sprites/LoadScenes/scen 1/Безымянный-20050.png
  artifactKey: Guid(ef39a72848c64437b98acdc7cd00d516) Importer(2089858483,b0f066a214c2f5e87bad3c948f4d605d)
Start importing Assets/Sprites/LoadScenes/scen 1/Безымянный-20050.png using Guid(ef39a72848c64437b98acdc7cd00d516) Importer(2089858483,b0f066a214c2f5e87bad3c948f4d605d) (ScriptedImporter) -> (artifact id: 'db1ed70186544697f19db43801c46166') in 0.004330125 seconds
Number of updated asset objects reloaded before import = 0Number of asset objects unloaded after import = 3

========================================================================
Received Import Request.
  Time since last request: 0.000025 seconds.
  path: Assets/Sprites/city/gorod/gorod_00132.png
  artifactKey: Guid(d39de96acb4a04c6daeb7f8d4feb7ab8) Importer(2089858483,b0f066a214c2f5e87bad3c948f4d605d)
Start importing Assets/Sprites/city/gorod/gorod_00132.png using Guid(d39de96acb4a04c6daeb7f8d4feb7ab8) Importer(2089858483,b0f066a214c2f5e87bad3c948f4d605d) (ScriptedImporter) -> (artifact id: '73939c76c1db230dce4350fea51a07f9') in 0.003785542 seconds
Number of updated asset objects reloaded before import = 0Number of asset objects unloaded after import = 3

========================================================================
Received Import Request.
  Time since last request: 0.000023 seconds.
  path: Assets/Sprites/LoadScenes/scen 1/Безымянный-20157.png
  artifactKey: Guid(d87aa845bfae7459eb494ebfe8e3d5af) Importer(2089858483,b0f066a214c2f5e87bad3c948f4d605d)
Start importing Assets/Sprites/LoadScenes/scen 1/Безымянный-20157.png using Guid(d87aa845bfae7459eb494ebfe8e3d5af) Importer(2089858483,b0f066a214c2f5e87bad3c948f4d605d) (ScriptedImporter) -> (artifact id: '7fb08fcb8316d2bfb6380f712b49823d') in 0.003804667 seconds
Number of updated asset objects reloaded before import = 0Number of asset objects unloaded after import = 3

========================================================================
Received Import Request.
  Time since last request: 0.000022 seconds.
  path: Assets/Sprites/city/gorod/gorod_00040.png
  artifactKey: Guid(cfb134e8d2cde43fa9660dd1d0e81ee4) Importer(2089858483,b0f066a214c2f5e87bad3c948f4d605d)
Start importing Assets/Sprites/city/gorod/gorod_00040.png using Guid(cfb134e8d2cde43fa9660dd1d0e81ee4) Importer(2089858483,b0f066a214c2f5e87bad3c948f4d605d) (ScriptedImporter) -> (artifact id: '672356b3d5c5dddd37b4aec72849f94b') in 0.003783583 seconds
Number of updated asset objects reloaded before import = 0Number of asset objects unloaded after import = 3

========================================================================
Received Import Request.
  Time since last request: 0.000040 seconds.
  path: Assets/Sprites/city/gorod/gorod_00047.png
  artifactKey: Guid(5ec110cbe67764e17af2d11acb4648e2) Importer(2089858483,b0f066a214c2f5e87bad3c948f4d605d)
Start importing Assets/Sprites/city/gorod/gorod_00047.png using Guid(5ec110cbe67764e17af2d11acb4648e2) Importer(2089858483,b0f066a214c2f5e87bad3c948f4d605d) (ScriptedImporter) -> (artifact id: '811c2292cb6cbd69cb143bf7429e204d') in 0.00456 seconds
Number of updated asset objects reloaded before import = 0Number of asset objects unloaded after import = 3

========================================================================
Received Import Request.
  Time since last request: 0.000025 seconds.
  path: Assets/Sprites/city/gorod/gorod_00013.png
  artifactKey: Guid(16dcdfa4c240d41e085522e047fa3962) Importer(2089858483,b0f066a214c2f5e87bad3c948f4d605d)
Start importing Assets/Sprites/city/gorod/gorod_00013.png using Guid(16dcdfa4c240d41e085522e047fa3962) Importer(2089858483,b0f066a214c2f5e87bad3c948f4d605d) (ScriptedImporter) -> (artifact id: 'd24a059cf5f960330f2ce6dc348e222a') in 0.003772917 seconds
Number of updated asset objects reloaded before import = 0Number of asset objects unloaded after import = 3

========================================================================
Received Import Request.
  Time since last request: 0.000025 seconds.
  path: Assets/Sprites/city/gorod/gorod_00100.png
  artifactKey: Guid(c80e3c905363d4edc86fb83b0c046056) Importer(2089858483,b0f066a214c2f5e87bad3c948f4d605d)
Start importing Assets/Sprites/city/gorod/gorod_00100.png using Guid(c80e3c905363d4edc86fb83b0c046056) Importer(2089858483,b0f066a214c2f5e87bad3c948f4d605d) (ScriptedImporter) -> (artifact id: '8992f3e79fd7277b7b573ab32333621c') in 0.003698042 seconds
Number of updated asset objects reloaded before import = 0Number of asset objects unloaded after import = 3

========================================================================
Received Import Request.
  Time since last request: 0.000023 seconds.
  path: Assets/Sprites/city/gorod/gorod_00003.png
  artifactKey: Guid(96d24f8e0e9e14b20b27aa4b7fc362c0) Importer(2089858483,b0f066a214c2f5e87bad3c948f4d605d)
Start importing Assets/Sprites/city/gorod/gorod_00003.png using Guid(96d24f8e0e9e14b20b27aa4b7fc362c0) Importer(2089858483,b0f066a214c2f5e87bad3c948f4d605d) (ScriptedImporter) -> (artifact id: '88f239ef8bb64c099e4eb0047b55e236') in 0.003843042 seconds
Number of updated asset objects reloaded before import = 0Number of asset objects unloaded after import = 3

========================================================================
Received Import Request.
  Time since last request: 0.000022 seconds.
  path: Assets/Sprites/city/gorod/gorod_00036.png
  artifactKey: Guid(0be9a0db442914eeaab406d4ffd82ee5) Importer(2089858483,b0f066a214c2f5e87bad3c948f4d605d)
Start importing Assets/Sprites/city/gorod/gorod_00036.png using Guid(0be9a0db442914eeaab406d4ffd82ee5) Importer(2089858483,b0f066a214c2f5e87bad3c948f4d605d) (ScriptedImporter) -> (artifact id: '045e342d29d6f25091f6d30716869dbc') in 0.004648084 seconds
Number of updated asset objects reloaded before import = 0Number of asset objects unloaded after import = 3

========================================================================
Received Import Request.
  Time since last request: 0.000039 seconds.
  path: Assets/Sprites/LoadScenes/scen 1/Безымянный-20070.png
  artifactKey: Guid(0d90e51fe705745ebb5129759ef1c9be) Importer(2089858483,b0f066a214c2f5e87bad3c948f4d605d)
Start importing Assets/Sprites/LoadScenes/scen 1/Безымянный-20070.png using Guid(0d90e51fe705745ebb5129759ef1c9be) Importer(2089858483,b0f066a214c2f5e87bad3c948f4d605d) (ScriptedImporter) -> (artifact id: '2aa7cc31549c1753c233b8739ff89990') in 0.003886 seconds
Number of updated asset objects reloaded before import = 0Number of asset objects unloaded after import = 3

========================================================================
Received Import Request.
  Time since last request: 0.000023 seconds.
  path: Assets/Sprites/city/gorod/gorod_00117.png
  artifactKey: Guid(4c840748dcd644b82858f0a8d42656ac) Importer(2089858483,b0f066a214c2f5e87bad3c948f4d605d)
Start importing Assets/Sprites/city/gorod/gorod_00117.png using Guid(4c840748dcd644b82858f0a8d42656ac) Importer(2089858483,b0f066a214c2f5e87bad3c948f4d605d) (ScriptedImporter) -> (artifact id: '57b717939fc5b6870b6a2947b86417f5') in 0.004006875 seconds
Number of updated asset objects reloaded before import = 0Number of asset objects unloaded after import = 3

========================================================================
Received Import Request.
  Time since last request: 0.000023 seconds.
  path: Assets/Sprites/city/gorod/gorod_00143.png
  artifactKey: Guid(af46ccf9bf67f47d2a48040be51b982e) Importer(2089858483,b0f066a214c2f5e87bad3c948f4d605d)
Start importing Assets/Sprites/city/gorod/gorod_00143.png using Guid(af46ccf9bf67f47d2a48040be51b982e) Importer(2089858483,b0f066a214c2f5e87bad3c948f4d605d) (ScriptedImporter) -> (artifact id: 'fe019a6364bd8851a9bd18fd0fc9ddfb') in 0.003799292 seconds
Number of updated asset objects reloaded before import = 0Number of asset objects unloaded after import = 3

========================================================================
Received Import Request.
  Time since last request: 0.000029 seconds.
  path: Assets/Sprites/city/gorod/gorod_00042.png
  artifactKey: Guid(be0a7e4a15cc5408e90b6cc575043ec3) Importer(2089858483,b0f066a214c2f5e87bad3c948f4d605d)
Start importing Assets/Sprites/city/gorod/gorod_00042.png using Guid(be0a7e4a15cc5408e90b6cc575043ec3) Importer(2089858483,b0f066a214c2f5e87bad3c948f4d605d) (ScriptedImporter) -> (artifact id: '6539f7f0fd7391a160ec2be3b679e7c5') in 0.003659417 seconds
Number of updated asset objects reloaded before import = 0Number of asset objects unloaded after import = 3

========================================================================
Received Import Request.
  Time since last request: 0.000023 seconds.
  path: Assets/Sprites/city/gorod/gorod_00105.png
  artifactKey: Guid(0a41ba6cf95a84c72bdce4b5e9da0709) Importer(2089858483,b0f066a214c2f5e87bad3c948f4d605d)
Start importing Assets/Sprites/city/gorod/gorod_00105.png using Guid(0a41ba6cf95a84c72bdce4b5e9da0709) Importer(2089858483,b0f066a214c2f5e87bad3c948f4d605d) (ScriptedImporter) -> (artifact id: 'bb68cb7d607f95866bb7ec0624001d20') in 0.004702334 seconds
Number of updated asset objects reloaded before import = 0Number of asset objects unloaded after import = 3

========================================================================
Received Import Request.
  Time since last request: 0.000022 seconds.
  path: Assets/Sprites/city/gorod/gorod_00012.png
  artifactKey: Guid(0a2c6d77cb92d46ce96ae00e487d7b5b) Importer(2089858483,b0f066a214c2f5e87bad3c948f4d605d)
Start importing Assets/Sprites/city/gorod/gorod_00012.png using Guid(0a2c6d77cb92d46ce96ae00e487d7b5b) Importer(2089858483,b0f066a214c2f5e87bad3c948f4d605d) (ScriptedImporter) -> (artifact id: '73c9655947f8afc94a997847e9098ecf') in 0.00618125 seconds
Number of updated asset objects reloaded before import = 0Number of asset objects unloaded after import = 3

========================================================================
Received Import Request.
  Time since last request: 0.000016 seconds.
  path: Assets/Sprites/city/gorod/gorod_00014.png
  artifactKey: Guid(50e0e0c1d823a4a56adab79c83fa4f8a) Importer(2089858483,b0f066a214c2f5e87bad3c948f4d605d)
Start importing Assets/Sprites/city/gorod/gorod_00014.png using Guid(50e0e0c1d823a4a56adab79c83fa4f8a) Importer(2089858483,b0f066a214c2f5e87bad3c948f4d605d) (ScriptedImporter) -> (artifact id: '12b8a995f40659772dccd9a96ead3775') in 0.003958 seconds
Number of updated asset objects reloaded before import = 0Number of asset objects unloaded after import = 3

========================================================================
Received Import Request.
  Time since last request: 0.000062 seconds.
  path: Assets/Sprites/city/gorod/gorod_00029.png
  artifactKey: Guid(116b9018cf60f4fdab4db85a87c16e50) Importer(2089858483,b0f066a214c2f5e87bad3c948f4d605d)
Start importing Assets/Sprites/city/gorod/gorod_00029.png using Guid(116b9018cf60f4fdab4db85a87c16e50) Importer(2089858483,b0f066a214c2f5e87bad3c948f4d605d) (ScriptedImporter) -> (artifact id: '5b856ea911439f111f9e81718cd08032') in 0.003873792 seconds
Number of updated asset objects reloaded before import = 0Number of asset objects unloaded after import = 3

========================================================================
Received Import Request.
  Time since last request: 0.000036 seconds.
  path: Assets/Sprites/LoadScenes/scen 1/Безымянный-20128.png
  artifactKey: Guid(3aa7f2eeec4cc47dab98222e4b9be321) Importer(2089858483,b0f066a214c2f5e87bad3c948f4d605d)
Start importing Assets/Sprites/LoadScenes/scen 1/Безымянный-20128.png using Guid(3aa7f2eeec4cc47dab98222e4b9be321) Importer(2089858483,b0f066a214c2f5e87bad3c948f4d605d) (ScriptedImporter) -> (artifact id: '9c3ba5a693094c8e69a36a9ec4ffc7a1') in 0.004295583 seconds
Number of updated asset objects reloaded before import = 0Number of asset objects unloaded after import = 3

========================================================================
Received Import Request.
  Time since last request: 0.000029 seconds.
  path: Assets/Sprites/city/gorod/gorod_00138.png
  artifactKey: Guid(e7e442f1b9b824ad585fb44e528dff9b) Importer(2089858483,b0f066a214c2f5e87bad3c948f4d605d)
Start importing Assets/Sprites/city/gorod/gorod_00138.png using Guid(e7e442f1b9b824ad585fb44e528dff9b) Importer(2089858483,b0f066a214c2f5e87bad3c948f4d605d) (ScriptedImporter) -> (artifact id: 'f79d4db911521e841ee9be8c447d7c48') in 0.004572292 seconds
Number of updated asset objects reloaded before import = 0Number of asset objects unloaded after import = 3

========================================================================
Received Import Request.
  Time since last request: 0.000025 seconds.
  path: Assets/Sprites/city/gorod/gorod_00041.png
  artifactKey: Guid(197fdc56319574408950965bb8698a22) Importer(2089858483,b0f066a214c2f5e87bad3c948f4d605d)
Start importing Assets/Sprites/city/gorod/gorod_00041.png using Guid(197fdc56319574408950965bb8698a22) Importer(2089858483,b0f066a214c2f5e87bad3c948f4d605d) (ScriptedImporter) -> (artifact id: '7228b5799da4aa47619b44c6fcbf1372') in 0.004079875 seconds
Number of updated asset objects reloaded before import = 0Number of asset objects unloaded after import = 3

========================================================================
Received Import Request.
  Time since last request: 0.000019 seconds.
  path: Assets/Sprites/LoadScenes/scen 1/Безымянный-20031.png
  artifactKey: Guid(cf7cb0c030da24990b6ccd86f4638aab) Importer(2089858483,b0f066a214c2f5e87bad3c948f4d605d)
Start importing Assets/Sprites/LoadScenes/scen 1/Безымянный-20031.png using Guid(cf7cb0c030da24990b6ccd86f4638aab) Importer(2089858483,b0f066a214c2f5e87bad3c948f4d605d) (ScriptedImporter) -> (artifact id: '7a56a4023f5202be56fd1e1edaf50951') in 0.004287125 seconds
Number of updated asset objects reloaded before import = 0Number of asset objects unloaded after import = 3

========================================================================
Received Import Request.
  Time since last request: 0.000028 seconds.
  path: Assets/Sprites/city/gorod/gorod_00122.png
  artifactKey: Guid(63fedbbdfcb2145459674af9de78f593) Importer(2089858483,b0f066a214c2f5e87bad3c948f4d605d)
Start importing Assets/Sprites/city/gorod/gorod_00122.png using Guid(63fedbbdfcb2145459674af9de78f593) Importer(2089858483,b0f066a214c2f5e87bad3c948f4d605d) (ScriptedImporter) -> (artifact id: '7c986f8a05a6b6cb5e736ad964ec0765') in 0.003823083 seconds
Number of updated asset objects reloaded before import = 0Number of asset objects unloaded after import = 3

========================================================================
Received Import Request.
  Time since last request: 0.000023 seconds.
  path: Assets/Sprites/LoadScenes/scen 1/Безымянный-20132.png
  artifactKey: Guid(0f543df602b8b4421a19872b9cab554a) Importer(2089858483,b0f066a214c2f5e87bad3c948f4d605d)
Start importing Assets/Sprites/LoadScenes/scen 1/Безымянный-20132.png using Guid(0f543df602b8b4421a19872b9cab554a) Importer(2089858483,b0f066a214c2f5e87bad3c948f4d605d) (ScriptedImporter) -> (artifact id: '9952ba774e1991cf55b64d44373d2304') in 0.004813417 seconds
Number of updated asset objects reloaded before import = 0Number of asset objects unloaded after import = 3

========================================================================
Received Import Request.
  Time since last request: 0.000024 seconds.
  path: Assets/Sprites/city/gorod/gorod_00006.png
  artifactKey: Guid(fcaf9e9bf68e34dc788daea9358ee975) Importer(2089858483,b0f066a214c2f5e87bad3c948f4d605d)
Start importing Assets/Sprites/city/gorod/gorod_00006.png using Guid(fcaf9e9bf68e34dc788daea9358ee975) Importer(2089858483,b0f066a214c2f5e87bad3c948f4d605d) (ScriptedImporter) -> (artifact id: '2eb4ffb91c35501ee2dd15ef1ba151f3') in 0.00385525 seconds
Number of updated asset objects reloaded before import = 0Number of asset objects unloaded after import = 3

========================================================================
Received Import Request.
  Time since last request: 0.000028 seconds.
  path: Assets/Sprites/city/gorod/gorod_00011.png
  artifactKey: Guid(49764b8f3b2b543f4b11182ffc37d673) Importer(2089858483,b0f066a214c2f5e87bad3c948f4d605d)
Start importing Assets/Sprites/city/gorod/gorod_00011.png using Guid(49764b8f3b2b543f4b11182ffc37d673) Importer(2089858483,b0f066a214c2f5e87bad3c948f4d605d) (ScriptedImporter) -> (artifact id: '0dceb9f0971e5eb00b7c812aa2e70a54') in 0.003747666 seconds
Number of updated asset objects reloaded before import = 0Number of asset objects unloaded after import = 3

========================================================================
Received Import Request.
  Time since last request: 0.000025 seconds.
  path: Assets/Sprites/LoadScenes/scen 1/Безымянный-20066.png
  artifactKey: Guid(a066e325065d045bd9c84ab9a5f9cc3c) Importer(2089858483,b0f066a214c2f5e87bad3c948f4d605d)
Start importing Assets/Sprites/LoadScenes/scen 1/Безымянный-20066.png using Guid(a066e325065d045bd9c84ab9a5f9cc3c) Importer(2089858483,b0f066a214c2f5e87bad3c948f4d605d) (ScriptedImporter) -> (artifact id: '0f4885448912c8e21218c199af69b5a8') in 0.003867083 seconds
Number of updated asset objects reloaded before import = 0Number of asset objects unloaded after import = 3

========================================================================
Received Import Request.
  Time since last request: 0.000022 seconds.
  path: Assets/Sprites/LoadScenes/scen 1/Безымянный-20052.png
  artifactKey: Guid(ac3b0665a8fc648a599f18655a123172) Importer(2089858483,b0f066a214c2f5e87bad3c948f4d605d)
Start importing Assets/Sprites/LoadScenes/scen 1/Безымянный-20052.png using Guid(ac3b0665a8fc648a599f18655a123172) Importer(2089858483,b0f066a214c2f5e87bad3c948f4d605d) (ScriptedImporter) -> (artifact id: 'a454d10fc9116f0eb9297113accd4519') in 0.003937958 seconds
Number of updated asset objects reloaded before import = 0Number of asset objects unloaded after import = 3

========================================================================
Received Import Request.
  Time since last request: 0.000024 seconds.
  path: Assets/Sprites/city/gorod/gorod_00023.png
  artifactKey: Guid(f6a0f5dcebef441b29017f0b080a473b) Importer(2089858483,b0f066a214c2f5e87bad3c948f4d605d)
Start importing Assets/Sprites/city/gorod/gorod_00023.png using Guid(f6a0f5dcebef441b29017f0b080a473b) Importer(2089858483,b0f066a214c2f5e87bad3c948f4d605d) (ScriptedImporter) -> (artifact id: 'ef17145854a31a8f9c97b970237578e8') in 0.004685 seconds
Number of updated asset objects reloaded before import = 0Number of asset objects unloaded after import = 3

========================================================================
Received Import Request.
  Time since last request: 0.000022 seconds.
  path: Assets/Sprites/city/gorod/gorod_00135.png
  artifactKey: Guid(9ae752c672f5247ee8f254fcb5ef520c) Importer(2089858483,b0f066a214c2f5e87bad3c948f4d605d)
Start importing Assets/Sprites/city/gorod/gorod_00135.png using Guid(9ae752c672f5247ee8f254fcb5ef520c) Importer(2089858483,b0f066a214c2f5e87bad3c948f4d605d) (ScriptedImporter) -> (artifact id: '7b98979f7312e72065ea15e613b43059') in 0.003809709 seconds
Number of updated asset objects reloaded before import = 0Number of asset objects unloaded after import = 3

========================================================================
Received Import Request.
  Time since last request: 0.000022 seconds.
  path: Assets/Sprites/LoadScenes/scen 1/Безымянный-20117.png
  artifactKey: Guid(f5a0f2ee2317b42d08aa736a56186b97) Importer(2089858483,b0f066a214c2f5e87bad3c948f4d605d)
Start importing Assets/Sprites/LoadScenes/scen 1/Безымянный-20117.png using Guid(f5a0f2ee2317b42d08aa736a56186b97) Importer(2089858483,b0f066a214c2f5e87bad3c948f4d605d) (ScriptedImporter) -> (artifact id: '0d178256fb320e012283a35eeed17037') in 0.003927542 seconds
Number of updated asset objects reloaded before import = 0Number of asset objects unloaded after import = 3

========================================================================
Received Import Request.
  Time since last request: 0.000022 seconds.
  path: Assets/Sprites/LoadScenes/scen 1/Безымянный-20142.png
  artifactKey: Guid(5207c7d4a593641d98d0db26823777ee) Importer(2089858483,b0f066a214c2f5e87bad3c948f4d605d)
Start importing Assets/Sprites/LoadScenes/scen 1/Безымянный-20142.png using Guid(5207c7d4a593641d98d0db26823777ee) Importer(2089858483,b0f066a214c2f5e87bad3c948f4d605d) (ScriptedImporter) -> (artifact id: 'b5a24fd720beb54c022e3c0a542ea771') in 0.003613167 seconds
Number of updated asset objects reloaded before import = 0Number of asset objects unloaded after import = 3

========================================================================
Received Import Request.
  Time since last request: 0.000024 seconds.
  path: Assets/Sprites/city/gorod/gorod_00141.png
  artifactKey: Guid(ef52a637ae4924aebbda499504663ef0) Importer(2089858483,b0f066a214c2f5e87bad3c948f4d605d)
Start importing Assets/Sprites/city/gorod/gorod_00141.png using Guid(ef52a637ae4924aebbda499504663ef0) Importer(2089858483,b0f066a214c2f5e87bad3c948f4d605d) (ScriptedImporter) -> (artifact id: '82f79c1cc4ebbed9343adbd90d27898a') in 0.004588792 seconds
Number of updated asset objects reloaded before import = 0Number of asset objects unloaded after import = 3

========================================================================
Received Import Request.
  Time since last request: 0.000022 seconds.
  path: Assets/Sprites/city/gorod/gorod_00139.png
  artifactKey: Guid(4c7e54fcaf60a4c779437c4ff6f5193c) Importer(2089858483,b0f066a214c2f5e87bad3c948f4d605d)
Start importing Assets/Sprites/city/gorod/gorod_00139.png using Guid(4c7e54fcaf60a4c779437c4ff6f5193c) Importer(2089858483,b0f066a214c2f5e87bad3c948f4d605d) (ScriptedImporter) -> (artifact id: '1d51a6d851e3a72f5c4b6224d1b8ccea') in 0.003530125 seconds
Number of updated asset objects reloaded before import = 0Number of asset objects unloaded after import = 3

========================================================================
Received Import Request.
  Time since last request: 17.625246 seconds.
  path: Assets/Prefabs/Canvases.prefab
  artifactKey: Guid(34ce4da5429da47aab2436b9342035fa) Importer(815301076,1909f56bfc062723c751e8b465ee728b)
Start importing Assets/Prefabs/Canvases.prefab using Guid(34ce4da5429da47aab2436b9342035fa) Importer(815301076,1909f56bfc062723c751e8b465ee728b) (PreviewImporter) -> (artifact id: '89d38b7eadc6f752ea7c90d162d2ac36') in 0.040077416 seconds
Number of updated asset objects reloaded before import = 0Number of asset objects unloaded after import = 1163

========================================================================
Received Import Request.
  Time since last request: 0.000031 seconds.
  path: Assets/Prefabs/Directional Light.prefab
  artifactKey: Guid(e72cb014d0124493f81dba00f01dbc47) Importer(815301076,1909f56bfc062723c751e8b465ee728b)
Start importing Assets/Prefabs/Directional Light.prefab using Guid(e72cb014d0124493f81dba00f01dbc47) Importer(815301076,1909f56bfc062723c751e8b465ee728b) (PreviewImporter) -> (artifact id: 'b18a5c1e7127f56a18f89102f23a4b33') in 0.000715041 seconds
Number of updated asset objects reloaded before import = 0Number of asset objects unloaded after import = 5

========================================================================
Received Import Request.
  Time since last request: 0.000026 seconds.
  path: Assets/Prefabs/SceneManager.prefab
  artifactKey: Guid(ceccc28d86a8546caa594df44c836118) Importer(815301076,1909f56bfc062723c751e8b465ee728b)
Start importing Assets/Prefabs/SceneManager.prefab using Guid(ceccc28d86a8546caa594df44c836118) Importer(815301076,1909f56bfc062723c751e8b465ee728b) (PreviewImporter) -> (artifact id: '631572c9768c3661e3499a21610f4b3e') in 0.000530625 seconds
Number of updated asset objects reloaded before import = 0Number of asset objects unloaded after import = 5

========================================================================
Received Import Request.
  Time since last request: 0.000157 seconds.
  path: Assets/Prefabs/EventSystem.prefab
  artifactKey: Guid(f0d0bb0303e79401d9d236b600ba1722) Importer(815301076,1909f56bfc062723c751e8b465ee728b)
Start importing Assets/Prefabs/EventSystem.prefab using Guid(f0d0bb0303e79401d9d236b600ba1722) Importer(815301076,1909f56bfc062723c751e8b465ee728b) (PreviewImporter) -> (artifact id: '8bf53ac0d4f288daddc859021f80a338') in 0.000499167 seconds
Number of updated asset objects reloaded before import = 0Number of asset objects unloaded after import = 6

========================================================================
Received Import Request.
  Time since last request: 0.000032 seconds.
  path: Assets/Prefabs/managers.prefab
  artifactKey: Guid(3d31cce285df34cfa86e3adacee99fd0) Importer(815301076,1909f56bfc062723c751e8b465ee728b)
Start importing Assets/Prefabs/managers.prefab using Guid(3d31cce285df34cfa86e3adacee99fd0) Importer(815301076,1909f56bfc062723c751e8b465ee728b) (PreviewImporter) -> (artifact id: '0cf067784387e70c119435e5bbd256db') in 0.000507 seconds
Number of updated asset objects reloaded before import = 0Number of asset objects unloaded after import = 10

========================================================================
Received Import Request.
  Time since last request: 8.081522 seconds.
  path: Assets/Prefabs/Rooms/CafeMaterials/085_2_83.001.mat
  artifactKey: Guid(9970f6f7c4c654b52a1116a094acd757) Importer(815301076,1909f56bfc062723c751e8b465ee728b)
Start importing Assets/Prefabs/Rooms/CafeMaterials/085_2_83.001.mat using Guid(9970f6f7c4c654b52a1116a094acd757) Importer(815301076,1909f56bfc062723c751e8b465ee728b) (PreviewImporter) -> (artifact id: 'e163ae4b835573b8969a8e0f067a8278') in 0.265926375 seconds
Number of updated asset objects reloaded before import = 0Number of asset objects unloaded after import = 1

========================================================================
Received Import Request.
  Time since last request: 0.000027 seconds.
  path: Assets/Prefabs/Rooms/CafeMaterials/Aluminum anodized.mat
  artifactKey: Guid(1292ac41c350844e0a2db5e5fbc68c0e) Importer(815301076,1909f56bfc062723c751e8b465ee728b)
Start importing Assets/Prefabs/Rooms/CafeMaterials/Aluminum anodized.mat using Guid(1292ac41c350844e0a2db5e5fbc68c0e) Importer(815301076,1909f56bfc062723c751e8b465ee728b) (PreviewImporter) -> (artifact id: '4cfab85dbff158cd8ad08e244053b910') in 0.003053625 seconds
Number of updated asset objects reloaded before import = 0Number of asset objects unloaded after import = 1

========================================================================
Received Import Request.
  Time since last request: 0.000088 seconds.
  path: Assets/Prefabs/Rooms/CafeMaterials/auto_1.mat
  artifactKey: Guid(ad516fee1608340c08bb091b0b8390b3) Importer(815301076,1909f56bfc062723c751e8b465ee728b)
Start importing Assets/Prefabs/Rooms/CafeMaterials/auto_1.mat using Guid(ad516fee1608340c08bb091b0b8390b3) Importer(815301076,1909f56bfc062723c751e8b465ee728b) (PreviewImporter) -> (artifact id: '0854634403fd15d72220e2c642ac0bad') in 0.00324475 seconds
Number of updated asset objects reloaded before import = 0Number of asset objects unloaded after import = 1

========================================================================
Received Import Request.
  Time since last request: 0.000071 seconds.
  path: Assets/Prefabs/Rooms/CafeMaterials/back panel.mat
  artifactKey: Guid(61863541304aa468db02677a2e18e459) Importer(815301076,1909f56bfc062723c751e8b465ee728b)
Start importing Assets/Prefabs/Rooms/CafeMaterials/back panel.mat using Guid(61863541304aa468db02677a2e18e459) Importer(815301076,1909f56bfc062723c751e8b465ee728b) (PreviewImporter) -> (artifact id: '4da090abc4424373e285df53fc80373c') in 0.00462525 seconds
Number of updated asset objects reloaded before import = 0Number of asset objects unloaded after import = 1

========================================================================
Received Import Request.
  Time since last request: 0.000037 seconds.
  path: Assets/Prefabs/Rooms/CafeMaterials/7191_on_off.mat
  artifactKey: Guid(cffcda8eb6b2a438aa4601c313fb4657) Importer(815301076,1909f56bfc062723c751e8b465ee728b)
Start importing Assets/Prefabs/Rooms/CafeMaterials/7191_on_off.mat using Guid(cffcda8eb6b2a438aa4601c313fb4657) Importer(815301076,1909f56bfc062723c751e8b465ee728b) (PreviewImporter) -> (artifact id: '82baa3b4816aff557fa630588009cdd1') in 0.003340667 seconds
Number of updated asset objects reloaded before import = 0Number of asset objects unloaded after import = 1

========================================================================
Received Import Request.
  Time since last request: 0.000071 seconds.
  path: Assets/Prefabs/Rooms/CafeMaterials/7191_back_display_backlight.mat
  artifactKey: Guid(fe515ef990a5f43ae99de977e0596e65) Importer(815301076,1909f56bfc062723c751e8b465ee728b)
Start importing Assets/Prefabs/Rooms/CafeMaterials/7191_back_display_backlight.mat using Guid(fe515ef990a5f43ae99de977e0596e65) Importer(815301076,1909f56bfc062723c751e8b465ee728b) (PreviewImporter) -> (artifact id: '1a70d963ba9fbddd4c4258defe412bb0') in 0.07896675 seconds
Number of updated asset objects reloaded before import = 0Number of asset objects unloaded after import = 1

========================================================================
Received Import Request.
  Time since last request: 0.000061 seconds.
  path: Assets/Prefabs/Rooms/CafeMaterials/7191_plastic_black.mat
  artifactKey: Guid(76920f86b58d2401d9326eeeb54d692b) Importer(815301076,1909f56bfc062723c751e8b465ee728b)
Start importing Assets/Prefabs/Rooms/CafeMaterials/7191_plastic_black.mat using Guid(76920f86b58d2401d9326eeeb54d692b) Importer(815301076,1909f56bfc062723c751e8b465ee728b) (PreviewImporter) -> (artifact id: 'f882f29c30668070ae9726125d89f68c') in 0.002685958 seconds
Number of updated asset objects reloaded before import = 0Number of asset objects unloaded after import = 1

========================================================================
Received Import Request.
  Time since last request: 0.000064 seconds.
  path: Assets/Prefabs/Rooms/CafeMaterials/auto.mat
  artifactKey: Guid(4599c65f62f2b4f12afc0ab941c09f61) Importer(815301076,1909f56bfc062723c751e8b465ee728b)
Start importing Assets/Prefabs/Rooms/CafeMaterials/auto.mat using Guid(4599c65f62f2b4f12afc0ab941c09f61) Importer(815301076,1909f56bfc062723c751e8b465ee728b) (PreviewImporter) -> (artifact id: '4b9123d79b5146b4b0b980b645cfe59c') in 0.003188458 seconds
Number of updated asset objects reloaded before import = 0Number of asset objects unloaded after import = 1

========================================================================
Received Import Request.
  Time since last request: 0.000057 seconds.
  path: Assets/Prefabs/Rooms/CafeMaterials/7191_receipt.mat
  artifactKey: Guid(c487fcaa1adfc42fa8ea986cd3d2d7fe) Importer(815301076,1909f56bfc062723c751e8b465ee728b)
Start importing Assets/Prefabs/Rooms/CafeMaterials/7191_receipt.mat using Guid(c487fcaa1adfc42fa8ea986cd3d2d7fe) Importer(815301076,1909f56bfc062723c751e8b465ee728b) (PreviewImporter) -> (artifact id: '4d58b6efce3a8c4d442a2a00299470aa') in 0.005065375 seconds
Number of updated asset objects reloaded before import = 0Number of asset objects unloaded after import = 1

========================================================================
Received Import Request.
  Time since last request: 0.000047 seconds.
  path: Assets/Prefabs/Rooms/CafeMaterials/7191_display1_2sided.mat
  artifactKey: Guid(c192a29ca095d4f32a2fd24a887bf9a6) Importer(815301076,1909f56bfc062723c751e8b465ee728b)
Start importing Assets/Prefabs/Rooms/CafeMaterials/7191_display1_2sided.mat using Guid(c192a29ca095d4f32a2fd24a887bf9a6) Importer(815301076,1909f56bfc062723c751e8b465ee728b) (PreviewImporter) -> (artifact id: 'eab4eb895676f88b5d1cb8f6f72660d6') in 0.004609167 seconds
Number of updated asset objects reloaded before import = 0Number of asset objects unloaded after import = 1

========================================================================
Received Import Request.
  Time since last request: 0.000094 seconds.
  path: Assets/Prefabs/Rooms/CafeMaterials/7191_pos_display_backlight.mat
  artifactKey: Guid(3d7bfb348f2aa49e58d63b9ac094bc00) Importer(815301076,1909f56bfc062723c751e8b465ee728b)
Start importing Assets/Prefabs/Rooms/CafeMaterials/7191_pos_display_backlight.mat using Guid(3d7bfb348f2aa49e58d63b9ac094bc00) Importer(815301076,1909f56bfc062723c751e8b465ee728b) (PreviewImporter) -> (artifact id: 'aa7b44baeb899b39c175af7d728544a6') in 0.004384083 seconds
Number of updated asset objects reloaded before import = 0Number of asset objects unloaded after import = 1

========================================================================
Received Import Request.
  Time since last request: 0.000087 seconds.
  path: Assets/Prefabs/Rooms/CafeMaterials/7191_metal_black.mat
  artifactKey: Guid(911e631436e6f4105a22c0559ae15d11) Importer(815301076,1909f56bfc062723c751e8b465ee728b)
Start importing Assets/Prefabs/Rooms/CafeMaterials/7191_metal_black.mat using Guid(911e631436e6f4105a22c0559ae15d11) Importer(815301076,1909f56bfc062723c751e8b465ee728b) (PreviewImporter) -> (artifact id: '2b6aeb6361b5784340f37fab5f2f7f73') in 0.003089583 seconds
Number of updated asset objects reloaded before import = 0Number of asset objects unloaded after import = 1

========================================================================
Received Import Request.
  Time since last request: 0.000106 seconds.
  path: Assets/Prefabs/Rooms/CafeMaterials/Base_02.003.mat
  artifactKey: Guid(217c99174c59a42eb9289e7db0350726) Importer(815301076,1909f56bfc062723c751e8b465ee728b)
Start importing Assets/Prefabs/Rooms/CafeMaterials/Base_02.003.mat using Guid(217c99174c59a42eb9289e7db0350726) Importer(815301076,1909f56bfc062723c751e8b465ee728b) (PreviewImporter) -> (artifact id: '63f6cf3f30adf9147f137cd4a9586561') in 0.003141792 seconds
Number of updated asset objects reloaded before import = 0Number of asset objects unloaded after import = 1

========================================================================
Received Import Request.
  Time since last request: 0.000047 seconds.
  path: Assets/Prefabs/Rooms/CafeMaterials/_metall_11.mat
  artifactKey: Guid(f283960d2e45d4e78bd9a95030118f04) Importer(815301076,1909f56bfc062723c751e8b465ee728b)
Start importing Assets/Prefabs/Rooms/CafeMaterials/_metall_11.mat using Guid(f283960d2e45d4e78bd9a95030118f04) Importer(815301076,1909f56bfc062723c751e8b465ee728b) (PreviewImporter) -> (artifact id: 'f58fc4e1d2ce51e64289cb332c6614dc') in 0.004429542 seconds
Number of updated asset objects reloaded before import = 0Number of asset objects unloaded after import = 1

========================================================================
Received Import Request.
  Time since last request: 0.000124 seconds.
  path: Assets/Prefabs/Rooms/CafeMaterials/Base_01.004.mat
  artifactKey: Guid(808b49902cb044845b5b3df1da0d6914) Importer(815301076,1909f56bfc062723c751e8b465ee728b)
Start importing Assets/Prefabs/Rooms/CafeMaterials/Base_01.004.mat using Guid(808b49902cb044845b5b3df1da0d6914) Importer(815301076,1909f56bfc062723c751e8b465ee728b) (PreviewImporter) -> (artifact id: 'ea4e53460ed1334f28d49fbcd9b6423a') in 0.005073791 seconds
Number of updated asset objects reloaded before import = 0Number of asset objects unloaded after import = 1

========================================================================
Received Import Request.
  Time since last request: 0.000049 seconds.
  path: Assets/Prefabs/Rooms/CafeMaterials/_metall_.002.mat
  artifactKey: Guid(b8515eb646f034d89884345b401d4cdc) Importer(815301076,1909f56bfc062723c751e8b465ee728b)
Start importing Assets/Prefabs/Rooms/CafeMaterials/_metall_.002.mat using Guid(b8515eb646f034d89884345b401d4cdc) Importer(815301076,1909f56bfc062723c751e8b465ee728b) (PreviewImporter) -> (artifact id: '04b8baea07d6faac6f9327026f75b868') in 0.004805125 seconds
Number of updated asset objects reloaded before import = 0Number of asset objects unloaded after import = 1

========================================================================
Received Import Request.
  Time since last request: 0.000089 seconds.
  path: Assets/Prefabs/Rooms/CafeMaterials/Base_01.003.mat
  artifactKey: Guid(32b64009ba8e44a3cb4bef7a66e1ca07) Importer(815301076,1909f56bfc062723c751e8b465ee728b)
Start importing Assets/Prefabs/Rooms/CafeMaterials/Base_01.003.mat using Guid(32b64009ba8e44a3cb4bef7a66e1ca07) Importer(815301076,1909f56bfc062723c751e8b465ee728b) (PreviewImporter) -> (artifact id: 'c9f566ec71d6311c8dfda9520dbfa872') in 0.003316958 seconds
Number of updated asset objects reloaded before import = 0Number of asset objects unloaded after import = 1

========================================================================
Received Import Request.
  Time since last request: 0.000064 seconds.
  path: Assets/Prefabs/Rooms/CafeMaterials/7191_blue_light.mat
  artifactKey: Guid(697163b45604c46ea8407535aae7264d) Importer(815301076,1909f56bfc062723c751e8b465ee728b)
Start importing Assets/Prefabs/Rooms/CafeMaterials/7191_blue_light.mat using Guid(697163b45604c46ea8407535aae7264d) Importer(815301076,1909f56bfc062723c751e8b465ee728b) (PreviewImporter) -> (artifact id: 'ea194afc2d07c5b730e76642c2b4b824') in 0.003461708 seconds
Number of updated asset objects reloaded before import = 0Number of asset objects unloaded after import = 1

========================================================================
Received Import Request.
  Time since last request: 0.000088 seconds.
  path: Assets/Prefabs/Rooms/CafeMaterials/7191_scanner_sensor.mat
  artifactKey: Guid(bade0985f507a4a7a9e0ae118dd00f76) Importer(815301076,1909f56bfc062723c751e8b465ee728b)
Start importing Assets/Prefabs/Rooms/CafeMaterials/7191_scanner_sensor.mat using Guid(bade0985f507a4a7a9e0ae118dd00f76) Importer(815301076,1909f56bfc062723c751e8b465ee728b) (PreviewImporter) -> (artifact id: 'dc979f01b1d2557d65c60632a3685a95') in 0.00329275 seconds
Number of updated asset objects reloaded before import = 0Number of asset objects unloaded after import = 1

========================================================================
Received Import Request.
  Time since last request: 0.000133 seconds.
  path: Assets/Prefabs/Rooms/CafeMaterials/7191_display2_2sided.mat
  artifactKey: Guid(8a5cc3c255c5748048b87568f1a6211d) Importer(815301076,1909f56bfc062723c751e8b465ee728b)
Start importing Assets/Prefabs/Rooms/CafeMaterials/7191_display2_2sided.mat using Guid(8a5cc3c255c5748048b87568f1a6211d) Importer(815301076,1909f56bfc062723c751e8b465ee728b) (PreviewImporter) -> (artifact id: 'b6e9133216503a5a51e5e47754051492') in 0.003606792 seconds
Number of updated asset objects reloaded before import = 0Number of asset objects unloaded after import = 1

========================================================================
Received Import Request.
  Time since last request: 0.000074 seconds.
  path: Assets/Prefabs/Rooms/CafeMaterials/Banquette Couch_Wood.mat
  artifactKey: Guid(3bda7ecf1f59c4c8784d4b2aa53de31b) Importer(815301076,1909f56bfc062723c751e8b465ee728b)
Start importing Assets/Prefabs/Rooms/CafeMaterials/Banquette Couch_Wood.mat using Guid(3bda7ecf1f59c4c8784d4b2aa53de31b) Importer(815301076,1909f56bfc062723c751e8b465ee728b) (PreviewImporter) -> (artifact id: 'b054e7227fbe4bc87d71ad2318a67404') in 0.003325667 seconds
Number of updated asset objects reloaded before import = 0Number of asset objects unloaded after import = 1

========================================================================
Received Import Request.
  Time since last request: 0.000109 seconds.
  path: Assets/Prefabs/Rooms/CafeMaterials/Base_02.004.mat
  artifactKey: Guid(264ffa637cb354d66b0a308032543776) Importer(815301076,1909f56bfc062723c751e8b465ee728b)
Start importing Assets/Prefabs/Rooms/CafeMaterials/Base_02.004.mat using Guid(264ffa637cb354d66b0a308032543776) Importer(815301076,1909f56bfc062723c751e8b465ee728b) (PreviewImporter) -> (artifact id: '0a6c3bccf621d0c2109a4e7639561720') in 0.003754041 seconds
Number of updated asset objects reloaded before import = 0Number of asset objects unloaded after import = 1

========================================================================
Received Import Request.
  Time since last request: 0.000089 seconds.
  path: Assets/Prefabs/Rooms/CafeMaterials/_metall_11.002.mat
  artifactKey: Guid(a0cd065fe3c4d4b1a87e055f6b624eed) Importer(815301076,1909f56bfc062723c751e8b465ee728b)
Start importing Assets/Prefabs/Rooms/CafeMaterials/_metall_11.002.mat using Guid(a0cd065fe3c4d4b1a87e055f6b624eed) Importer(815301076,1909f56bfc062723c751e8b465ee728b) (PreviewImporter) -> (artifact id: '6dd259c846c039f93365eab5bbab8e52') in 0.004650417 seconds
Number of updated asset objects reloaded before import = 0Number of asset objects unloaded after import = 1

========================================================================
Received Import Request.
  Time since last request: 0.000086 seconds.
  path: Assets/Prefabs/Rooms/CafeMaterials/_metall_1.mat
  artifactKey: Guid(0116b96f7829d433dbb2b82f66140a72) Importer(815301076,1909f56bfc062723c751e8b465ee728b)
Start importing Assets/Prefabs/Rooms/CafeMaterials/_metall_1.mat using Guid(0116b96f7829d433dbb2b82f66140a72) Importer(815301076,1909f56bfc062723c751e8b465ee728b) (PreviewImporter) -> (artifact id: '15872ce1be1ac351adfa28bd7d58ae8d') in 0.0048925 seconds
Number of updated asset objects reloaded before import = 0Number of asset objects unloaded after import = 1

========================================================================
Received Import Request.
  Time since last request: 0.000063 seconds.
  path: Assets/Prefabs/Rooms/CafeMaterials/7191_scanner_black_insert.mat
  artifactKey: Guid(6d0f8c8f8799a4c299fa7203889af3aa) Importer(815301076,1909f56bfc062723c751e8b465ee728b)
Start importing Assets/Prefabs/Rooms/CafeMaterials/7191_scanner_black_insert.mat using Guid(6d0f8c8f8799a4c299fa7203889af3aa) Importer(815301076,1909f56bfc062723c751e8b465ee728b) (PreviewImporter) -> (artifact id: 'bf1c98ac7807a9fcd484a8418a653697') in 0.003550083 seconds
Number of updated asset objects reloaded before import = 0Number of asset objects unloaded after import = 1

========================================================================
Received Import Request.
  Time since last request: 0.000069 seconds.
  path: Assets/Prefabs/Rooms/CafeMaterials/Asphalt Texture.mat
  artifactKey: Guid(9e463907986cb43f6ba7839dae4166f1) Importer(815301076,1909f56bfc062723c751e8b465ee728b)
Start importing Assets/Prefabs/Rooms/CafeMaterials/Asphalt Texture.mat using Guid(9e463907986cb43f6ba7839dae4166f1) Importer(815301076,1909f56bfc062723c751e8b465ee728b) (PreviewImporter) -> (artifact id: 'f422d146a1dc366bd40c6ff16c3fc50e') in 0.003448375 seconds
Number of updated asset objects reloaded before import = 0Number of asset objects unloaded after import = 1

========================================================================
Received Import Request.
  Time since last request: 0.000107 seconds.
  path: Assets/Prefabs/Rooms/CafeMaterials/Alum brush.mat
  artifactKey: Guid(0bb67d9b5c8b548ec9068e21a459df7c) Importer(815301076,1909f56bfc062723c751e8b465ee728b)
Start importing Assets/Prefabs/Rooms/CafeMaterials/Alum brush.mat using Guid(0bb67d9b5c8b548ec9068e21a459df7c) Importer(815301076,1909f56bfc062723c751e8b465ee728b) (PreviewImporter) -> (artifact id: '315d6057104f28a98d003ea1ee1c2933') in 0.0031535 seconds
Number of updated asset objects reloaded before import = 0Number of asset objects unloaded after import = 1

========================================================================
Received Import Request.
  Time since last request: 0.000053 seconds.
  path: Assets/Prefabs/Rooms/CafeMaterials/auto_3.mat
  artifactKey: Guid(49f70bf057de14f0a9c9b492801f0862) Importer(815301076,1909f56bfc062723c751e8b465ee728b)
Start importing Assets/Prefabs/Rooms/CafeMaterials/auto_3.mat using Guid(49f70bf057de14f0a9c9b492801f0862) Importer(815301076,1909f56bfc062723c751e8b465ee728b) (PreviewImporter) -> (artifact id: '20a5a6a253f746bfb1d3dd5c3a3da7eb') in 0.004138 seconds
Number of updated asset objects reloaded before import = 0Number of asset objects unloaded after import = 1

========================================================================
Received Import Request.
  Time since last request: 0.770296 seconds.
  path: Assets/Prefabs/Rooms/OfficeMaterials/15_-_Default.mat
  artifactKey: Guid(bb26b444061bc4b5486540271fa5b862) Importer(815301076,1909f56bfc062723c751e8b465ee728b)
Start importing Assets/Prefabs/Rooms/OfficeMaterials/15_-_Default.mat using Guid(bb26b444061bc4b5486540271fa5b862) Importer(815301076,1909f56bfc062723c751e8b465ee728b) (PreviewImporter) -> (artifact id: '10db05aa717b12423fedb1490ae38197') in 0.003169834 seconds
Number of updated asset objects reloaded before import = 0Number of asset objects unloaded after import = 1

========================================================================
Received Import Request.
  Time since last request: 0.000035 seconds.
  path: Assets/Prefabs/Rooms/OfficeMaterials/Black_Frame_Window.mat
  artifactKey: Guid(e4b9a5de8bec34976b26c677c996cd7d) Importer(815301076,1909f56bfc062723c751e8b465ee728b)
Start importing Assets/Prefabs/Rooms/OfficeMaterials/Black_Frame_Window.mat using Guid(e4b9a5de8bec34976b26c677c996cd7d) Importer(815301076,1909f56bfc062723c751e8b465ee728b) (PreviewImporter) -> (artifact id: '1d8697910c846dac599e401315c8f249') in 0.003095542 seconds
Number of updated asset objects reloaded before import = 0Number of asset objects unloaded after import = 1

========================================================================
Received Import Request.
  Time since last request: 0.000034 seconds.
  path: Assets/Prefabs/Rooms/OfficeMaterials/Esmalte_Preto.001.mat
  artifactKey: Guid(617efc4343b6e483a9683c9364437250) Importer(815301076,1909f56bfc062723c751e8b465ee728b)
Start importing Assets/Prefabs/Rooms/OfficeMaterials/Esmalte_Preto.001.mat using Guid(617efc4343b6e483a9683c9364437250) Importer(815301076,1909f56bfc062723c751e8b465ee728b) (PreviewImporter) -> (artifact id: '0988cbad1b11b5327f3b9d672eca5334') in 0.003189333 seconds
Number of updated asset objects reloaded before import = 0Number of asset objects unloaded after import = 1

========================================================================
Received Import Request.
  Time since last request: 0.000036 seconds.
  path: Assets/Prefabs/Rooms/OfficeMaterials/Cabinet_Handle.001.mat
  artifactKey: Guid(9bcc4f60e5d8c404599c9b7a609be6f6) Importer(815301076,1909f56bfc062723c751e8b465ee728b)
Start importing Assets/Prefabs/Rooms/OfficeMaterials/Cabinet_Handle.001.mat using Guid(9bcc4f60e5d8c404599c9b7a609be6f6) Importer(815301076,1909f56bfc062723c751e8b465ee728b) (PreviewImporter) -> (artifact id: 'a8249a56f9a63f4e561073f3c2614a83') in 0.004344375 seconds
Number of updated asset objects reloaded before import = 0Number of asset objects unloaded after import = 1

========================================================================
Received Import Request.
  Time since last request: 0.000053 seconds.
  path: Assets/Prefabs/Rooms/OfficeMaterials/Cabinet_Wood.001.mat
  artifactKey: Guid(e04bd76fe2b4d43db8eac10557135d02) Importer(815301076,1909f56bfc062723c751e8b465ee728b)
Start importing Assets/Prefabs/Rooms/OfficeMaterials/Cabinet_Wood.001.mat using Guid(e04bd76fe2b4d43db8eac10557135d02) Importer(815301076,1909f56bfc062723c751e8b465ee728b) (PreviewImporter) -> (artifact id: 'f39c160824f2c316efafc1c58a891839') in 0.003222375 seconds
Number of updated asset objects reloaded before import = 0Number of asset objects unloaded after import = 1

========================================================================
Received Import Request.
  Time since last request: 0.000053 seconds.
  path: Assets/Prefabs/Rooms/OfficeMaterials/LAP_1SCREEN.mat
  artifactKey: Guid(ca496bf6b2fa047d2ad34a315b39bd17) Importer(815301076,1909f56bfc062723c751e8b465ee728b)
Start importing Assets/Prefabs/Rooms/OfficeMaterials/LAP_1SCREEN.mat using Guid(ca496bf6b2fa047d2ad34a315b39bd17) Importer(815301076,1909f56bfc062723c751e8b465ee728b) (PreviewImporter) -> (artifact id: 'f0b8a3c5e1a0c781b7009f595be66196') in 0.003609292 seconds
Number of updated asset objects reloaded before import = 0Number of asset objects unloaded after import = 1

========================================================================
Received Import Request.
  Time since last request: 0.000027 seconds.
  path: Assets/Prefabs/Rooms/OfficeMaterials/paint_blue_0.mat
  artifactKey: Guid(c97682b9af3dc4da69a827fa97bc67f5) Importer(815301076,1909f56bfc062723c751e8b465ee728b)
Start importing Assets/Prefabs/Rooms/OfficeMaterials/paint_blue_0.mat using Guid(c97682b9af3dc4da69a827fa97bc67f5) Importer(815301076,1909f56bfc062723c751e8b465ee728b) (PreviewImporter) -> (artifact id: 'f338631d7a4969a58a2756239ba9583f') in 0.0043925 seconds
Number of updated asset objects reloaded before import = 0Number of asset objects unloaded after import = 1

========================================================================
Received Import Request.
  Time since last request: 0.000030 seconds.
  path: Assets/Prefabs/Rooms/OfficeMaterials/PC1MOUSE.mat
  artifactKey: Guid(c05fb2593dc154c9ab31007988907c94) Importer(815301076,1909f56bfc062723c751e8b465ee728b)
Start importing Assets/Prefabs/Rooms/OfficeMaterials/PC1MOUSE.mat using Guid(c05fb2593dc154c9ab31007988907c94) Importer(815301076,1909f56bfc062723c751e8b465ee728b) (PreviewImporter) -> (artifact id: 'bed7140faf9d653889c6460080538cd1') in 0.004975209 seconds
Number of updated asset objects reloaded before import = 0Number of asset objects unloaded after import = 1

========================================================================
Received Import Request.
  Time since last request: 0.000071 seconds.
  path: Assets/Prefabs/Rooms/OfficeMaterials/Light_Case.mat
  artifactKey: Guid(6b1e2493de311481098e2f0d64b08890) Importer(815301076,1909f56bfc062723c751e8b465ee728b)
Start importing Assets/Prefabs/Rooms/OfficeMaterials/Light_Case.mat using Guid(6b1e2493de311481098e2f0d64b08890) Importer(815301076,1909f56bfc062723c751e8b465ee728b) (PreviewImporter) -> (artifact id: 'bcf2c4ee2a5d13bac9687e9aa37d8b58') in 0.003772708 seconds
Number of updated asset objects reloaded before import = 0Number of asset objects unloaded after import = 1

========================================================================
Received Import Request.
  Time since last request: 0.000121 seconds.
  path: Assets/Prefabs/Rooms/OfficeMaterials/Light_Fixture.mat
  artifactKey: Guid(f054418724ce846dbaf13b4a356634ae) Importer(815301076,1909f56bfc062723c751e8b465ee728b)
Start importing Assets/Prefabs/Rooms/OfficeMaterials/Light_Fixture.mat using Guid(f054418724ce846dbaf13b4a356634ae) Importer(815301076,1909f56bfc062723c751e8b465ee728b) (PreviewImporter) -> (artifact id: '871511c4e7d25453e95f72cbf8d5689d') in 0.202776667 seconds
Number of updated asset objects reloaded before import = 0Number of asset objects unloaded after import = 1

========================================================================
Received Import Request.
  Time since last request: 0.000060 seconds.
  path: Assets/Prefabs/Rooms/OfficeMaterials/paint_blue.mat
  artifactKey: Guid(bde55d1c2d30148ecb1aea4086fa834d) Importer(815301076,1909f56bfc062723c751e8b465ee728b)
Start importing Assets/Prefabs/Rooms/OfficeMaterials/paint_blue.mat using Guid(bde55d1c2d30148ecb1aea4086fa834d) Importer(815301076,1909f56bfc062723c751e8b465ee728b) (PreviewImporter) -> (artifact id: 'bb8ec5edf3d4fe5e6b4ee439b23a951e') in 0.003484 seconds
Number of updated asset objects reloaded before import = 0Number of asset objects unloaded after import = 1

========================================================================
Received Import Request.
  Time since last request: 0.000040 seconds.
  path: Assets/Prefabs/Rooms/OfficeMaterials/PC1MOUSE_PAD.mat
  artifactKey: Guid(d63841ed0c6ae48be8769f918285e7cf) Importer(815301076,1909f56bfc062723c751e8b465ee728b)
Start importing Assets/Prefabs/Rooms/OfficeMaterials/PC1MOUSE_PAD.mat using Guid(d63841ed0c6ae48be8769f918285e7cf) Importer(815301076,1909f56bfc062723c751e8b465ee728b) (PreviewImporter) -> (artifact id: '26278a09171b32b2af82e208d3d5bf9f') in 0.003195916 seconds
Number of updated asset objects reloaded before import = 0Number of asset objects unloaded after import = 1

========================================================================
Received Import Request.
  Time since last request: 0.000095 seconds.
  path: Assets/Prefabs/Rooms/OfficeMaterials/LAP_1_KEYBOARD.mat
  artifactKey: Guid(4d9eb16dbcda94de48666e7cc42ffdca) Importer(815301076,1909f56bfc062723c751e8b465ee728b)
Start importing Assets/Prefabs/Rooms/OfficeMaterials/LAP_1_KEYBOARD.mat using Guid(4d9eb16dbcda94de48666e7cc42ffdca) Importer(815301076,1909f56bfc062723c751e8b465ee728b) (PreviewImporter) -> (artifact id: '63a5a70569ce0b1cb75a1ccaa05d474e') in 0.005521 seconds
Number of updated asset objects reloaded before import = 0Number of asset objects unloaded after import = 1

========================================================================
Received Import Request.
  Time since last request: 0.000094 seconds.
  path: Assets/Prefabs/Rooms/OfficeMaterials/Material.039.mat
  artifactKey: Guid(974f8fa7e80e146d29aea9768b930b4c) Importer(815301076,1909f56bfc062723c751e8b465ee728b)
Start importing Assets/Prefabs/Rooms/OfficeMaterials/Material.039.mat using Guid(974f8fa7e80e146d29aea9768b930b4c) Importer(815301076,1909f56bfc062723c751e8b465ee728b) (PreviewImporter) -> (artifact id: '4212c53fdb55590870aa562991645f62') in 0.004009834 seconds
Number of updated asset objects reloaded before import = 0Number of asset objects unloaded after import = 1

========================================================================
Received Import Request.
  Time since last request: 0.000075 seconds.
  path: Assets/Prefabs/Rooms/OfficeMaterials/PC-1Stand.mat
  artifactKey: Guid(837b2a1f647b04a16b0bb5b6949836fd) Importer(815301076,1909f56bfc062723c751e8b465ee728b)
Start importing Assets/Prefabs/Rooms/OfficeMaterials/PC-1Stand.mat using Guid(837b2a1f647b04a16b0bb5b6949836fd) Importer(815301076,1909f56bfc062723c751e8b465ee728b) (PreviewImporter) -> (artifact id: '30ae6f89e37691837599d49b3bf7a211') in 0.0051275 seconds
Number of updated asset objects reloaded before import = 0Number of asset objects unloaded after import = 1

========================================================================
Received Import Request.
  Time since last request: 0.270358 seconds.
  path: Assets/Prefabs/Rooms/RoomsMaterials/chair_top.002 1.mat
  artifactKey: Guid(a6e61fe87f1234e9da082e037e3d370f) Importer(815301076,1909f56bfc062723c751e8b465ee728b)
Start importing Assets/Prefabs/Rooms/RoomsMaterials/chair_top.002 1.mat using Guid(a6e61fe87f1234e9da082e037e3d370f) Importer(815301076,1909f56bfc062723c751e8b465ee728b) (PreviewImporter) -> (artifact id: '81deffc24f80e828e53007163b0c38d9') in 0.004198041 seconds
Number of updated asset objects reloaded before import = 0Number of asset objects unloaded after import = 1

========================================================================
Received Import Request.
  Time since last request: 0.000075 seconds.
  path: Assets/Prefabs/Rooms/RoomsMaterials/comp_desk_button 2.mat
  artifactKey: Guid(f0e461d3e5ccd432e8e76c084b4f2209) Importer(815301076,1909f56bfc062723c751e8b465ee728b)
Start importing Assets/Prefabs/Rooms/RoomsMaterials/comp_desk_button 2.mat using Guid(f0e461d3e5ccd432e8e76c084b4f2209) Importer(815301076,1909f56bfc062723c751e8b465ee728b) (PreviewImporter) -> (artifact id: '761839e56c29380f1dc7196510e3cd20') in 0.007036375 seconds
Number of updated asset objects reloaded before import = 0Number of asset objects unloaded after import = 1

========================================================================
Received Import Request.
  Time since last request: 0.000044 seconds.
  path: Assets/Prefabs/Rooms/RoomsMaterials/Cube.091__0 1.mat
  artifactKey: Guid(43ddda46b5c4b41ac8139332a73bd750) Importer(815301076,1909f56bfc062723c751e8b465ee728b)
Start importing Assets/Prefabs/Rooms/RoomsMaterials/Cube.091__0 1.mat using Guid(43ddda46b5c4b41ac8139332a73bd750) Importer(815301076,1909f56bfc062723c751e8b465ee728b) (PreviewImporter) -> (artifact id: 'a32f031f82ea4fc1725e49421437bfa9') in 0.006212458 seconds
Number of updated asset objects reloaded before import = 0Number of asset objects unloaded after import = 1

========================================================================
Received Import Request.
  Time since last request: 0.000066 seconds.
  path: Assets/Prefabs/Rooms/RoomsMaterials/comp_desk_top 2.mat
  artifactKey: Guid(9aec1d64b76ff47a89fc87743338b059) Importer(815301076,1909f56bfc062723c751e8b465ee728b)
Start importing Assets/Prefabs/Rooms/RoomsMaterials/comp_desk_top 2.mat using Guid(9aec1d64b76ff47a89fc87743338b059) Importer(815301076,1909f56bfc062723c751e8b465ee728b) (PreviewImporter) -> (artifact id: '98f1f7ff34e7a09c239bd58fb4763ea6') in 0.007159333 seconds
Number of updated asset objects reloaded before import = 0Number of asset objects unloaded after import = 1

========================================================================
Received Import Request.
  Time since last request: 0.000119 seconds.
  path: Assets/Prefabs/Rooms/RoomsMaterials/comp_desk_top 1.mat
  artifactKey: Guid(51fe802eb3c884695ba71da195444f94) Importer(815301076,1909f56bfc062723c751e8b465ee728b)
Start importing Assets/Prefabs/Rooms/RoomsMaterials/comp_desk_top 1.mat using Guid(51fe802eb3c884695ba71da195444f94) Importer(815301076,1909f56bfc062723c751e8b465ee728b) (PreviewImporter) -> (artifact id: 'cb0730166d56fe6535c26de7ce366d28') in 0.004084459 seconds
Number of updated asset objects reloaded before import = 0Number of asset objects unloaded after import = 1

========================================================================
Received Import Request.
  Time since last request: 0.000062 seconds.
  path: Assets/Prefabs/Rooms/RoomsMaterials/comp_desk_b 2.mat
  artifactKey: Guid(c3f97ec192c6e43979a551ab1dd79436) Importer(815301076,1909f56bfc062723c751e8b465ee728b)
Start importing Assets/Prefabs/Rooms/RoomsMaterials/comp_desk_b 2.mat using Guid(c3f97ec192c6e43979a551ab1dd79436) Importer(815301076,1909f56bfc062723c751e8b465ee728b) (PreviewImporter) -> (artifact id: 'c6f4ef77ea85d1eace339b429fe904c8') in 0.003572792 seconds
Number of updated asset objects reloaded before import = 0Number of asset objects unloaded after import = 1

========================================================================
Received Import Request.
  Time since last request: 0.000074 seconds.
  path: Assets/Prefabs/Rooms/RoomsMaterials/GamerStorm_logo.mat
  artifactKey: Guid(8f5a3c3fa8f6d4148b8aeb679ae23075) Importer(815301076,1909f56bfc062723c751e8b465ee728b)
Start importing Assets/Prefabs/Rooms/RoomsMaterials/GamerStorm_logo.mat using Guid(8f5a3c3fa8f6d4148b8aeb679ae23075) Importer(815301076,1909f56bfc062723c751e8b465ee728b) (PreviewImporter) -> (artifact id: 'a14649436907801d8e95061790856423') in 0.00409 seconds
Number of updated asset objects reloaded before import = 0Number of asset objects unloaded after import = 1

========================================================================
Received Import Request.
  Time since last request: 0.000075 seconds.
  path: Assets/Prefabs/Rooms/RoomsMaterials/comp_desk_1remote 1.mat
  artifactKey: Guid(11ce475cdb5994f6b9ad57134572724f) Importer(815301076,1909f56bfc062723c751e8b465ee728b)
Start importing Assets/Prefabs/Rooms/RoomsMaterials/comp_desk_1remote 1.mat using Guid(11ce475cdb5994f6b9ad57134572724f) Importer(815301076,1909f56bfc062723c751e8b465ee728b) (PreviewImporter) -> (artifact id: 'a6c79ac8f2541c97c850581d147e83b4') in 0.003375125 seconds
Number of updated asset objects reloaded before import = 0Number of asset objects unloaded after import = 1

========================================================================
Received Import Request.
  Time since last request: 0.000047 seconds.
  path: Assets/Prefabs/Rooms/RoomsMaterials/comp_desk_2remote.mat
  artifactKey: Guid(931c90c5165ef43caac5dae6cbc6cc0e) Importer(815301076,1909f56bfc062723c751e8b465ee728b)
Start importing Assets/Prefabs/Rooms/RoomsMaterials/comp_desk_2remote.mat using Guid(931c90c5165ef43caac5dae6cbc6cc0e) Importer(815301076,1909f56bfc062723c751e8b465ee728b) (PreviewImporter) -> (artifact id: '6b513be34880fa923eb952400f2b2781') in 0.004555292 seconds
Number of updated asset objects reloaded before import = 0Number of asset objects unloaded after import = 1

========================================================================
Received Import Request.
  Time since last request: 0.000061 seconds.
  path: Assets/Prefabs/Rooms/RoomsMaterials/Cube.091__0.mat
  artifactKey: Guid(8c062bebb718a4f1183e304ddc2ab789) Importer(815301076,1909f56bfc062723c751e8b465ee728b)
Start importing Assets/Prefabs/Rooms/RoomsMaterials/Cube.091__0.mat using Guid(8c062bebb718a4f1183e304ddc2ab789) Importer(815301076,1909f56bfc062723c751e8b465ee728b) (PreviewImporter) -> (artifact id: 'e89c3dd3f90df37087911e5d281326ed') in 0.00345225 seconds
Number of updated asset objects reloaded before import = 0Number of asset objects unloaded after import = 1

========================================================================
Received Import Request.
  Time since last request: 0.000052 seconds.
  path: Assets/Prefabs/Rooms/RoomsMaterials/lamp_cloth 1.mat
  artifactKey: Guid(2ba059b5bef5c424b9c2f098d688b685) Importer(815301076,1909f56bfc062723c751e8b465ee728b)
Start importing Assets/Prefabs/Rooms/RoomsMaterials/lamp_cloth 1.mat using Guid(2ba059b5bef5c424b9c2f098d688b685) Importer(815301076,1909f56bfc062723c751e8b465ee728b) (PreviewImporter) -> (artifact id: '1e01a28c5eb848a6e4c71f53a2dbaf7a') in 0.003467041 seconds
Number of updated asset objects reloaded before import = 0Number of asset objects unloaded after import = 1

========================================================================
Received Import Request.
  Time since last request: 0.000039 seconds.
  path: Assets/Prefabs/Rooms/RoomsMaterials/comp_desk 1.mat
  artifactKey: Guid(fe7f75ea7140b4bad96460bf99510d03) Importer(815301076,1909f56bfc062723c751e8b465ee728b)
Start importing Assets/Prefabs/Rooms/RoomsMaterials/comp_desk 1.mat using Guid(fe7f75ea7140b4bad96460bf99510d03) Importer(815301076,1909f56bfc062723c751e8b465ee728b) (PreviewImporter) -> (artifact id: 'e9b4105198643efb9287a66a44973526') in 0.003663042 seconds
Number of updated asset objects reloaded before import = 0Number of asset objects unloaded after import = 1

========================================================================
Received Import Request.
  Time since last request: 0.000044 seconds.
  path: Assets/Prefabs/Rooms/RoomsMaterials/comp_desk_top.mat
  artifactKey: Guid(6087195f6662b44f79816c0870d7f304) Importer(815301076,1909f56bfc062723c751e8b465ee728b)
Start importing Assets/Prefabs/Rooms/RoomsMaterials/comp_desk_top.mat using Guid(6087195f6662b44f79816c0870d7f304) Importer(815301076,1909f56bfc062723c751e8b465ee728b) (PreviewImporter) -> (artifact id: '0c76b6a1b06287aa7bdb80f7c1b830f9') in 0.005050875 seconds
Number of updated asset objects reloaded before import = 0Number of asset objects unloaded after import = 1

========================================================================
Received Import Request.
  Time since last request: 0.000038 seconds.
  path: Assets/Prefabs/Rooms/RoomsMaterials/comp_desk_b 1.mat
  artifactKey: Guid(8e49bb21dd5784a7bab227e172c604f4) Importer(815301076,1909f56bfc062723c751e8b465ee728b)
Start importing Assets/Prefabs/Rooms/RoomsMaterials/comp_desk_b 1.mat using Guid(8e49bb21dd5784a7bab227e172c604f4) Importer(815301076,1909f56bfc062723c751e8b465ee728b) (PreviewImporter) -> (artifact id: '71ef484012ce656bcc7f14dbd9ca4aed') in 0.004912125 seconds
Number of updated asset objects reloaded before import = 0Number of asset objects unloaded after import = 1

========================================================================
Received Import Request.
  Time since last request: 0.000042 seconds.
  path: Assets/Prefabs/Rooms/RoomsMaterials/comp_desk_a.mat
  artifactKey: Guid(72922fe238e114760898f7417b33aebd) Importer(815301076,1909f56bfc062723c751e8b465ee728b)
Start importing Assets/Prefabs/Rooms/RoomsMaterials/comp_desk_a.mat using Guid(72922fe238e114760898f7417b33aebd) Importer(815301076,1909f56bfc062723c751e8b465ee728b) (PreviewImporter) -> (artifact id: 'ad0d91fbbd0267f9a7ee8e5f0fd3e267') in 0.004309542 seconds
Number of updated asset objects reloaded before import = 0Number of asset objects unloaded after import = 1

========================================================================
Received Import Request.
  Time since last request: 0.000106 seconds.
  path: Assets/Prefabs/Rooms/RoomsMaterials/comp_desk_2remote 1.mat
  artifactKey: Guid(f8441055a90f74da7a967774eda0f51d) Importer(815301076,1909f56bfc062723c751e8b465ee728b)
Start importing Assets/Prefabs/Rooms/RoomsMaterials/comp_desk_2remote 1.mat using Guid(f8441055a90f74da7a967774eda0f51d) Importer(815301076,1909f56bfc062723c751e8b465ee728b) (PreviewImporter) -> (artifact id: 'aef7e1a41c6181db97e3eaec38b60039') in 0.005418542 seconds
Number of updated asset objects reloaded before import = 0Number of asset objects unloaded after import = 1

========================================================================
Received Import Request.
  Time since last request: 0.000124 seconds.
  path: Assets/Prefabs/Rooms/RoomsMaterials/comp_desk.mat
  artifactKey: Guid(88ac0ac4fdc4d4708a69f2ea809e44c2) Importer(815301076,1909f56bfc062723c751e8b465ee728b)
Start importing Assets/Prefabs/Rooms/RoomsMaterials/comp_desk.mat using Guid(88ac0ac4fdc4d4708a69f2ea809e44c2) Importer(815301076,1909f56bfc062723c751e8b465ee728b) (PreviewImporter) -> (artifact id: '4aa4d25cfd98b065c2c5993977140fa1') in 0.004504 seconds
Number of updated asset objects reloaded before import = 0Number of asset objects unloaded after import = 1

========================================================================
Received Import Request.
  Time since last request: 0.000034 seconds.
  path: Assets/Prefabs/Rooms/RoomsMaterials/lamp_cloth.mat
  artifactKey: Guid(6c3693932dc66480294e0091c7fba217) Importer(815301076,1909f56bfc062723c751e8b465ee728b)
Start importing Assets/Prefabs/Rooms/RoomsMaterials/lamp_cloth.mat using Guid(6c3693932dc66480294e0091c7fba217) Importer(815301076,1909f56bfc062723c751e8b465ee728b) (PreviewImporter) -> (artifact id: '64e3e91ec50707792853f4438135cdaa') in 0.004955875 seconds
Number of updated asset objects reloaded before import = 0Number of asset objects unloaded after import = 1

========================================================================
Received Import Request.
  Time since last request: 0.000077 seconds.
  path: Assets/Prefabs/Rooms/RoomsMaterials/comp_desk_c 1.mat
  artifactKey: Guid(50cd1ee19178e4866a0a0cb2d54289af) Importer(815301076,1909f56bfc062723c751e8b465ee728b)
Start importing Assets/Prefabs/Rooms/RoomsMaterials/comp_desk_c 1.mat using Guid(50cd1ee19178e4866a0a0cb2d54289af) Importer(815301076,1909f56bfc062723c751e8b465ee728b) (PreviewImporter) -> (artifact id: 'b8640f2dc3f27611ca0d0731882ac4b3') in 0.004169833 seconds
Number of updated asset objects reloaded before import = 0Number of asset objects unloaded after import = 1

========================================================================
Received Import Request.
  Time since last request: 0.000157 seconds.
  path: Assets/Prefabs/Rooms/RoomsMaterials/comp_desk_a 2.mat
  artifactKey: Guid(efa24ab396b24423394928bc1db176ab) Importer(815301076,1909f56bfc062723c751e8b465ee728b)
Start importing Assets/Prefabs/Rooms/RoomsMaterials/comp_desk_a 2.mat using Guid(efa24ab396b24423394928bc1db176ab) Importer(815301076,1909f56bfc062723c751e8b465ee728b) (PreviewImporter) -> (artifact id: '63fa01690a9a1e5b0c87ddf9e1dae619') in 0.005031208 seconds
Number of updated asset objects reloaded before import = 0Number of asset objects unloaded after import = 1

========================================================================
Received Prepare
Begin MonoManager ReloadAssembly
[Licensing::Client] Successfully resolved entitlement details
Thread 0x16e9c7000 may have been prematurely finalized
- Loaded All Assemblies, in  0.370 seconds
Refreshing native plugins compatible for Editor in 0.14 ms, found 1 plugins.
Native extension for OSXStandalone target not found
Native extension for WebGL target not found
[Package Manager] Failed to launch server process. Reason: Unity was launched with the -noUpm command-line argument
[Package Manager] Unable to send message (not connected to server process).
[Package Manager] Cannot connect to Unity Package Manager local server
[Package Manager] Failed to launch server process. Reason: Unity was launched with the -noUpm command-line argument
[Package Manager] Unable to send message (not connected to server process).
[Package Manager] Cannot connect to Unity Package Manager local server
ScheduleIndexationOnStartup MainProcess:False IndexOnStartup:True
Mono: successfully reloaded assembly
- Finished resetting the current domain, in  0.297 seconds
Domain Reload Profiling: 668ms
	BeginReloadAssembly (131ms)
		ExecutionOrderSort (0ms)
		DisableScriptedObjects (4ms)
		BackupInstance (0ms)
		ReleaseScriptingObjects (0ms)
		CreateAndSetChildDomain (48ms)
	RebuildCommonClasses (24ms)
	RebuildNativeTypeToScriptingClass (9ms)
	initialDomainReloadingComplete (12ms)
	LoadAllAssembliesAndSetupDomain (195ms)
		LoadAssemblies (135ms)
		RebuildTransferFunctionScriptingTraits (0ms)
		AnalyzeDomain (96ms)
			TypeCache.Refresh (7ms)
				TypeCache.ScanAssembly (0ms)
			BuildScriptInfoCaches (83ms)
			ResolveRequiredComponents (3ms)
	FinalizeReload (297ms)
		ReleaseScriptCaches (0ms)
		RebuildScriptCaches (0ms)
		SetupLoadedEditorAssemblies (230ms)
			LogAssemblyErrors (0ms)
			InitializePlatformSupportModulesInManaged (1ms)
			SetLoadedEditorAssemblies (2ms)
			BeforeProcessingInitializeOnLoad (61ms)
			ProcessInitializeOnLoadAttributes (146ms)
			ProcessInitializeOnLoadMethodAttributes (19ms)
			AfterProcessingInitializeOnLoad (1ms)
			EditorAssembliesLoaded (0ms)
		ExecutionOrderSort2 (0ms)
		AwakeInstancesAfterBackupRestoration (2ms)
Refreshing native plugins compatible for Editor in 0.22 ms, found 1 plugins.
Preloading 0 native plugins for Editor in 0.00 ms.
Unloading 1 Unused Serialized files (Serialized files now loaded: 0)
Unloading 3772 unused Assets / (301.6 KB). Loaded Objects now: 4410.
Memory consumption went from 123.1 MB to 122.8 MB.
Total: 6.084667 ms (FindLiveObjects: 0.303125 ms CreateObjectMapping: 0.089917 ms MarkObjects: 4.926041 ms  DeleteObjects: 0.765250 ms)

Prepare: number of updated asset objects reloaded= 0
