# Blender v2.92.0 OBJ File: 'Grohe G-36271000.blend'
# www.blender.org
mtllib Grohe G-36269000.mtl
o Grohe_G-36269000
v 0.000156 0.110226 -0.019893
v 0.000156 0.110226 0.019893
v -0.003878 0.110226 0.019495
v -0.007607 0.110226 0.018364
v -0.011043 0.110226 0.016527
v -0.014055 0.110226 0.014055
v -0.016527 0.110226 0.011043
v -0.018364 0.110226 0.007607
v -0.019495 0.110226 0.003878
v -0.019877 0.110226 -0.000000
v -0.019495 0.110226 -0.003878
v -0.018364 0.110226 -0.007607
v -0.016527 0.110226 -0.011043
v -0.014055 0.110226 -0.014055
v -0.011043 0.110226 -0.016527
v -0.007607 0.110226 -0.018364
v -0.003878 0.110226 -0.019495
v 0.100047 0.110226 -0.019893
v 0.100255 0.106297 -0.022627
v 0.100255 0.099037 -0.019182
v 0.100255 0.095985 -0.016313
v 0.100255 0.093481 -0.012817
v 0.100255 0.091619 -0.008828
v 0.100255 0.090473 -0.004501
v 0.100255 0.090086 -0.000000
v 0.100255 0.090473 0.004501
v 0.100255 0.091619 0.008828
v 0.100255 0.093481 0.012817
v 0.100255 0.095985 0.016313
v 0.100255 0.099037 0.019182
v 0.100255 0.102519 0.021314
v 0.100255 0.106297 0.022627
v 0.100047 0.110226 0.019893
v 0.102540 0.091619 0.008528
v 0.103572 0.093481 0.012380
v 0.104477 0.095985 0.015757
v 0.105220 0.099037 0.018528
v 0.105771 0.102519 0.020588
v 0.106111 0.106297 0.021856
v 0.105396 0.110226 0.019188
v 0.104669 0.091619 0.007646
v 0.106663 0.093481 0.011100
v 0.108411 0.095985 0.014127
v 0.109846 0.099037 0.016612
v 0.110912 0.102519 0.018458
v 0.111568 0.106297 0.019595
v 0.110188 0.110226 0.017204
v 0.106498 0.091619 0.006243
v 0.109318 0.093481 0.009063
v 0.111790 0.095985 0.011535
v 0.113819 0.099037 0.013564
v 0.115326 0.102519 0.015071
v 0.116254 0.106297 0.015999
v 0.114302 0.110226 0.014047
v 0.107901 0.091619 0.004414
v 0.111355 0.093481 0.006408
v 0.114382 0.095985 0.008156
v 0.116867 0.099037 0.009591
v 0.118713 0.102519 0.010657
v 0.119850 0.106297 0.011313
v 0.117459 0.110226 0.009933
v 0.108783 0.091619 0.002285
v 0.112635 0.093481 0.003317
v 0.116012 0.095985 0.004222
v 0.118783 0.099037 0.004965
v 0.120842 0.102519 0.005516
v 0.122110 0.106297 0.005856
v 0.119443 0.110226 0.005141
v 0.109083 0.091619 0.000000
v 0.113072 0.093481 0.000000
v 0.116568 0.095985 -0.000000
v 0.119437 0.099037 -0.000000
v 0.121569 0.102519 -0.000000
v 0.122881 0.106297 -0.000000
v 0.120120 0.110226 0.000000
v 0.108783 0.091619 -0.002285
v 0.112635 0.093481 -0.003317
v 0.116012 0.095985 -0.004222
v 0.118783 0.099037 -0.004965
v 0.120842 0.102519 -0.005516
v 0.122110 0.106297 -0.005856
v 0.119443 0.110226 -0.005141
v 0.107901 0.091619 -0.004414
v 0.111355 0.093481 -0.006408
v 0.114382 0.095985 -0.008156
v 0.116867 0.099037 -0.009591
v 0.118713 0.102519 -0.010657
v 0.119850 0.106297 -0.011313
v 0.117459 0.110226 -0.009933
v 0.106498 0.091619 -0.006243
v 0.109318 0.093481 -0.009063
v 0.111790 0.095985 -0.011535
v 0.113819 0.099037 -0.013564
v 0.115326 0.102519 -0.015071
v 0.116254 0.106297 -0.015999
v 0.114302 0.110226 -0.014047
v 0.104669 0.091619 -0.007646
v 0.106663 0.093481 -0.011100
v 0.108411 0.095985 -0.014127
v 0.109846 0.099037 -0.016612
v 0.110912 0.102519 -0.018458
v 0.111568 0.106297 -0.019595
v 0.110188 0.110226 -0.017204
v 0.102540 0.091619 -0.008528
v 0.103572 0.093481 -0.012380
v 0.104477 0.095985 -0.015757
v 0.105220 0.099037 -0.018528
v 0.105771 0.102519 -0.020588
v 0.106111 0.106297 -0.021856
v 0.105396 0.110226 -0.019188
v 0.104728 0.090983 -0.002583
v 0.105234 0.090951 0.000000
v 0.102827 0.090980 0.004454
v 0.100255 0.102519 -0.021314
v 0.102567 0.090889 -0.004005
v 0.104188 0.090875 0.002271
v -0.000000 0.000000 -0.021123
v 0.000000 0.000783 -0.023070
v -0.000000 0.000105 -0.022675
v -0.000000 0.000391 -0.022963
v 0.004121 0.000000 -0.020717
v 0.004501 0.000783 -0.022627
v 0.004424 0.000105 -0.022239
v 0.004480 0.000391 -0.022522
v 0.005417 0.104133 -0.022627
v 0.004501 0.103174 -0.022627
v 0.005099 0.103806 -0.022599
v 0.004764 0.103455 -0.022599
v 0.008083 0.000000 -0.019515
v 0.008828 0.000783 -0.021314
v 0.008677 0.000105 -0.020949
v 0.008788 0.000391 -0.021215
v 0.009725 0.098274 -0.021314
v 0.008828 0.097266 -0.021314
v 0.009410 0.097942 -0.021258
v 0.009082 0.097574 -0.021258
v 0.011735 0.000000 -0.017563
v 0.012817 0.000783 -0.019182
v 0.012598 0.000105 -0.018854
v 0.012758 0.000391 -0.019093
v 0.013694 0.092875 -0.019182
v 0.012817 0.091845 -0.019182
v 0.013375 0.092553 -0.019102
v 0.013054 0.092175 -0.019102
v 0.014936 0.000000 -0.014936
v 0.016313 0.000783 -0.016313
v 0.016034 0.000105 -0.016034
v 0.016237 0.000391 -0.016237
v 0.017171 0.088144 -0.016313
v 0.016313 0.087108 -0.016313
v 0.016840 0.087842 -0.016215
v 0.016526 0.087463 -0.016215
v 0.017563 0.000000 -0.011735
v 0.019182 0.000783 -0.012817
v 0.018854 0.000105 -0.012598
v 0.019093 0.000391 -0.012758
v 0.020024 0.084262 -0.012817
v 0.019182 0.083229 -0.012817
v 0.019674 0.083992 -0.012711
v 0.019366 0.083614 -0.012711
v 0.019515 0.000000 -0.008083
v 0.021314 0.000783 -0.008828
v 0.020949 0.000105 -0.008677
v 0.021215 0.000391 -0.008788
v 0.022144 0.081378 -0.008828
v 0.021314 0.080352 -0.008828
v 0.021770 0.081145 -0.008734
v 0.021466 0.080770 -0.008734
v 0.020717 0.000000 -0.004121
v 0.022627 0.000783 -0.004501
v 0.022239 0.000105 -0.004424
v 0.022522 0.000391 -0.004480
v 0.023450 0.079602 -0.004501
v 0.022627 0.078581 -0.004501
v 0.023053 0.079403 -0.004443
v 0.022751 0.079030 -0.004443
v 0.021123 0.000000 -0.000000
v 0.023070 0.000783 -0.000000
v 0.022675 0.000105 -0.000000
v 0.022963 0.000391 -0.000000
v 0.023891 0.079002 -0.000000
v 0.023070 0.077983 -0.000000
v 0.023484 0.078818 -0.000000
v 0.023183 0.078445 -0.000000
v 0.020717 0.000000 0.004121
v 0.022627 0.000783 0.004501
v 0.022239 0.000105 0.004424
v 0.022522 0.000391 0.004480
v 0.023450 0.079602 0.004501
v 0.022627 0.078581 0.004501
v 0.023053 0.079403 0.004443
v 0.022751 0.079030 0.004443
v 0.019515 0.000000 0.008083
v 0.021314 0.000783 0.008828
v 0.020949 0.000105 0.008677
v 0.021215 0.000391 0.008788
v 0.022144 0.081378 0.008828
v 0.021314 0.080352 0.008828
v 0.021770 0.081145 0.008734
v 0.021466 0.080770 0.008734
v 0.017563 0.000000 0.011735
v 0.019182 0.000783 0.012817
v 0.018854 0.000105 0.012598
v 0.019093 0.000391 0.012758
v 0.020024 0.084262 0.012817
v 0.019182 0.083229 0.012817
v 0.019674 0.083992 0.012711
v 0.019366 0.083614 0.012711
v 0.014936 0.000000 0.014936
v 0.016313 0.000783 0.016313
v 0.016034 0.000105 0.016034
v 0.016237 0.000391 0.016237
v 0.017171 0.088144 0.016313
v 0.016313 0.087108 0.016313
v 0.016840 0.087842 0.016215
v 0.016526 0.087463 0.016215
v 0.011735 0.000000 0.017563
v 0.012817 0.000783 0.019182
v 0.012598 0.000105 0.018854
v 0.012758 0.000391 0.019093
v 0.013694 0.092875 0.019182
v 0.012817 0.091845 0.019182
v 0.013375 0.092553 0.019102
v 0.013054 0.092175 0.019102
v 0.008083 0.000000 0.019515
v 0.008828 0.000783 0.021314
v 0.008677 0.000105 0.020949
v 0.008788 0.000391 0.021215
v 0.009725 0.098274 0.021314
v 0.008828 0.097266 0.021314
v 0.009410 0.097942 0.021258
v 0.009082 0.097574 0.021258
v 0.004121 0.000000 0.020717
v 0.004501 0.000783 0.022627
v 0.004424 0.000105 0.022239
v 0.004480 0.000391 0.022522
v 0.005417 0.104133 0.022627
v 0.004501 0.103174 0.022627
v 0.005099 0.103806 0.022599
v 0.004764 0.103455 0.022599
v -0.000000 0.000000 0.021123
v -0.000000 0.000783 0.023070
v -0.000000 0.000105 0.022675
v -0.000000 0.000391 0.022963
v -0.004121 0.000000 0.020717
v -0.004501 0.000783 0.022627
v -0.004424 0.000105 0.022239
v -0.004480 0.000391 0.022522
v -0.008083 0.000000 0.019515
v -0.008828 0.000783 0.021314
v -0.008677 0.000105 0.020949
v -0.008788 0.000391 0.021215
v -0.011735 0.000000 0.017563
v -0.012817 0.000783 0.019182
v -0.012598 0.000105 0.018854
v -0.012758 0.000391 0.019093
v -0.014936 0.000000 0.014936
v -0.016313 0.000783 0.016313
v -0.016034 0.000105 0.016034
v -0.016237 0.000391 0.016237
v -0.017563 0.000000 0.011735
v -0.019182 0.000783 0.012817
v -0.018854 0.000105 0.012598
v -0.019093 0.000391 0.012758
v -0.019515 0.000000 0.008083
v -0.021314 0.000783 0.008828
v -0.020949 0.000105 0.008677
v -0.021215 0.000391 0.008788
v -0.020717 0.000000 0.004121
v -0.022627 0.000783 0.004501
v -0.022239 0.000105 0.004424
v -0.022522 0.000391 0.004480
v -0.021123 0.000000 -0.000000
v -0.023070 0.000783 -0.000000
v -0.022675 0.000105 -0.000000
v -0.022963 0.000391 -0.000000
v -0.020717 0.000000 -0.004121
v -0.022627 0.000783 -0.004501
v -0.022239 0.000105 -0.004424
v -0.022522 0.000391 -0.004480
v -0.019515 0.000000 -0.008083
v -0.021314 0.000783 -0.008828
v -0.020949 0.000105 -0.008677
v -0.021215 0.000391 -0.008788
v -0.017563 0.000000 -0.011735
v -0.019182 0.000783 -0.012817
v -0.018854 0.000105 -0.012598
v -0.019093 0.000391 -0.012758
v -0.014936 0.000000 -0.014936
v -0.016313 0.000783 -0.016313
v -0.016034 0.000105 -0.016034
v -0.016237 0.000391 -0.016237
v -0.011735 0.000000 -0.017563
v -0.012817 0.000783 -0.019182
v -0.012598 0.000105 -0.018854
v -0.012758 0.000391 -0.019093
v -0.008083 0.000000 -0.019515
v -0.008828 0.000783 -0.021314
v -0.008677 0.000105 -0.020949
v -0.008788 0.000391 -0.021215
v -0.004121 0.000000 -0.020717
v -0.004501 0.000783 -0.022627
v -0.004424 0.000105 -0.022239
v -0.004480 0.000391 -0.022522
v -0.004347 0.110226 0.021855
v -0.004501 0.109370 0.022627
v -0.004424 0.110112 0.022239
v -0.004480 0.109798 0.022522
v 0.001508 0.109445 0.023013
v 0.000038 0.110226 0.022287
v -0.000000 0.109347 0.023070
v 0.001041 0.109827 0.022926
v 0.000979 0.109412 0.023020
v 0.000605 0.109797 0.022955
v 0.000012 0.110097 0.022669
v 0.000506 0.110112 0.022661
v 0.000296 0.110012 0.022839
v 0.000428 0.109376 0.023041
v -0.000002 0.109780 0.022952
v 0.000270 0.109783 0.022963
v -0.008527 0.110226 0.020587
v -0.008828 0.109387 0.021314
v -0.008677 0.110114 0.020949
v -0.008788 0.109807 0.021215
v -0.012380 0.110226 0.018528
v -0.012817 0.109400 0.019182
v -0.012598 0.110116 0.018854
v -0.012758 0.109813 0.019093
v -0.015757 0.110226 0.015757
v -0.016313 0.109409 0.016313
v -0.016034 0.110117 0.016034
v -0.016237 0.109818 0.016237
v -0.018528 0.110226 0.012380
v -0.019182 0.109416 0.012817
v -0.018854 0.110118 0.012598
v -0.019093 0.109821 0.012758
v -0.020587 0.110226 0.008527
v -0.021314 0.109420 0.008828
v -0.020949 0.110118 0.008677
v -0.021215 0.109823 0.008788
v -0.021855 0.110226 0.004347
v -0.022627 0.109423 0.004501
v -0.022239 0.110119 0.004424
v -0.022522 0.109825 0.004480
v -0.022283 0.110226 -0.000000
v -0.023070 0.109424 -0.000000
v -0.022675 0.110119 -0.000000
v -0.022963 0.109825 -0.000000
v -0.021855 0.110226 -0.004347
v -0.022627 0.109423 -0.004501
v -0.022239 0.110119 -0.004424
v -0.022522 0.109825 -0.004480
v -0.020587 0.110226 -0.008527
v -0.021314 0.109420 -0.008828
v -0.020949 0.110118 -0.008677
v -0.021215 0.109823 -0.008788
v -0.018528 0.110226 -0.012380
v -0.019182 0.109416 -0.012817
v -0.018854 0.110118 -0.012598
v -0.019093 0.109821 -0.012758
v -0.015757 0.110226 -0.015757
v -0.016313 0.109409 -0.016313
v -0.016034 0.110117 -0.016034
v -0.016237 0.109818 -0.016237
v -0.012380 0.110226 -0.018528
v -0.012817 0.109400 -0.019182
v -0.012598 0.110116 -0.018854
v -0.012758 0.109813 -0.019093
v -0.008527 0.110226 -0.020587
v -0.008828 0.109387 -0.021314
v -0.008677 0.110114 -0.020949
v -0.008788 0.109807 -0.021215
v -0.004347 0.110226 -0.021855
v -0.004501 0.109370 -0.022627
v -0.004424 0.110112 -0.022239
v -0.004480 0.109798 -0.022522
v 0.001508 0.109445 -0.023013
v 0.000000 0.109347 -0.023070
v 0.000038 0.110226 -0.022287
v 0.000979 0.109412 -0.023020
v 0.001041 0.109827 -0.022926
v 0.000605 0.109797 -0.022955
v -0.000002 0.109780 -0.022952
v 0.000428 0.109376 -0.023041
v 0.000270 0.109783 -0.022963
v 0.000506 0.110112 -0.022661
v 0.000012 0.110097 -0.022669
v 0.000296 0.110012 -0.022839
v 0.100204 0.110226 -0.022287
v 0.100255 0.109448 -0.022982
v 0.100230 0.110122 -0.022666
v 0.100249 0.109837 -0.022920
v 0.100255 0.109448 0.022982
v 0.100204 0.110226 0.022287
v 0.100249 0.109837 0.022920
v 0.100230 0.110122 0.022666
v 0.106203 0.109448 0.022199
v 0.106021 0.110226 0.021521
v 0.106186 0.109837 0.022137
v 0.106120 0.110122 0.021888
v 0.111746 0.109448 0.019903
v 0.111395 0.110226 0.019295
v 0.111714 0.109837 0.019847
v 0.111585 0.110122 0.019625
v 0.116506 0.109448 0.016251
v 0.116009 0.110226 0.015754
v 0.116460 0.109837 0.016205
v 0.116278 0.110122 0.016023
v 0.120158 0.109448 0.011491
v 0.119550 0.110226 0.011140
v 0.120102 0.109837 0.011459
v 0.119880 0.110122 0.011330
v 0.122454 0.109448 0.005948
v 0.121776 0.110226 0.005767
v 0.122391 0.109837 0.005931
v 0.122143 0.110122 0.005865
v 0.123237 0.109448 0.000000
v 0.122535 0.110226 0.000000
v 0.123172 0.109837 0.000000
v 0.122915 0.110122 0.000000
v 0.122454 0.109448 -0.005948
v 0.121776 0.110226 -0.005767
v 0.122391 0.109837 -0.005931
v 0.122143 0.110122 -0.005865
v 0.120158 0.109448 -0.011491
v 0.119550 0.110226 -0.011140
v 0.120102 0.109837 -0.011459
v 0.119880 0.110122 -0.011330
v 0.116506 0.109448 -0.016251
v 0.116009 0.110226 -0.015755
v 0.116460 0.109837 -0.016205
v 0.116278 0.110122 -0.016023
v 0.111746 0.109448 -0.019903
v 0.111395 0.110226 -0.019295
v 0.111714 0.109837 -0.019847
v 0.111585 0.110122 -0.019625
v 0.106203 0.109448 -0.022199
v 0.106021 0.110226 -0.021521
v 0.106186 0.109837 -0.022137
v 0.106120 0.110122 -0.021888
v 0.004347 0.000000 -0.021855
v -0.000000 0.000000 -0.022283
v 0.008527 0.000000 -0.020587
v 0.012380 0.000000 -0.018528
v 0.015757 0.000000 -0.015757
v 0.018528 0.000000 -0.012380
v 0.020587 0.000000 -0.008527
v 0.021855 0.000000 -0.004347
v 0.022283 0.000000 -0.000000
v 0.021855 0.000000 0.004347
v 0.020587 0.000000 0.008527
v 0.018528 0.000000 0.012380
v 0.015757 0.000000 0.015757
v 0.012380 0.000000 0.018528
v 0.008527 0.000000 0.020587
v 0.004347 0.000000 0.021855
v -0.000000 0.000000 0.022283
v -0.004347 0.000000 0.021855
v -0.008527 0.000000 0.020587
v -0.012380 0.000000 0.018528
v -0.015757 0.000000 0.015757
v -0.018528 0.000000 0.012380
v -0.020587 0.000000 0.008527
v -0.021855 0.000000 0.004347
v -0.022283 0.000000 -0.000000
v -0.021855 0.000000 -0.004347
v -0.020587 0.000000 -0.008527
v -0.018528 0.000000 -0.012380
v -0.015757 0.000000 -0.015757
v -0.012380 0.000000 -0.018528
v -0.008527 0.000000 -0.020587
v -0.004347 0.000000 -0.021855
v 0.000078 0.110226 0.021473
v -0.004188 0.110226 0.021053
v -0.008214 0.110226 0.019831
v 0.100150 0.110226 0.021473
v -0.011925 0.110226 0.017848
v -0.015178 0.110226 0.015178
v -0.017848 0.110226 0.011925
v -0.019831 0.110226 0.008214
v -0.021053 0.110226 0.004188
v -0.021465 0.110226 -0.000000
v -0.021053 0.110226 -0.004188
v -0.019831 0.110226 -0.008214
v -0.017848 0.110226 -0.011925
v -0.015178 0.110226 -0.015178
v -0.011925 0.110226 -0.017848
v -0.008214 0.110226 -0.019831
v -0.004188 0.110226 -0.021053
v 0.000078 0.110226 -0.021473
v 0.100150 0.110226 -0.021473
v 0.105809 0.110226 -0.020728
v 0.105809 0.110226 0.020728
v 0.110984 0.110226 0.018584
v 0.115429 0.110226 0.015174
v 0.118839 0.110226 0.010730
v 0.120983 0.110226 0.005554
v 0.121714 0.110226 0.000000
v 0.120983 0.110226 -0.005554
v 0.118839 0.110226 -0.010730
v 0.115429 0.110226 -0.015174
v 0.110984 0.110226 -0.018584
v 0.000000 0.001546 -0.023070
v 0.004501 0.001546 -0.022627
v -0.004501 0.001546 -0.022627
v 0.008828 0.001546 -0.021314
v 0.012817 0.001546 -0.019182
v 0.016313 0.001546 -0.016313
v 0.019182 0.001546 -0.012817
v 0.021314 0.001546 -0.008828
v 0.022627 0.001546 -0.004501
v 0.023070 0.001546 -0.000000
v 0.022627 0.001546 0.004501
v 0.021314 0.001546 0.008828
v 0.019182 0.001546 0.012817
v 0.016313 0.001546 0.016313
v 0.012817 0.001546 0.019182
v 0.008828 0.001546 0.021314
v 0.004501 0.001546 0.022627
v -0.000000 0.001546 0.023070
v -0.004501 0.001546 0.022627
v -0.008828 0.001546 0.021314
v -0.012817 0.001546 0.019182
v -0.016313 0.001546 0.016313
v -0.019182 0.001546 0.012817
v -0.021314 0.001546 0.008828
v -0.022627 0.001546 0.004501
v -0.023070 0.001546 -0.000000
v -0.022627 0.001546 -0.004501
v -0.021314 0.001546 -0.008828
v -0.019182 0.001546 -0.012817
v -0.016313 0.001546 -0.016313
v -0.012817 0.001546 -0.019182
v -0.008828 0.001546 -0.021314
v 0.090216 0.087146 0.002631
v 0.087917 0.094563 0.002631
v 0.090949 0.087373 0.005161
v 0.088650 0.094790 0.005161
v 0.089841 0.095159 0.007492
v 0.091443 0.095655 0.009536
v 0.095693 0.088844 0.011213
v 0.093395 0.096260 0.011213
v 0.097968 0.089382 0.012457
v 0.095621 0.096951 0.012459
v 0.100384 0.090131 0.013227
v 0.098038 0.097700 0.013227
v 0.102897 0.090910 0.013486
v 0.100551 0.098479 0.013486
v 0.105410 0.091688 0.013227
v 0.103064 0.099257 0.013227
v 0.107826 0.092437 0.012457
v 0.105480 0.100006 0.012459
v 0.107707 0.100697 0.011213
v 0.109659 0.101302 0.009536
v 0.113560 0.094382 0.007492
v 0.111261 0.101798 0.007492
v 0.112451 0.102167 0.005161
v 0.113184 0.102394 0.002631
v 0.102897 0.090910 0.012489
v 0.111958 0.093885 0.009536
v 0.091394 0.083346 0.002631
v 0.092127 0.083573 0.005161
v 0.093317 0.083942 0.007492
v 0.094919 0.084439 0.009536
v 0.096871 0.085044 0.011213
v 0.099098 0.085734 0.012454
v 0.101515 0.086483 0.012454
v 0.104027 0.087262 0.012454
v 0.106540 0.088041 0.012454
v 0.108957 0.088790 0.012454
v 0.111184 0.089480 0.011213
v 0.113136 0.090085 0.009536
v 0.114738 0.090582 0.007492
v 0.115928 0.090951 0.005161
v 0.116661 0.091178 0.002631
v 0.100384 0.090131 0.012489
v 0.110006 0.093280 0.011213
v 0.115483 0.094978 0.002631
v 0.105410 0.091688 0.012489
v 0.114750 0.094751 0.005161
v 0.093741 0.088239 0.009536
v 0.088849 0.094852 0.002437
v 0.089528 0.095062 0.004780
v 0.090630 0.095404 0.006940
v 0.092114 0.095864 0.008833
v 0.093922 0.096424 0.010386
v 0.095985 0.097063 0.011540
v 0.098223 0.097757 0.012251
v 0.100551 0.098479 0.012491
v 0.102879 0.099200 0.012251
v 0.105117 0.099894 0.011540
v 0.107179 0.100533 0.010386
v 0.108987 0.101094 0.008833
v 0.110471 0.101553 0.006940
v 0.111574 0.101895 0.004780
v 0.112253 0.102106 0.002437
v 0.093515 0.083814 0.001634
v 0.093947 0.083947 0.003530
v 0.094686 0.084177 0.005319
v 0.095711 0.084494 0.006946
v 0.096990 0.084891 0.008362
v 0.098485 0.085354 0.009525
v 0.101934 0.086423 0.010954
v 0.103784 0.086996 0.011178
v 0.105642 0.087572 0.011062
v 0.109162 0.088663 0.009836
v 0.110716 0.089145 0.008763
v 0.112069 0.089564 0.007424
v 0.113179 0.089908 0.005859
v 0.114013 0.090167 0.004116
v 0.114544 0.090332 0.002248
v 0.097785 0.089495 0.012382
v 0.100337 0.090283 0.013227
v 0.102850 0.091062 0.013486
v 0.105363 0.091841 0.013227
v 0.107849 0.092618 0.012417
v 0.092139 0.087742 0.007492
v 0.098340 0.089497 0.012491
v 0.099230 0.086088 0.012455
v 0.105404 0.091687 0.013125
v 0.102897 0.090910 0.013405
v 0.108656 0.089010 0.012455
v 0.107465 0.092326 0.012491
v 0.100384 0.090131 0.013141
v 0.099234 0.085776 0.012454
v 0.107453 0.088134 0.010610
v 0.100150 0.085870 0.010397
v 0.108829 0.088750 0.012454
v 0.092064 0.083775 0.005161
v 0.096809 0.085245 0.011213
v 0.115866 0.091152 0.005161
v 0.091331 0.083548 0.002631
v 0.099036 0.085936 0.012455
v 0.116599 0.091379 0.002631
v 0.111121 0.089682 0.011213
v 0.101426 0.086769 0.012454
v 0.108894 0.088991 0.012455
v 0.093255 0.084144 0.007492
v 0.113073 0.090287 0.009536
v 0.103939 0.087548 0.012454
v 0.114675 0.090783 0.007492
v 0.106452 0.088327 0.012454
v 0.094857 0.084640 0.009536
v 0.087260 0.099979 0.002437
v 0.087939 0.100189 0.004780
v 0.089041 0.100531 0.006940
v 0.090525 0.100991 0.008833
v 0.092333 0.101551 0.010386
v 0.094396 0.102191 0.011540
v 0.096634 0.102884 0.012251
v 0.098962 0.103606 0.012491
v 0.101289 0.104327 0.012251
v 0.103528 0.105021 0.011540
v 0.105590 0.105660 0.010386
v 0.107398 0.106221 0.008833
v 0.108882 0.106681 0.006940
v 0.109985 0.107022 0.004780
v 0.110664 0.107233 0.002437
v 0.108893 0.088770 0.012292
v 0.111091 0.089451 0.011067
v 0.113017 0.090048 0.009412
v 0.114598 0.090539 0.007395
v 0.115773 0.090903 0.005094
v 0.091558 0.083397 0.002597
v 0.116497 0.091127 0.002597
v 0.092282 0.083621 0.005094
v 0.093457 0.083985 0.007395
v 0.095038 0.084476 0.009412
v 0.096964 0.085073 0.011067
v 0.099162 0.085754 0.012292
v 0.101547 0.086493 0.012292
v 0.104027 0.087262 0.012292
v 0.106508 0.088031 0.012292
v 0.108767 0.088731 0.012292
v 0.099296 0.085796 0.012292
v 0.093058 0.083672 0.001705
v 0.093508 0.083811 0.003683
v 0.094280 0.084051 0.005549
v 0.095349 0.084382 0.007247
v 0.096684 0.084796 0.008724
v 0.098243 0.085279 0.009937
v 0.099980 0.085817 0.010847
v 0.101841 0.086394 0.011428
v 0.103771 0.086992 0.011662
v 0.105710 0.087593 0.011541
v 0.107599 0.088179 0.011070
v 0.109382 0.088732 0.010262
v 0.111003 0.089234 0.009142
v 0.112415 0.089672 0.007745
v 0.113573 0.090031 0.006112
v 0.114442 0.090300 0.004294
v 0.114997 0.090472 0.002345
v 0.092456 0.087231 0.001634
v 0.092887 0.087365 0.003530
v 0.093627 0.087594 0.005319
v 0.094652 0.087912 0.006946
v 0.095931 0.088308 0.008362
v 0.097426 0.088771 0.009525
v 0.100875 0.089840 0.010954
v 0.102725 0.090414 0.011178
v 0.104583 0.090990 0.011062
v 0.108103 0.092081 0.009836
v 0.109657 0.092562 0.008763
v 0.111010 0.092982 0.007424
v 0.112120 0.093326 0.005859
v 0.112953 0.093584 0.004116
v 0.113485 0.093749 0.002248
v 0.106394 0.091551 0.010610
v 0.099091 0.089287 0.010397
v 0.093098 0.083684 0.001699
v 0.093547 0.083823 0.003669
v 0.094316 0.084062 0.005529
v 0.095381 0.084392 0.007220
v 0.096711 0.084804 0.008692
v 0.098264 0.085286 0.009900
v 0.099995 0.085822 0.010807
v 0.101850 0.086397 0.011386
v 0.103772 0.086993 0.011619
v 0.105704 0.087592 0.011499
v 0.107586 0.088175 0.011029
v 0.109362 0.088726 0.010224
v 0.110978 0.089226 0.009109
v 0.112384 0.089662 0.007717
v 0.113538 0.090020 0.006090
v 0.114404 0.090288 0.004278
v 0.114957 0.090460 0.002337
v 0.100122 0.085862 0.010470
v 0.107477 0.088141 0.010685
v 0.093441 0.083791 0.001646
v 0.093875 0.083925 0.003555
v 0.094620 0.084156 0.005356
v 0.095652 0.084476 0.006995
v 0.096941 0.084875 0.008421
v 0.098446 0.085342 0.009592
v 0.101919 0.086418 0.011031
v 0.103782 0.086996 0.011257
v 0.105653 0.087576 0.011140
v 0.109198 0.088674 0.009905
v 0.110763 0.089160 0.008825
v 0.112125 0.089582 0.007476
v 0.113243 0.089928 0.005900
v 0.114082 0.090188 0.004145
v 0.114618 0.090354 0.002264
v 0.113115 0.089889 -0.001881
v 0.112591 0.089726 -0.003690
v 0.109198 0.088675 -0.008017
v 0.095572 0.084451 -0.003690
v 0.095048 0.084289 -0.001881
v 0.101052 0.089653 -0.010732
v 0.099091 0.089045 -0.010109
v 0.092840 0.087107 -0.002135
v 0.112831 0.090805 -0.001881
v 0.110310 0.090024 -0.006818
v 0.102000 0.087449 -0.009457
v 0.098680 0.086419 -0.008017
v 0.097285 0.085987 -0.006818
v 0.096139 0.085632 -0.005357
v 0.112662 0.089748 -0.003721
v 0.111804 0.089482 -0.005402
v 0.100527 0.085987 -0.008984
v 0.098921 0.085489 -0.008085
v 0.097514 0.085053 -0.006876
v 0.096359 0.084695 -0.005402
v 0.114196 0.090706 -0.002135
v 0.109787 0.089098 -0.009047
v 0.107945 0.088768 -0.010109
v 0.106034 0.087694 -0.010278
v 0.106041 0.087937 -0.010671
v 0.099945 0.086289 -0.010109
v 0.100148 0.085934 -0.009895
v 0.100036 0.086076 -0.010052
v 0.098520 0.085365 -0.008713
v 0.098239 0.085519 -0.009047
v 0.096555 0.085238 -0.007737
v 0.096665 0.085031 -0.007693
v 0.095372 0.084630 -0.006045
v 0.094289 0.084536 -0.004187
v 0.094611 0.084218 -0.004099
v 0.094412 0.084333 -0.004164
v 0.094264 0.084046 -0.002044
v 0.093694 0.084351 -0.002135
v 0.094029 0.084038 -0.002090
v 0.087983 0.094352 0.002631
v 0.088716 0.094579 0.005161
v 0.093460 0.096050 0.011213
v 0.095687 0.096740 0.012459
v 0.098103 0.097489 0.013227
v 0.100616 0.098268 0.013486
v 0.103129 0.099047 0.013227
v 0.105546 0.099796 0.012459
v 0.111326 0.101588 0.007492
v 0.113250 0.102184 0.002631
v 0.112517 0.101957 0.005161
v 0.109724 0.101091 0.009536
v 0.107772 0.100486 0.011213
v 0.091508 0.095445 0.009536
v 0.089906 0.094948 0.007492
v 0.098121 0.098087 0.012251
v 0.095883 0.097393 0.011540
v 0.100449 0.098808 0.012491
v 0.102776 0.099530 0.012251
v 0.105015 0.100223 0.011540
v 0.107077 0.100863 0.010386
v 0.108885 0.101423 0.008833
v 0.110369 0.101883 0.006940
v 0.111472 0.102225 0.004780
v 0.088747 0.095181 0.002437
v 0.112151 0.102435 0.002437
v 0.089426 0.095392 0.004780
v 0.090528 0.095733 0.006940
v 0.092012 0.096193 0.008833
v 0.093820 0.096754 0.010386
v 0.109914 0.088897 0.009411
v 0.109035 0.088814 0.012411
v 0.108987 0.089020 0.012403
v 0.109000 0.088803 0.012233
v 0.110059 0.088941 0.009795
v 0.110038 0.088935 0.009758
v 0.098905 0.085895 0.012382
v 0.098966 0.085693 0.012381
v 0.098892 0.085670 0.012142
v 0.097540 0.085061 0.009391
v 0.097562 0.085068 0.009355
v 0.097731 0.085120 0.009036
v 0.097776 0.085134 0.008973
v 0.096717 0.088552 0.008973
v 0.108803 0.092298 0.009353
v 0.109884 0.088887 0.009338
v 0.102923 0.090825 0.012454
v 0.100410 0.090046 0.012454
v 0.098218 0.089367 0.012457
v 0.105436 0.091604 0.012454
v 0.107634 0.092285 0.012457
v 0.105410 0.091688 0.013159
v 0.100390 0.090133 0.013107
v 0.102897 0.090910 0.013371
v 0.102897 0.090910 0.012454
v 0.100384 0.090131 0.012454
v 0.098108 0.089425 0.012457
v 0.105410 0.091688 0.012454
v 0.107692 0.092396 0.012457
v 0.106478 0.088243 0.012454
v 0.108767 0.088952 0.012455
v 0.103965 0.087464 0.012454
v 0.101452 0.086685 0.012454
v 0.099172 0.085978 0.012455
v 0.090216 0.087146 -0.002631
v 0.087917 0.094563 -0.002631
v 0.090949 0.087373 -0.005161
v 0.088650 0.094790 -0.005161
v 0.089841 0.095159 -0.007492
v 0.091443 0.095655 -0.009536
v 0.095693 0.088844 -0.011213
v 0.093395 0.096260 -0.011213
v 0.097968 0.089382 -0.012457
v 0.095621 0.096951 -0.012459
v 0.100384 0.090131 -0.013227
v 0.098038 0.097700 -0.013227
v 0.102897 0.090910 -0.013486
v 0.100551 0.098479 -0.013486
v 0.105410 0.091688 -0.013227
v 0.103064 0.099257 -0.013227
v 0.107826 0.092437 -0.012457
v 0.105480 0.100006 -0.012459
v 0.107707 0.100697 -0.011213
v 0.109659 0.101302 -0.009536
v 0.113560 0.094382 -0.007492
v 0.111261 0.101798 -0.007492
v 0.112451 0.102167 -0.005161
v 0.113184 0.102394 -0.002631
v 0.102897 0.090910 -0.012489
v 0.111958 0.093885 -0.009536
v 0.091394 0.083346 -0.002631
v 0.092127 0.083573 -0.005161
v 0.093317 0.083942 -0.007492
v 0.094919 0.084439 -0.009536
v 0.096871 0.085044 -0.011213
v 0.099098 0.085734 -0.012454
v 0.101515 0.086483 -0.012454
v 0.104027 0.087262 -0.012454
v 0.106540 0.088041 -0.012454
v 0.108957 0.088790 -0.012454
v 0.111184 0.089480 -0.011213
v 0.113136 0.090085 -0.009536
v 0.114738 0.090582 -0.007492
v 0.115928 0.090951 -0.005161
v 0.116661 0.091178 -0.002631
v 0.100384 0.090131 -0.012489
v 0.110006 0.093280 -0.011213
v 0.115483 0.094978 -0.002631
v 0.105410 0.091688 -0.012489
v 0.114750 0.094751 -0.005161
v 0.093741 0.088239 -0.009536
v 0.088849 0.094852 -0.002437
v 0.089528 0.095062 -0.004780
v 0.090630 0.095404 -0.006940
v 0.092114 0.095864 -0.008833
v 0.093922 0.096424 -0.010386
v 0.095985 0.097063 -0.011540
v 0.098223 0.097757 -0.012251
v 0.100551 0.098479 -0.012491
v 0.102879 0.099200 -0.012251
v 0.105117 0.099894 -0.011540
v 0.107179 0.100533 -0.010386
v 0.108987 0.101094 -0.008833
v 0.110471 0.101553 -0.006940
v 0.111574 0.101895 -0.004780
v 0.112253 0.102106 -0.002437
v 0.093515 0.083814 -0.001634
v 0.093947 0.083947 -0.003530
v 0.094686 0.084177 -0.005319
v 0.095711 0.084494 -0.006946
v 0.096990 0.084891 -0.008362
v 0.098485 0.085354 -0.009525
v 0.101934 0.086423 -0.010954
v 0.103784 0.086996 -0.011178
v 0.105642 0.087572 -0.011062
v 0.109162 0.088663 -0.009836
v 0.110716 0.089145 -0.008763
v 0.112069 0.089564 -0.007424
v 0.113179 0.089908 -0.005859
v 0.114013 0.090167 -0.004116
v 0.114544 0.090332 -0.002248
v 0.097785 0.089495 -0.012382
v 0.100337 0.090283 -0.013227
v 0.102850 0.091062 -0.013486
v 0.105363 0.091841 -0.013227
v 0.107849 0.092618 -0.012417
v 0.092139 0.087742 -0.007492
v 0.098340 0.089497 -0.012491
v 0.099230 0.086088 -0.012455
v 0.105404 0.091687 -0.013125
v 0.102897 0.090910 -0.013405
v 0.108656 0.089010 -0.012455
v 0.107465 0.092326 -0.012491
v 0.100384 0.090131 -0.013141
v 0.099234 0.085776 -0.012454
v 0.107453 0.088134 -0.010610
v 0.100150 0.085870 -0.010397
v 0.108829 0.088750 -0.012454
v 0.092064 0.083775 -0.005161
v 0.096809 0.085245 -0.011213
v 0.115866 0.091152 -0.005161
v 0.091331 0.083548 -0.002631
v 0.099036 0.085936 -0.012455
v 0.116599 0.091379 -0.002631
v 0.111121 0.089682 -0.011213
v 0.101426 0.086769 -0.012454
v 0.108894 0.088991 -0.012455
v 0.093255 0.084144 -0.007492
v 0.113073 0.090287 -0.009536
v 0.103939 0.087548 -0.012454
v 0.114675 0.090783 -0.007492
v 0.106452 0.088327 -0.012454
v 0.094857 0.084640 -0.009536
v 0.089969 0.087070 0.000000
v 0.087670 0.094486 0.000000
v 0.115731 0.095055 0.000000
v 0.113432 0.102471 0.000000
v 0.091146 0.083269 0.000000
v 0.116909 0.091255 0.000000
v 0.088620 0.094780 0.000000
v 0.112482 0.102177 0.000000
v 0.093405 0.083779 0.000000
v 0.114758 0.090398 0.000000
v 0.116846 0.091456 0.000000
v 0.091084 0.083471 0.000000
v 0.087260 0.099979 -0.002437
v 0.087939 0.100189 -0.004780
v 0.089041 0.100531 -0.006940
v 0.090525 0.100991 -0.008833
v 0.092333 0.101551 -0.010386
v 0.094396 0.102191 -0.011540
v 0.096634 0.102884 -0.012251
v 0.098962 0.103606 -0.012491
v 0.101289 0.104327 -0.012251
v 0.103528 0.105021 -0.011540
v 0.105590 0.105660 -0.010386
v 0.107398 0.106221 -0.008833
v 0.108882 0.106681 -0.006940
v 0.109985 0.107022 -0.004780
v 0.110664 0.107233 -0.002437
v 0.087030 0.099908 0.000000
v 0.110893 0.107304 0.000000
v 0.108893 0.088770 -0.012292
v 0.111091 0.089451 -0.011067
v 0.116741 0.091203 0.000000
v 0.113017 0.090048 -0.009412
v 0.114598 0.090539 -0.007395
v 0.115773 0.090903 -0.005094
v 0.091314 0.083321 0.000000
v 0.091558 0.083397 -0.002597
v 0.116497 0.091127 -0.002597
v 0.092282 0.083621 -0.005094
v 0.093457 0.083985 -0.007395
v 0.095038 0.084476 -0.009412
v 0.096964 0.085073 -0.011067
v 0.099162 0.085754 -0.012292
v 0.101547 0.086493 -0.012292
v 0.104027 0.087262 -0.012292
v 0.106508 0.088031 -0.012292
v 0.108767 0.088731 -0.012292
v 0.099296 0.085796 -0.012292
v 0.092942 0.083636 0.000000
v 0.093058 0.083672 -0.001705
v 0.093508 0.083811 -0.003683
v 0.094280 0.084051 -0.005549
v 0.095349 0.084382 -0.007247
v 0.096684 0.084796 -0.008724
v 0.098243 0.085279 -0.009937
v 0.099980 0.085817 -0.010847
v 0.101841 0.086394 -0.011428
v 0.103771 0.086992 -0.011662
v 0.105710 0.087593 -0.011541
v 0.107599 0.088179 -0.011070
v 0.109382 0.088732 -0.010262
v 0.111003 0.089234 -0.009142
v 0.112415 0.089672 -0.007745
v 0.113573 0.090031 -0.006112
v 0.114442 0.090300 -0.004294
v 0.114997 0.090472 -0.002345
v 0.115220 0.090541 0.000000
v 0.092456 0.087231 -0.001634
v 0.092887 0.087365 -0.003530
v 0.093627 0.087594 -0.005319
v 0.094652 0.087912 -0.006946
v 0.095931 0.088308 -0.008362
v 0.097426 0.088771 -0.009525
v 0.100875 0.089840 -0.010954
v 0.102725 0.090414 -0.011178
v 0.104583 0.090990 -0.011062
v 0.108103 0.092081 -0.009836
v 0.109657 0.092562 -0.008763
v 0.111010 0.092982 -0.007424
v 0.112120 0.093326 -0.005859
v 0.112953 0.093584 -0.004116
v 0.113485 0.093749 -0.002248
v 0.106394 0.091551 -0.010610
v 0.099091 0.089287 -0.010397
v 0.092345 0.087197 0.000000
v 0.113699 0.093815 0.000000
v 0.092983 0.083649 0.000000
v 0.093098 0.083684 -0.001699
v 0.093547 0.083823 -0.003669
v 0.094316 0.084062 -0.005529
v 0.095381 0.084392 -0.007220
v 0.096711 0.084804 -0.008692
v 0.098264 0.085286 -0.009900
v 0.099995 0.085822 -0.010807
v 0.101850 0.086397 -0.011386
v 0.103772 0.086993 -0.011619
v 0.105704 0.087592 -0.011499
v 0.107586 0.088175 -0.011029
v 0.109362 0.088726 -0.010224
v 0.110978 0.089226 -0.009109
v 0.112384 0.089662 -0.007717
v 0.113538 0.090020 -0.006090
v 0.114404 0.090288 -0.004278
v 0.114957 0.090460 -0.002337
v 0.115179 0.090529 0.000000
v 0.093330 0.083756 0.000000
v 0.100122 0.085862 -0.010470
v 0.107477 0.088141 -0.010685
v 0.093441 0.083791 -0.001646
v 0.093875 0.083925 -0.003555
v 0.094620 0.084156 -0.005356
v 0.095652 0.084476 -0.006995
v 0.096941 0.084875 -0.008421
v 0.098446 0.085342 -0.009591
v 0.101919 0.086418 -0.011031
v 0.103782 0.086996 -0.011256
v 0.105653 0.087576 -0.011140
v 0.109198 0.088674 -0.009905
v 0.110763 0.089160 -0.008825
v 0.112125 0.089582 -0.007476
v 0.113243 0.089928 -0.005900
v 0.114082 0.090188 -0.004145
v 0.114618 0.090354 -0.002264
v 0.114833 0.090421 0.000000
v 0.094871 0.084234 0.000000
v 0.096423 0.084715 -0.005357
v 0.097569 0.085070 -0.006818
v 0.098964 0.085503 -0.008017
v 0.100557 0.085996 -0.008909
v 0.102285 0.086532 -0.009457
v 0.104081 0.087089 -0.009643
v 0.105878 0.087646 -0.009457
v 0.107606 0.088181 -0.008909
v 0.110594 0.089107 -0.006818
v 0.111739 0.089462 -0.005357
v 0.113292 0.089943 0.000000
v 0.113115 0.089889 0.001881
v 0.112591 0.089726 0.003690
v 0.111739 0.089462 0.005357
v 0.110594 0.089107 0.006818
v 0.109198 0.088675 0.008017
v 0.107606 0.088181 0.008909
v 0.105878 0.087646 0.009457
v 0.104081 0.087089 0.009643
v 0.102285 0.086532 0.009457
v 0.100557 0.085996 0.008909
v 0.098964 0.085503 0.008017
v 0.097569 0.085070 0.006818
v 0.096423 0.084715 0.005357
v 0.095572 0.084451 0.003690
v 0.095048 0.084289 0.001881
v 0.092639 0.087045 0.000000
v 0.093435 0.087292 -0.004187
v 0.094400 0.087591 -0.006079
v 0.095700 0.087994 -0.007737
v 0.097284 0.088485 -0.009098
v 0.103091 0.090285 -0.010942
v 0.105130 0.090917 -0.010732
v 0.107090 0.091525 -0.010109
v 0.108897 0.092085 -0.009098
v 0.110481 0.092576 -0.007737
v 0.111781 0.092978 -0.006079
v 0.112747 0.093278 -0.004187
v 0.113342 0.093462 -0.002135
v 0.113542 0.093524 0.000000
v 0.113342 0.093462 0.002135
v 0.112747 0.093278 0.004187
v 0.111781 0.092978 0.006079
v 0.110481 0.092576 0.007737
v 0.108897 0.092085 0.009098
v 0.107090 0.091525 0.010109
v 0.105130 0.090917 0.010732
v 0.103091 0.090285 0.010942
v 0.101052 0.089653 0.010732
v 0.099091 0.089045 0.010109
v 0.097284 0.088485 0.009098
v 0.095700 0.087994 0.007737
v 0.094400 0.087591 0.006079
v 0.093435 0.087292 0.004187
v 0.092840 0.087107 0.002135
v 0.094587 0.085151 0.000000
v 0.094764 0.085206 -0.001881
v 0.095288 0.085368 -0.003690
v 0.100273 0.086913 -0.008909
v 0.103797 0.088005 -0.009643
v 0.105594 0.088562 -0.009457
v 0.107322 0.089098 -0.008909
v 0.108914 0.089592 -0.008017
v 0.111455 0.090379 -0.005357
v 0.112306 0.090643 -0.003690
v 0.113007 0.090860 0.000000
v 0.112831 0.090805 0.001881
v 0.112306 0.090643 0.003690
v 0.111455 0.090379 0.005357
v 0.110310 0.090024 0.006818
v 0.108914 0.089592 0.008017
v 0.107322 0.089098 0.008909
v 0.105594 0.088562 0.009457
v 0.103797 0.088005 0.009643
v 0.102000 0.087449 0.009457
v 0.100273 0.086913 0.008909
v 0.098680 0.086419 0.008017
v 0.097285 0.085987 0.006818
v 0.096139 0.085632 0.005357
v 0.095288 0.085368 0.003690
v 0.094764 0.085206 0.001881
v 0.094793 0.084210 0.000000
v 0.094972 0.084265 -0.001897
v 0.095500 0.084429 -0.003721
v 0.102269 0.086527 -0.009537
v 0.104081 0.087089 -0.009724
v 0.105893 0.087650 -0.009537
v 0.107636 0.088190 -0.008984
v 0.109242 0.088688 -0.008085
v 0.110649 0.089124 -0.006876
v 0.113191 0.089912 -0.001897
v 0.113370 0.089968 0.000000
v 0.113191 0.089912 0.001897
v 0.112662 0.089748 0.003721
v 0.111804 0.089482 0.005402
v 0.110649 0.089124 0.006876
v 0.109242 0.088688 0.008085
v 0.107636 0.088190 0.008984
v 0.105893 0.087650 0.009537
v 0.104081 0.087089 0.009724
v 0.102269 0.086527 0.009537
v 0.100527 0.085987 0.008984
v 0.098921 0.085489 0.008085
v 0.097514 0.085053 0.006876
v 0.096359 0.084695 0.005402
v 0.095500 0.084429 0.003721
v 0.094972 0.084265 0.001897
v 0.093820 0.084149 -0.002123
v 0.093493 0.084289 0.000000
v 0.094072 0.083986 0.000000
v 0.093621 0.084088 0.000000
v 0.093833 0.083977 0.000000
v 0.094834 0.084222 -0.004010
v 0.095759 0.084509 -0.005822
v 0.095255 0.084835 -0.006079
v 0.095557 0.084511 -0.005951
v 0.097004 0.084895 -0.007410
v 0.096829 0.084905 -0.007574
v 0.098138 0.085729 -0.009098
v 0.098379 0.085386 -0.008906
v 0.100251 0.085901 -0.009682
v 0.102129 0.086483 -0.010278
v 0.101906 0.086897 -0.010732
v 0.102067 0.086529 -0.010505
v 0.101986 0.086680 -0.010671
v 0.104081 0.087089 -0.010479
v 0.103945 0.087529 -0.010942
v 0.104063 0.087148 -0.010711
v 0.104013 0.087309 -0.010880
v 0.105984 0.088161 -0.010732
v 0.106059 0.087766 -0.010505
v 0.107912 0.088276 -0.009682
v 0.107978 0.088361 -0.009895
v 0.107990 0.088541 -0.010052
v 0.109642 0.088812 -0.008713
v 0.109752 0.089329 -0.009098
v 0.109747 0.088909 -0.008906
v 0.111159 0.089282 -0.007410
v 0.111335 0.089819 -0.007737
v 0.111297 0.089390 -0.007574
v 0.111362 0.089586 -0.007693
v 0.112404 0.089668 -0.005822
v 0.112635 0.090222 -0.006079
v 0.112570 0.089784 -0.005951
v 0.112654 0.089987 -0.006045
v 0.113329 0.089955 -0.004010
v 0.113601 0.090522 -0.004187
v 0.113515 0.090077 -0.004099
v 0.113615 0.090285 -0.004164
v 0.113899 0.090132 -0.002044
v 0.114097 0.090258 -0.002090
v 0.114206 0.090468 -0.002123
v 0.114091 0.090191 0.000000
v 0.114397 0.090768 0.000000
v 0.114294 0.090319 0.000000
v 0.114406 0.090530 0.000000
v 0.113899 0.090132 0.002044
v 0.114196 0.090706 0.002135
v 0.114097 0.090258 0.002090
v 0.114206 0.090468 0.002123
v 0.113329 0.089955 0.004010
v 0.113601 0.090522 0.004187
v 0.113515 0.090077 0.004099
v 0.113615 0.090285 0.004164
v 0.112404 0.089668 0.005822
v 0.112635 0.090222 0.006079
v 0.112570 0.089784 0.005951
v 0.112654 0.089987 0.006045
v 0.111159 0.089282 0.007410
v 0.111335 0.089819 0.007737
v 0.111297 0.089390 0.007574
v 0.111362 0.089586 0.007694
v 0.109642 0.088812 0.008713
v 0.109752 0.089329 0.009098
v 0.109747 0.088909 0.008906
v 0.109787 0.089098 0.009047
v 0.107912 0.088276 0.009682
v 0.107945 0.088768 0.010109
v 0.107978 0.088361 0.009895
v 0.107990 0.088541 0.010052
v 0.106034 0.087694 0.010278
v 0.105984 0.088161 0.010732
v 0.106059 0.087766 0.010505
v 0.106041 0.087937 0.010671
v 0.104081 0.087089 0.010479
v 0.103945 0.087529 0.010942
v 0.104063 0.087148 0.010711
v 0.104013 0.087309 0.010880
v 0.102129 0.086483 0.010278
v 0.101906 0.086897 0.010732
v 0.102067 0.086529 0.010505
v 0.101986 0.086680 0.010671
v 0.100251 0.085901 0.009682
v 0.099945 0.086289 0.010109
v 0.100148 0.085934 0.009895
v 0.100036 0.086076 0.010052
v 0.098520 0.085365 0.008713
v 0.098138 0.085729 0.009098
v 0.098379 0.085386 0.008906
v 0.098239 0.085519 0.009047
v 0.097004 0.084895 0.007410
v 0.096555 0.085238 0.007737
v 0.096829 0.084905 0.007574
v 0.096665 0.085031 0.007694
v 0.095759 0.084509 0.005822
v 0.095255 0.084835 0.006079
v 0.095557 0.084511 0.005951
v 0.095372 0.084630 0.006045
v 0.094834 0.084222 0.004010
v 0.094289 0.084536 0.004187
v 0.094611 0.084218 0.004099
v 0.094412 0.084333 0.004164
v 0.094264 0.084046 0.002044
v 0.093694 0.084351 0.002135
v 0.094029 0.084038 0.002090
v 0.093820 0.084149 0.002123
v 0.087735 0.094275 0.000000
v 0.113497 0.102260 0.000000
v 0.087983 0.094352 -0.002631
v 0.088716 0.094579 -0.005161
v 0.093460 0.096050 -0.011213
v 0.095687 0.096740 -0.012459
v 0.098103 0.097489 -0.013227
v 0.100616 0.098268 -0.013486
v 0.103129 0.099047 -0.013227
v 0.105546 0.099796 -0.012459
v 0.111326 0.101588 -0.007492
v 0.113250 0.102184 -0.002631
v 0.112517 0.101957 -0.005161
v 0.109724 0.101091 -0.009536
v 0.107772 0.100486 -0.011213
v 0.091508 0.095445 -0.009536
v 0.089906 0.094948 -0.007492
v 0.098121 0.098087 -0.012251
v 0.095883 0.097393 -0.011540
v 0.100449 0.098808 -0.012491
v 0.088518 0.095110 0.000000
v 0.102776 0.099530 -0.012251
v 0.105015 0.100223 -0.011540
v 0.112380 0.102506 0.000000
v 0.107077 0.100863 -0.010386
v 0.108885 0.101423 -0.008833
v 0.110369 0.101883 -0.006940
v 0.111472 0.102225 -0.004780
v 0.088747 0.095181 -0.002437
v 0.112151 0.102435 -0.002437
v 0.089426 0.095392 -0.004780
v 0.090528 0.095733 -0.006940
v 0.092012 0.096193 -0.008833
v 0.093820 0.096754 -0.010386
v 0.109914 0.088897 -0.009411
v 0.109035 0.088814 -0.012411
v 0.108987 0.089020 -0.012403
v 0.109000 0.088803 -0.012233
v 0.110059 0.088941 -0.009795
v 0.110038 0.088935 -0.009758
v 0.098905 0.085895 -0.012382
v 0.098966 0.085693 -0.012381
v 0.098892 0.085670 -0.012142
v 0.097540 0.085061 -0.009391
v 0.097562 0.085068 -0.009355
v 0.097731 0.085120 -0.009036
v 0.097776 0.085134 -0.008973
v 0.096717 0.088552 -0.008973
v 0.108803 0.092298 -0.009353
v 0.109884 0.088887 -0.009338
v 0.102923 0.090825 -0.012454
v 0.100410 0.090046 -0.012454
v 0.098218 0.089367 -0.012457
v 0.105436 0.091604 -0.012454
v 0.107634 0.092285 -0.012457
v 0.105410 0.091688 -0.013159
v 0.100390 0.090133 -0.013107
v 0.102897 0.090910 -0.013371
v 0.102897 0.090910 -0.012454
v 0.100384 0.090131 -0.012454
v 0.098108 0.089425 -0.012457
v 0.105410 0.091688 -0.012454
v 0.107692 0.092396 -0.012457
v 0.106478 0.088243 -0.012454
v 0.108767 0.088952 -0.012455
v 0.103965 0.087464 -0.012454
v 0.101452 0.086685 -0.012454
v 0.099172 0.085978 -0.012455
v 0.110003 0.091270 0.007022
v 0.112056 0.091907 0.003804
v 0.111575 0.090025 0.005378
v 0.111047 0.089565 0.006408
v 0.110861 0.089508 0.006213
v 0.110166 0.089588 0.007243
v 0.109980 0.089531 0.007048
v 0.108386 0.089036 0.008717
v 0.109267 0.089013 0.007882
v 0.112480 0.090004 0.002898
v 0.112666 0.090061 0.003093
v 0.113194 0.090521 0.002064
v 0.110886 0.089509 0.004568
v 0.111599 0.090027 0.003733
v 0.111785 0.090084 0.003928
v 0.111072 0.089567 0.004762
v 0.110005 0.089533 0.005402
v 0.110191 0.089590 0.005597
v 0.109291 0.089015 0.006237
v 0.109477 0.089073 0.006432
v 0.107883 0.088579 0.008101
v 0.108410 0.089038 0.007072
v 0.108596 0.089096 0.007267
v 0.107697 0.088521 0.007907
v 0.106102 0.088027 0.009576
v 0.106816 0.088544 0.008741
v 0.107002 0.088602 0.008936
v 0.113164 0.090518 0.000365
v 0.111755 0.090081 0.002229
v 0.111569 0.090023 0.002034
v 0.112636 0.090058 0.001394
v 0.112450 0.090000 0.001199
v 0.110161 0.089587 0.003898
v 0.111042 0.089564 0.003063
v 0.110856 0.089506 0.002869
v 0.109975 0.089529 0.003703
v 0.109447 0.089069 0.004733
v 0.109261 0.089012 0.004538
v 0.108566 0.089092 0.005568
v 0.108380 0.089035 0.005373
v 0.106786 0.088541 0.007042
v 0.107853 0.088575 0.006402
v 0.107667 0.088518 0.006208
v 0.106972 0.088598 0.007237
v 0.105377 0.088104 0.008906
v 0.106258 0.088081 0.008072
v 0.106072 0.088023 0.007877
v 0.105191 0.088046 0.008712
v 0.104664 0.087587 0.009741
v 0.104478 0.087529 0.009546
v 0.113189 0.090519 -0.001281
v 0.112475 0.090002 -0.000446
v 0.112661 0.090060 -0.000251
v 0.110880 0.089508 0.001223
v 0.111066 0.089565 0.001418
v 0.111594 0.090025 0.000389
v 0.111780 0.090083 0.000583
v 0.109286 0.089014 0.002893
v 0.109999 0.089531 0.002058
v 0.110185 0.089589 0.002253
v 0.109472 0.089071 0.003087
v 0.108405 0.089037 0.003727
v 0.108591 0.089094 0.003922
v 0.107691 0.088519 0.004562
v 0.107877 0.088577 0.004757
v 0.106283 0.088083 0.006426
v 0.106810 0.088542 0.005397
v 0.106996 0.088600 0.005592
v 0.106097 0.088025 0.006232
v 0.104502 0.087531 0.007901
v 0.105216 0.088048 0.007066
v 0.105402 0.088106 0.007261
v 0.104688 0.087588 0.008096
v 0.103094 0.087094 0.009765
v 0.103621 0.087554 0.008736
v 0.103807 0.087612 0.008930
v 0.102908 0.087037 0.009570
v 0.112631 0.090056 -0.001950
v 0.112445 0.089999 -0.002145
v 0.111750 0.090079 -0.001116
v 0.111564 0.090022 -0.001310
v 0.110156 0.089585 0.000554
v 0.109970 0.089527 0.000359
v 0.111037 0.089562 -0.000281
v 0.110851 0.089504 -0.000476
v 0.108561 0.089091 0.002223
v 0.109442 0.089068 0.001388
v 0.109256 0.089010 0.001194
v 0.108375 0.089033 0.002028
v 0.107847 0.088574 0.003058
v 0.107661 0.088516 0.002863
v 0.106966 0.088597 0.003893
v 0.106780 0.088539 0.003698
v 0.105186 0.088045 0.005367
v 0.106253 0.088079 0.004727
v 0.106067 0.088022 0.004533
v 0.105372 0.088102 0.005562
v 0.103777 0.087608 0.007231
v 0.104658 0.087585 0.006397
v 0.104472 0.087527 0.006202
v 0.103591 0.087550 0.007037
v 0.101997 0.087056 0.008706
v 0.103064 0.087091 0.008066
v 0.102878 0.087033 0.007871
v 0.102183 0.087114 0.008901
v 0.101283 0.086539 0.009541
v 0.112470 0.090000 -0.003791
v 0.112656 0.090058 -0.003596
v 0.111589 0.090023 -0.002956
v 0.111775 0.090081 -0.002761
v 0.110875 0.089506 -0.002121
v 0.111061 0.089564 -0.001926
v 0.109281 0.089012 -0.000452
v 0.109467 0.089070 -0.000257
v 0.109994 0.089529 -0.001286
v 0.110180 0.089587 -0.001092
v 0.107686 0.088518 0.001218
v 0.108400 0.089035 0.000383
v 0.108586 0.089093 0.000578
v 0.107872 0.088575 0.001412
v 0.106805 0.088541 0.002052
v 0.106991 0.088598 0.002247
v 0.106091 0.088023 0.002887
v 0.106277 0.088081 0.003082
v 0.104683 0.087587 0.004751
v 0.105210 0.088046 0.003722
v 0.105396 0.088104 0.003917
v 0.104497 0.087529 0.004557
v 0.102902 0.087035 0.006226
v 0.103616 0.087552 0.005391
v 0.103802 0.087610 0.005586
v 0.103088 0.087093 0.006421
v 0.101494 0.086598 0.008090
v 0.102021 0.087058 0.007061
v 0.102207 0.087116 0.007255
v 0.101308 0.086541 0.007895
v 0.100427 0.086564 0.008730
v 0.100613 0.086621 0.008925
v 0.111745 0.090078 -0.004460
v 0.111559 0.090020 -0.004655
v 0.111031 0.089560 -0.003625
v 0.110845 0.089503 -0.003820
v 0.110150 0.089583 -0.002791
v 0.109964 0.089526 -0.002985
v 0.108556 0.089089 -0.001121
v 0.108370 0.089032 -0.001316
v 0.109437 0.089066 -0.001956
v 0.109251 0.089008 -0.002151
v 0.106961 0.088595 0.000548
v 0.107842 0.088572 -0.000287
v 0.107656 0.088514 -0.000481
v 0.106775 0.088537 0.000353
v 0.106248 0.088078 0.001383
v 0.106062 0.088020 0.001188
v 0.105366 0.088101 0.002218
v 0.105180 0.088043 0.002023
v 0.103586 0.087549 0.003692
v 0.104653 0.087583 0.003052
v 0.104467 0.087526 0.002858
v 0.103772 0.087606 0.003887
v 0.102177 0.087112 0.005556
v 0.103058 0.087089 0.004722
v 0.102872 0.087031 0.004527
v 0.101991 0.087055 0.005362
v 0.100397 0.086560 0.007031
v 0.101464 0.086595 0.006391
v 0.101278 0.086537 0.006196
v 0.100583 0.086618 0.007226
v 0.099869 0.086101 0.008061
v 0.099683 0.086043 0.007866
v 0.110870 0.089505 -0.005465
v 0.111056 0.089562 -0.005271
v 0.109989 0.089528 -0.004631
v 0.110175 0.089585 -0.004436
v 0.109275 0.089010 -0.003796
v 0.109461 0.089068 -0.003601
v 0.107681 0.088516 -0.002127
v 0.107867 0.088574 -0.001932
v 0.108394 0.089033 -0.002961
v 0.108580 0.089091 -0.002767
v 0.106086 0.088022 -0.000457
v 0.106800 0.088539 -0.001292
v 0.106986 0.088597 -0.001097
v 0.106272 0.088079 -0.000262
v 0.105205 0.088045 0.000377
v 0.105391 0.088102 0.000572
v 0.104492 0.087528 0.001212
v 0.104678 0.087585 0.001407
v 0.103083 0.087091 0.003076
v 0.103611 0.087551 0.002047
v 0.103797 0.087608 0.002242
v 0.102897 0.087033 0.002882
v 0.101302 0.086539 0.004551
v 0.102016 0.087056 0.003716
v 0.102202 0.087114 0.003911
v 0.101488 0.086597 0.004746
v 0.099894 0.086102 0.006415
v 0.100421 0.086562 0.005386
v 0.100607 0.086620 0.005580
v 0.099708 0.086045 0.006220
v 0.098827 0.086068 0.007055
v 0.099013 0.086126 0.007250
v 0.110145 0.089582 -0.006135
v 0.109959 0.089524 -0.006330
v 0.109431 0.089065 -0.005300
v 0.109245 0.089007 -0.005495
v 0.108550 0.089088 -0.004466
v 0.108364 0.089030 -0.004660
v 0.106956 0.088593 -0.002796
v 0.106770 0.088536 -0.002991
v 0.107837 0.088570 -0.003631
v 0.107651 0.088513 -0.003826
v 0.105361 0.088099 -0.001127
v 0.106242 0.088076 -0.001961
v 0.106056 0.088018 -0.002156
v 0.105175 0.088041 -0.001322
v 0.104648 0.087582 -0.000292
v 0.104462 0.087524 -0.000487
v 0.103767 0.087605 0.000543
v 0.103581 0.087547 0.000348
v 0.101986 0.087053 0.002017
v 0.103053 0.087088 0.001377
v 0.102867 0.087030 0.001183
v 0.102172 0.087111 0.002212
v 0.100577 0.086616 0.003881
v 0.101458 0.086593 0.003047
v 0.101272 0.086536 0.002852
v 0.100391 0.086559 0.003687
v 0.098797 0.086064 0.005356
v 0.099864 0.086099 0.004716
v 0.099678 0.086041 0.004521
v 0.098983 0.086122 0.005551
v 0.097202 0.085570 0.007026
v 0.098269 0.085605 0.006386
v 0.098083 0.085547 0.006191
v 0.097388 0.085628 0.007220
v 0.109270 0.089009 -0.007140
v 0.109456 0.089066 -0.006946
v 0.108389 0.089032 -0.006306
v 0.108575 0.089089 -0.006111
v 0.107675 0.088514 -0.005471
v 0.107861 0.088572 -0.005276
v 0.106081 0.088020 -0.003802
v 0.106267 0.088078 -0.003607
v 0.106794 0.088537 -0.004636
v 0.106980 0.088595 -0.004442
v 0.104486 0.087526 -0.002132
v 0.105200 0.088043 -0.002967
v 0.105386 0.088101 -0.002772
v 0.104672 0.087584 -0.001937
v 0.103605 0.087549 -0.001297
v 0.103791 0.087607 -0.001103
v 0.102892 0.087032 -0.000463
v 0.103078 0.087089 -0.000268
v 0.101483 0.086595 0.001401
v 0.102011 0.087055 0.000372
v 0.102197 0.087112 0.000567
v 0.101297 0.086537 0.001207
v 0.099703 0.086043 0.002876
v 0.100416 0.086560 0.002041
v 0.100602 0.086618 0.002236
v 0.099889 0.086101 0.003071
v 0.098294 0.085607 0.004740
v 0.098821 0.086066 0.003711
v 0.099007 0.086124 0.003906
v 0.098108 0.085549 0.004545
v 0.097227 0.085572 0.005380
v 0.097413 0.085630 0.005575
v 0.108545 0.089086 -0.007810
v 0.108359 0.089028 -0.008005
v 0.107832 0.088569 -0.006975
v 0.107645 0.088511 -0.007170
v 0.106950 0.088592 -0.006141
v 0.106764 0.088534 -0.006335
v 0.105356 0.088097 -0.004471
v 0.105170 0.088040 -0.004666
v 0.106237 0.088074 -0.005306
v 0.106051 0.088017 -0.005501
v 0.103761 0.087603 -0.002802
v 0.104642 0.087580 -0.003636
v 0.104456 0.087522 -0.003831
v 0.103575 0.087546 -0.002996
v 0.103048 0.087086 -0.001967
v 0.102862 0.087028 -0.002162
v 0.102167 0.087109 -0.001132
v 0.101981 0.087051 -0.001327
v 0.100386 0.086557 0.000342
v 0.101453 0.086592 -0.000298
v 0.101267 0.086534 -0.000492
v 0.100572 0.086615 0.000537
v 0.098978 0.086120 0.002207
v 0.099859 0.086097 0.001372
v 0.099673 0.086040 0.001177
v 0.098792 0.086063 0.002012
v 0.097197 0.085569 0.003681
v 0.098264 0.085603 0.003041
v 0.098078 0.085545 0.002846
v 0.097383 0.085626 0.003876
v 0.096669 0.085109 0.004711
v 0.096483 0.085051 0.004516
v 0.107670 0.088513 -0.008815
v 0.107856 0.088570 -0.008621
v 0.106789 0.088536 -0.007981
v 0.106975 0.088593 -0.007786
v 0.106076 0.088018 -0.007146
v 0.106262 0.088076 -0.006951
v 0.104481 0.087524 -0.005477
v 0.104667 0.087582 -0.005282
v 0.105194 0.088042 -0.006311
v 0.105381 0.088099 -0.006117
v 0.102886 0.087030 -0.003807
v 0.103600 0.087547 -0.004642
v 0.103786 0.087605 -0.004447
v 0.103072 0.087088 -0.003612
v 0.102005 0.087053 -0.002972
v 0.102191 0.087111 -0.002778
v 0.101292 0.086536 -0.002138
v 0.101478 0.086593 -0.001943
v 0.099883 0.086099 -0.000274
v 0.100411 0.086559 -0.001303
v 0.100597 0.086616 -0.001108
v 0.099697 0.086041 -0.000468
v 0.098103 0.085547 0.001201
v 0.098816 0.086065 0.000366
v 0.099002 0.086122 0.000561
v 0.098289 0.085605 0.001396
v 0.096694 0.085111 0.003065
v 0.097222 0.085570 0.002036
v 0.097408 0.085628 0.002231
v 0.096508 0.085053 0.002871
v 0.095627 0.085076 0.003705
v 0.095813 0.085134 0.003900
v 0.106232 0.088073 -0.008650
v 0.106046 0.088015 -0.008845
v 0.105351 0.088096 -0.007816
v 0.105165 0.088038 -0.008010
v 0.103756 0.087602 -0.006146
v 0.103570 0.087544 -0.006341
v 0.104637 0.087578 -0.006981
v 0.104451 0.087521 -0.007176
v 0.102161 0.087107 -0.004477
v 0.103042 0.087084 -0.005311
v 0.102856 0.087027 -0.005506
v 0.101975 0.087050 -0.004671
v 0.101448 0.086590 -0.003642
v 0.101262 0.086532 -0.003837
v 0.100567 0.086613 -0.002807
v 0.100381 0.086555 -0.003002
v 0.098786 0.086061 -0.001333
v 0.099853 0.086096 -0.001973
v 0.099667 0.086038 -0.002167
v 0.098972 0.086119 -0.001138
v 0.097378 0.085625 0.000532
v 0.098259 0.085601 -0.000303
v 0.098073 0.085544 -0.000498
v 0.097192 0.085567 0.000337
v 0.095597 0.085073 0.002006
v 0.096664 0.085107 0.001366
v 0.096478 0.085050 0.001172
v 0.095783 0.085130 0.002201
v 0.095070 0.084613 0.003036
v 0.105375 0.088098 -0.009461
v 0.104476 0.087523 -0.008821
v 0.104662 0.087580 -0.008626
v 0.102881 0.087028 -0.007152
v 0.103067 0.087086 -0.006957
v 0.103595 0.087546 -0.007986
v 0.103781 0.087603 -0.007792
v 0.101286 0.086534 -0.005482
v 0.102000 0.087051 -0.006317
v 0.102186 0.087109 -0.006122
v 0.101473 0.086592 -0.005287
v 0.100405 0.086557 -0.004647
v 0.100591 0.086615 -0.004453
v 0.099692 0.086040 -0.003813
v 0.099878 0.086098 -0.003618
v 0.098283 0.085603 -0.001949
v 0.098811 0.086063 -0.002978
v 0.098997 0.086121 -0.002783
v 0.098097 0.085546 -0.002143
v 0.096503 0.085051 -0.000474
v 0.097216 0.085569 -0.001309
v 0.097402 0.085626 -0.001114
v 0.096689 0.085109 -0.000279
v 0.095094 0.084615 0.001390
v 0.095622 0.085074 0.000361
v 0.095808 0.085132 0.000556
v 0.094908 0.084557 0.001196
v 0.103751 0.087600 -0.009491
v 0.103565 0.087542 -0.009685
v 0.102156 0.087106 -0.007821
v 0.101970 0.087048 -0.008016
v 0.103037 0.087083 -0.008656
v 0.102851 0.087025 -0.008851
v 0.100562 0.086611 -0.006152
v 0.101443 0.086588 -0.006986
v 0.101257 0.086531 -0.007181
v 0.100376 0.086554 -0.006346
v 0.099848 0.086094 -0.005317
v 0.099662 0.086036 -0.005512
v 0.098967 0.086117 -0.004482
v 0.098781 0.086059 -0.004677
v 0.097186 0.085565 -0.003008
v 0.098253 0.085600 -0.003648
v 0.098067 0.085542 -0.003842
v 0.097372 0.085623 -0.002813
v 0.095778 0.085129 -0.001143
v 0.096659 0.085106 -0.001978
v 0.096473 0.085048 -0.002173
v 0.095592 0.085071 -0.001338
v 0.095064 0.084611 -0.000309
v 0.094878 0.084554 -0.000503
v 0.101281 0.086532 -0.008827
v 0.101467 0.086590 -0.008632
v 0.102181 0.087107 -0.009466
v 0.099687 0.086038 -0.007157
v 0.100400 0.086556 -0.007992
v 0.100586 0.086613 -0.007797
v 0.099873 0.086096 -0.006962
v 0.098806 0.086061 -0.006322
v 0.098992 0.086119 -0.006128
v 0.098092 0.085544 -0.005488
v 0.098278 0.085602 -0.005293
v 0.096683 0.085107 -0.003624
v 0.097211 0.085567 -0.004653
v 0.097397 0.085625 -0.004458
v 0.096497 0.085050 -0.003818
v 0.094903 0.084555 -0.002149
v 0.095616 0.085073 -0.002984
v 0.095802 0.085130 -0.002789
v 0.095089 0.084613 -0.001954
v 0.098962 0.086116 -0.007827
v 0.099843 0.086092 -0.008661
v 0.098776 0.086058 -0.008021
v 0.098248 0.085598 -0.006992
v 0.098062 0.085541 -0.007187
v 0.097367 0.085621 -0.006157
v 0.097181 0.085564 -0.006352
v 0.096654 0.085104 -0.005323
v 0.096468 0.085046 -0.005517
v 0.095773 0.085127 -0.004488
v 0.111760 0.089781 -0.004675
v 0.112247 0.090228 -0.003604
v 0.111533 0.089710 -0.004438
v 0.110879 0.089804 -0.005510
v 0.110652 0.089733 -0.005273
v 0.110165 0.089286 -0.006345
v 0.109939 0.089216 -0.006108
v 0.108344 0.088722 -0.007777
v 0.109284 0.089309 -0.007179
v 0.109058 0.089239 -0.006942
v 0.108570 0.088792 -0.008014
v 0.107689 0.088815 -0.008849
v 0.107463 0.088745 -0.008612
v 0.112257 0.090236 -0.001946
v 0.112483 0.090307 -0.002183
v 0.113138 0.090213 -0.001112
v 0.110663 0.089742 -0.003616
v 0.111544 0.089719 -0.002781
v 0.111770 0.089789 -0.003018
v 0.110889 0.089812 -0.003853
v 0.109949 0.089225 -0.004451
v 0.110175 0.089295 -0.004687
v 0.109068 0.089248 -0.005285
v 0.109294 0.089318 -0.005522
v 0.107700 0.088824 -0.007192
v 0.108354 0.088731 -0.006120
v 0.108581 0.088801 -0.006357
v 0.107473 0.088754 -0.006955
v 0.105879 0.088260 -0.008624
v 0.106760 0.088236 -0.007789
v 0.106986 0.088307 -0.008026
v 0.106105 0.088330 -0.008861
v 0.105165 0.087742 -0.009459
v 0.113130 0.090205 0.000568
v 0.111762 0.089781 -0.001339
v 0.111536 0.089711 -0.001102
v 0.112475 0.090299 -0.000504
v 0.112249 0.090228 -0.000267
v 0.110167 0.089287 -0.003008
v 0.110881 0.089804 -0.002173
v 0.110655 0.089734 -0.001937
v 0.109941 0.089217 -0.002771
v 0.109286 0.089310 -0.003843
v 0.109060 0.089240 -0.003606
v 0.108573 0.088793 -0.004677
v 0.108346 0.088723 -0.004441
v 0.106752 0.088228 -0.006110
v 0.107692 0.088816 -0.005512
v 0.107465 0.088746 -0.005275
v 0.106978 0.088299 -0.006347
v 0.105384 0.087804 -0.008016
v 0.106097 0.088322 -0.007182
v 0.105871 0.088251 -0.006945
v 0.105157 0.087734 -0.007779
v 0.103563 0.087240 -0.009449
v 0.104502 0.087827 -0.008851
v 0.104276 0.087757 -0.008614
v 0.103789 0.087310 -0.009686
v 0.112259 0.090237 0.001390
v 0.112486 0.090307 0.001153
v 0.110665 0.089743 -0.000279
v 0.110891 0.089813 -0.000516
v 0.111546 0.089720 0.000555
v 0.111772 0.089790 0.000318
v 0.109070 0.089249 -0.001949
v 0.109951 0.089226 -0.001114
v 0.110178 0.089296 -0.001351
v 0.109296 0.089319 -0.002186
v 0.108357 0.088731 -0.002784
v 0.108583 0.088802 -0.003020
v 0.107476 0.088754 -0.003618
v 0.107702 0.088825 -0.003855
v 0.106107 0.088330 -0.005525
v 0.106762 0.088237 -0.004453
v 0.106988 0.088307 -0.004690
v 0.105881 0.088260 -0.005288
v 0.104286 0.087766 -0.006957
v 0.105168 0.087743 -0.006122
v 0.105394 0.087813 -0.006359
v 0.104513 0.087836 -0.007194
v 0.102918 0.087342 -0.008863
v 0.103573 0.087249 -0.007792
v 0.103799 0.087319 -0.008029
v 0.102692 0.087272 -0.008627
v 0.101978 0.086754 -0.009461
v 0.112478 0.090299 0.002832
v 0.112251 0.090229 0.003069
v 0.111764 0.089782 0.001998
v 0.111538 0.089712 0.002235
v 0.110170 0.089288 0.000328
v 0.109943 0.089218 0.000565
v 0.110883 0.089805 0.001163
v 0.110657 0.089735 0.001400
v 0.108575 0.088793 -0.001341
v 0.109289 0.089311 -0.000506
v 0.109062 0.089241 -0.000269
v 0.108349 0.088723 -0.001104
v 0.107694 0.088817 -0.002176
v 0.107468 0.088746 -0.001939
v 0.106980 0.088299 -0.003010
v 0.106754 0.088229 -0.002774
v 0.105160 0.087735 -0.004443
v 0.106099 0.088322 -0.003845
v 0.105873 0.088252 -0.003608
v 0.105386 0.087805 -0.004680
v 0.103791 0.087311 -0.006349
v 0.104505 0.087828 -0.005515
v 0.104279 0.087758 -0.005278
v 0.103565 0.087241 -0.006112
v 0.101970 0.086746 -0.007782
v 0.102910 0.087334 -0.007184
v 0.102684 0.087264 -0.006947
v 0.102197 0.086816 -0.008019
v 0.101316 0.086840 -0.008853
v 0.101089 0.086769 -0.008617
v 0.111548 0.089721 0.003892
v 0.111774 0.089791 0.003655
v 0.110667 0.089744 0.003057
v 0.110893 0.089814 0.002820
v 0.109073 0.089249 0.001388
v 0.109299 0.089320 0.001151
v 0.109954 0.089226 0.002222
v 0.110180 0.089296 0.001985
v 0.107478 0.088755 -0.000282
v 0.108359 0.088732 0.000553
v 0.108585 0.088802 0.000316
v 0.107704 0.088825 -0.000519
v 0.106764 0.088238 -0.001117
v 0.106991 0.088308 -0.001353
v 0.105883 0.088261 -0.001951
v 0.106110 0.088331 -0.002188
v 0.104515 0.087837 -0.003858
v 0.105170 0.087744 -0.002786
v 0.105396 0.087814 -0.003023
v 0.104289 0.087767 -0.003621
v 0.102694 0.087272 -0.005290
v 0.103575 0.087249 -0.004455
v 0.103801 0.087319 -0.004692
v 0.102920 0.087343 -0.005527
v 0.101326 0.086848 -0.007196
v 0.101981 0.086755 -0.006125
v 0.102207 0.086825 -0.006362
v 0.101100 0.086778 -0.006960
v 0.099731 0.086354 -0.008866
v 0.100386 0.086261 -0.007794
v 0.100612 0.086331 -0.008031
v 0.099505 0.086284 -0.008629
v 0.111766 0.089783 0.005334
v 0.111540 0.089713 0.005571
v 0.110885 0.089806 0.004500
v 0.110659 0.089736 0.004736
v 0.110172 0.089288 0.003665
v 0.109946 0.089218 0.003902
v 0.108577 0.088794 0.001995
v 0.108351 0.088724 0.002232
v 0.109291 0.089311 0.002830
v 0.109065 0.089241 0.003067
v 0.106983 0.088300 0.000326
v 0.107696 0.088817 0.001161
v 0.107470 0.088747 0.001398
v 0.106756 0.088230 0.000563
v 0.106102 0.088323 -0.000509
v 0.105875 0.088253 -0.000272
v 0.105388 0.087806 -0.001343
v 0.105162 0.087736 -0.001107
v 0.103567 0.087241 -0.002776
v 0.104507 0.087829 -0.002178
v 0.104281 0.087759 -0.001941
v 0.103794 0.087311 -0.003013
v 0.102199 0.086817 -0.004682
v 0.102913 0.087335 -0.003848
v 0.102686 0.087264 -0.003611
v 0.101973 0.086747 -0.004445
v 0.100378 0.086253 -0.006115
v 0.101318 0.086840 -0.005517
v 0.101092 0.086770 -0.005280
v 0.100604 0.086323 -0.006352
v 0.098784 0.085759 -0.007784
v 0.099723 0.086346 -0.007186
v 0.099497 0.086276 -0.006950
v 0.099010 0.085829 -0.008021
v 0.110669 0.089744 0.006393
v 0.110896 0.089814 0.006157
v 0.109956 0.089227 0.005559
v 0.110182 0.089297 0.005322
v 0.109075 0.089250 0.004724
v 0.109301 0.089320 0.004487
v 0.107480 0.088756 0.003055
v 0.107706 0.088826 0.002818
v 0.108361 0.088733 0.003889
v 0.108588 0.088803 0.003652
v 0.105886 0.088262 0.001385
v 0.106767 0.088239 0.002220
v 0.106993 0.088309 0.001983
v 0.106112 0.088332 0.001148
v 0.105172 0.087744 0.000550
v 0.105398 0.087814 0.000314
v 0.104291 0.087767 -0.000284
v 0.104517 0.087838 -0.000521
v 0.102923 0.087343 -0.002191
v 0.103578 0.087250 -0.001119
v 0.103804 0.087320 -0.001356
v 0.102697 0.087273 -0.001954
v 0.101102 0.086779 -0.003623
v 0.101983 0.086756 -0.002788
v 0.102209 0.086826 -0.003025
v 0.101328 0.086849 -0.003860
v 0.099734 0.086355 -0.005529
v 0.100388 0.086262 -0.004458
v 0.100615 0.086332 -0.004695
v 0.099507 0.086285 -0.005293
v 0.098139 0.085861 -0.007199
v 0.098794 0.085767 -0.006127
v 0.099020 0.085837 -0.006364
v 0.097913 0.085790 -0.006962
v 0.110174 0.089289 0.007001
v 0.109948 0.089219 0.007238
v 0.109293 0.089312 0.006167
v 0.109067 0.089242 0.006403
v 0.108580 0.088795 0.005332
v 0.108353 0.088725 0.005569
v 0.106985 0.088301 0.003662
v 0.106759 0.088231 0.003899
v 0.107699 0.088818 0.004497
v 0.107472 0.088748 0.004734
v 0.105390 0.087806 0.001993
v 0.106104 0.088324 0.002828
v 0.105878 0.088254 0.003065
v 0.105164 0.087736 0.002230
v 0.104509 0.087829 0.001158
v 0.104283 0.087759 0.001395
v 0.103796 0.087312 0.000324
v 0.103570 0.087242 0.000560
v 0.101975 0.086748 -0.001109
v 0.102915 0.087335 -0.000511
v 0.102689 0.087265 -0.000274
v 0.102201 0.086818 -0.001346
v 0.100607 0.086324 -0.003015
v 0.101320 0.086841 -0.002181
v 0.101094 0.086771 -0.001944
v 0.100380 0.086254 -0.002778
v 0.098786 0.085759 -0.004448
v 0.099726 0.086347 -0.003850
v 0.099499 0.086277 -0.003613
v 0.099012 0.085829 -0.004685
v 0.097191 0.085265 -0.006117
v 0.098131 0.085852 -0.005519
v 0.097905 0.085782 -0.005283
v 0.097418 0.085335 -0.006354
v 0.109077 0.089251 0.008060
v 0.109303 0.089321 0.007824
v 0.108364 0.088734 0.007226
v 0.108590 0.088804 0.006989
v 0.107483 0.088757 0.006391
v 0.107709 0.088827 0.006154
v 0.105888 0.088262 0.004722
v 0.106114 0.088332 0.004485
v 0.106769 0.088239 0.005556
v 0.106995 0.088309 0.005319
v 0.104293 0.087768 0.003052
v 0.105174 0.087745 0.003887
v 0.105401 0.087815 0.003650
v 0.104520 0.087838 0.002815
v 0.103580 0.087251 0.002217
v 0.103806 0.087321 0.001981
v 0.102699 0.087274 0.001383
v 0.102925 0.087344 0.001146
v 0.101330 0.086850 -0.000524
v 0.101985 0.086757 0.000548
v 0.102211 0.086827 0.000311
v 0.101104 0.086780 -0.000287
v 0.099510 0.086285 -0.001956
v 0.100391 0.086262 -0.001121
v 0.100617 0.086332 -0.001358
v 0.099736 0.086355 -0.002193
v 0.098141 0.085861 -0.003862
v 0.098796 0.085768 -0.002791
v 0.099022 0.085838 -0.003028
v 0.097915 0.085791 -0.003625
v 0.096547 0.085367 -0.005532
v 0.097202 0.085274 -0.004460
v 0.097428 0.085344 -0.004697
v 0.096320 0.085297 -0.005295
v 0.107701 0.088819 0.007834
v 0.107475 0.088749 0.008070
v 0.106987 0.088301 0.006999
v 0.106761 0.088231 0.007236
v 0.105393 0.087807 0.005329
v 0.105166 0.087737 0.005566
v 0.106106 0.088324 0.006164
v 0.105880 0.088254 0.006401
v 0.103798 0.087313 0.003660
v 0.104512 0.087830 0.004495
v 0.104285 0.087760 0.004732
v 0.103572 0.087243 0.003897
v 0.102917 0.087336 0.002825
v 0.102691 0.087266 0.003062
v 0.102204 0.086819 0.001991
v 0.101977 0.086748 0.002227
v 0.100383 0.086254 0.000558
v 0.101323 0.086842 0.001156
v 0.101096 0.086772 0.001393
v 0.100609 0.086324 0.000321
v 0.099014 0.085830 -0.001348
v 0.099728 0.086347 -0.000514
v 0.099502 0.086277 -0.000277
v 0.098788 0.085760 -0.001111
v 0.097194 0.085266 -0.002781
v 0.098133 0.085853 -0.002183
v 0.097907 0.085783 -0.001946
v 0.097420 0.085336 -0.003018
v 0.095599 0.084772 -0.004450
v 0.096539 0.085359 -0.003852
v 0.096313 0.085289 -0.003616
v 0.095825 0.084842 -0.004687
v 0.106771 0.088240 0.008893
v 0.106998 0.088310 0.008656
v 0.105890 0.088263 0.008058
v 0.106116 0.088333 0.007821
v 0.104296 0.087769 0.006389
v 0.104522 0.087839 0.006152
v 0.105177 0.087746 0.007223
v 0.105403 0.087816 0.006986
v 0.102701 0.087275 0.004719
v 0.103582 0.087251 0.005554
v 0.103808 0.087322 0.005317
v 0.102927 0.087345 0.004482
v 0.101988 0.086757 0.003885
v 0.102214 0.086827 0.003648
v 0.101107 0.086780 0.003050
v 0.101333 0.086850 0.002813
v 0.099738 0.086356 0.001144
v 0.100393 0.086263 0.002215
v 0.100619 0.086333 0.001978
v 0.099512 0.086286 0.001380
v 0.097917 0.085792 -0.000289
v 0.098798 0.085769 0.000546
v 0.099025 0.085839 0.000309
v 0.098144 0.085862 -0.000526
v 0.096549 0.085368 -0.002195
v 0.097204 0.085275 -0.001124
v 0.097430 0.085345 -0.001361
v 0.096323 0.085298 -0.001958
v 0.095609 0.084780 -0.002793
v 0.095835 0.084850 -0.003030
v 0.106109 0.088325 0.009501
v 0.105395 0.087808 0.008666
v 0.105169 0.087738 0.008903
v 0.103800 0.087314 0.006996
v 0.103574 0.087243 0.007233
v 0.104514 0.087831 0.007831
v 0.104288 0.087761 0.008068
v 0.102206 0.086819 0.005327
v 0.102919 0.087337 0.006162
v 0.102693 0.087267 0.006399
v 0.101980 0.086749 0.005564
v 0.101325 0.086842 0.004492
v 0.101099 0.086772 0.004729
v 0.100611 0.086325 0.003658
v 0.100385 0.086255 0.003894
v 0.098790 0.085761 0.002225
v 0.099730 0.086348 0.002823
v 0.099504 0.086278 0.003060
v 0.099017 0.085831 0.001988
v 0.097422 0.085337 0.000319
v 0.098136 0.085854 0.001153
v 0.097909 0.085784 0.001390
v 0.097196 0.085266 0.000556
v 0.095601 0.084772 -0.001114
v 0.096541 0.085360 -0.000516
v 0.096315 0.085290 -0.000279
v 0.095828 0.084842 -0.001351
v 0.094946 0.084865 -0.002185
v 0.094720 0.084795 -0.001948
v 0.104298 0.087770 0.009725
v 0.104524 0.087840 0.009488
v 0.102703 0.087275 0.008056
v 0.102930 0.087345 0.007819
v 0.103584 0.087252 0.008890
v 0.103811 0.087322 0.008654
v 0.101109 0.086781 0.006386
v 0.101990 0.086758 0.007221
v 0.102216 0.086828 0.006984
v 0.101335 0.086851 0.006149
v 0.100395 0.086264 0.005552
v 0.100621 0.086334 0.005315
v 0.099514 0.086287 0.004717
v 0.099740 0.086357 0.004480
v 0.098146 0.085863 0.002811
v 0.098801 0.085769 0.003882
v 0.099027 0.085840 0.003645
v 0.097920 0.085793 0.003047
v 0.096325 0.085298 0.001378
v 0.097206 0.085275 0.002213
v 0.097432 0.085345 0.001976
v 0.096551 0.085368 0.001141
v 0.094957 0.084874 -0.000528
v 0.095612 0.084781 0.000543
v 0.095838 0.084851 0.000306
v 0.094730 0.084804 -0.000291
v 0.102208 0.086820 0.008663
v 0.101982 0.086750 0.008900
v 0.102922 0.087337 0.009498
v 0.102695 0.087267 0.009735
v 0.100614 0.086326 0.006994
v 0.101327 0.086843 0.007829
v 0.101101 0.086773 0.008066
v 0.100387 0.086256 0.007231
v 0.099733 0.086349 0.006159
v 0.099506 0.086279 0.006396
v 0.099019 0.085832 0.005325
v 0.098793 0.085761 0.005561
v 0.097198 0.085267 0.003892
v 0.098138 0.085855 0.004490
v 0.097912 0.085784 0.004727
v 0.097424 0.085337 0.003655
v 0.095830 0.084843 0.001986
v 0.096543 0.085360 0.002821
v 0.096317 0.085290 0.003057
v 0.095604 0.084773 0.002223
v 0.094949 0.084866 0.001151
v 0.094723 0.084796 0.001388
v 0.101337 0.086852 0.009486
v 0.099517 0.086287 0.008053
v 0.100398 0.086264 0.008888
v 0.100624 0.086335 0.008651
v 0.099743 0.086358 0.007816
v 0.098803 0.085770 0.007219
v 0.099029 0.085840 0.006982
v 0.097922 0.085793 0.006384
v 0.098148 0.085863 0.006147
v 0.096554 0.085369 0.004478
v 0.097208 0.085276 0.005549
v 0.097435 0.085346 0.005312
v 0.096327 0.085299 0.004714
v 0.095614 0.084782 0.003880
v 0.095840 0.084852 0.003643
v 0.094959 0.084875 0.002808
v 0.098221 0.085880 0.007742
v 0.097507 0.085363 0.006907
v 0.096626 0.085386 0.006073
v 0.095913 0.084869 0.005238
v 0.096043 0.085096 -0.005619
v 0.096242 0.085146 -0.005888
v 0.096763 0.085276 -0.006523
v 0.096956 0.085347 -0.006791
v 0.097563 0.085537 -0.007371
v 0.097817 0.085627 -0.007576
v 0.098585 0.085808 -0.008237
v 0.098438 0.085768 -0.008112
v 0.098817 0.085861 -0.008364
v 0.099015 0.086011 -0.008489
v 0.099679 0.086042 -0.008833
v 0.099420 0.086222 -0.008729
v 0.099729 0.086353 -0.008868
v 0.100207 0.086369 -0.009154
v 0.095530 0.085052 -0.004742
v 0.095627 0.084847 -0.004875
v 0.095700 0.085026 -0.005030
v 0.095051 0.084873 -0.003786
v 0.095100 0.084897 -0.003887
v 0.095116 0.084663 -0.003786
v 0.095504 0.084774 -0.004541
v 0.100287 0.086415 -0.009181
v 0.100546 0.086375 -0.009253
v 0.100919 0.086552 -0.009318
v 0.102020 0.086803 -0.009718
v 0.101784 0.086760 -0.009646
v 0.101942 0.087033 -0.009716
v 0.101760 0.086930 -0.009654
v 0.101948 0.087034 -0.009718
v 0.094656 0.084655 -0.002525
v 0.094577 0.084691 -0.002116
v 0.094561 0.084547 -0.001926
v 0.094636 0.084522 -0.002136
v 0.095095 0.084636 -0.003696
v 0.094956 0.084797 -0.003412
v 0.103657 0.087313 -0.009811
v 0.103152 0.087251 -0.009838
v 0.103818 0.087538 -0.009909
v 0.103516 0.087503 -0.009879
v 0.102245 0.086837 -0.009740
v 0.102314 0.086871 -0.009748
v 0.102504 0.087099 -0.009772
v 0.094421 0.084486 -0.001155
v 0.094479 0.084629 -0.001376
v 0.094420 0.084579 -0.000655
v 0.094354 0.084570 0.000009
v 0.094399 0.084526 -0.000290
v 0.105441 0.087828 -0.009748
v 0.104794 0.087752 -0.009811
v 0.105073 0.088004 -0.009777
v 0.105065 0.088000 -0.009778
v 0.105506 0.087862 -0.009741
v 0.105649 0.088090 -0.009720
v 0.104157 0.087589 -0.009875
v 0.094346 0.084429 0.000446
v 0.094454 0.084602 0.001074
v 0.094371 0.084629 0.000348
v 0.094533 0.084629 0.001922
v 0.094519 0.084580 0.001639
v 0.094505 0.084527 0.001337
v 0.106827 0.088504 -0.009346
v 0.106814 0.088275 -0.009371
v 0.107451 0.088637 -0.009154
v 0.106494 0.088340 -0.009370
v 0.095290 0.084832 0.004099
v 0.095393 0.084829 0.004391
v 0.094929 0.084617 0.003169
v 0.094875 0.084801 0.003179
v 0.094801 0.084826 0.002973
v 0.094560 0.084586 0.002342
v 0.094831 0.084539 0.002786
v 0.094795 0.084541 0.002677
v 0.108747 0.089018 -0.008373
v 0.109036 0.089073 -0.008275
v 0.107722 0.088806 -0.008988
v 0.108044 0.088706 -0.008840
v 0.107774 0.088588 -0.008937
v 0.097101 0.085520 0.007022
v 0.097363 0.085610 0.007249
v 0.097170 0.085299 0.007022
v 0.097300 0.085299 0.007124
v 0.097726 0.085590 0.007529
v 0.098092 0.085840 0.007877
v 0.098347 0.085643 0.008029
v 0.098134 0.085566 0.007865
v 0.098575 0.085841 0.008255
v 0.097041 0.085504 0.006946
v 0.096700 0.085113 0.006409
v 0.095787 0.084872 0.005119
v 0.095878 0.084858 0.005274
v 0.095984 0.084958 0.005519
v 0.095808 0.085069 0.005156
v 0.095891 0.085129 0.005448
v 0.096476 0.085340 0.006230
v 0.096541 0.085075 0.006182
v 0.099947 0.086266 0.009023
v 0.100206 0.086370 0.009172
v 0.098988 0.085860 0.008469
v 0.099252 0.086117 0.008645
v 0.098964 0.086062 0.008548
v 0.101295 0.086839 0.009530
v 0.101226 0.086521 0.009481
v 0.101590 0.086845 0.009725
v 0.101585 0.086681 0.009599
v 0.100359 0.086437 0.009222
v 0.100802 0.086558 0.009362
v 0.101246 0.086540 0.009576
v 0.103426 0.087324 0.009976
v 0.103828 0.087506 0.009927
v 0.103822 0.087506 0.009926
v 0.102552 0.087046 0.009907
v 0.103016 0.087096 0.009839
v 0.102787 0.087265 0.009822
v 0.104541 0.087590 0.009857
v 0.104442 0.087766 0.009862
v 0.104946 0.087829 0.009888
v 0.105700 0.088000 0.009736
v 0.105797 0.088035 0.009865
v 0.105988 0.088288 0.009627
v 0.105832 0.088218 0.009679
v 0.106132 0.088036 0.009608
v 0.106227 0.088322 0.009613
v 0.106549 0.088273 0.009466
v 0.107107 0.088483 0.009285
v 0.107451 0.088636 0.009172
v 0.108541 0.088797 0.008629
v 0.109116 0.089056 0.008255
v 0.107545 0.088674 0.009118
v 0.108212 0.088729 0.008769
v 0.108187 0.088893 0.008949
v 0.108332 0.089020 0.008661
v 0.109406 0.089057 0.008028
v 0.109440 0.089317 0.007953
v 0.109180 0.089248 0.008158
v 0.109879 0.089380 0.007579
v 0.110101 0.089330 0.007417
v 0.110354 0.089420 0.007212
v 0.111673 0.090048 0.005519
v 0.111220 0.089697 0.006173
v 0.111748 0.089808 0.005519
v 0.111626 0.089775 0.005672
v 0.110861 0.089739 0.006575
v 0.111054 0.089810 0.006307
v 0.111102 0.089605 0.006344
v 0.112296 0.090169 0.004265
v 0.112413 0.090003 0.004584
v 0.113171 0.090316 0.001642
v 0.113165 0.090292 0.001781
v 0.113157 0.090264 0.001944
v 0.113088 0.090487 0.001944
v 0.113212 0.090521 0.002047
v 0.113096 0.090215 0.002182
v 0.113085 0.090487 0.001950
v 0.112970 0.090333 0.002465
v 0.112683 0.090218 0.003479
v 0.112887 0.090221 0.002835
v 0.112729 0.090293 0.003070
v 0.111684 0.090059 0.005493
v 0.111874 0.089827 0.005282
v 0.112153 0.090159 0.004600
v 0.112555 0.090300 -0.003786
v 0.112809 0.090213 -0.003071
v 0.112624 0.090077 -0.003786
v 0.112677 0.090074 -0.003621
v 0.112996 0.090321 -0.002377
v 0.112956 0.090369 -0.002743
v 0.113164 0.090316 -0.001699
v 0.113236 0.090244 -0.001214
v 0.113143 0.090505 -0.001328
v 0.113257 0.090518 -0.001346
v 0.113205 0.090454 -0.000887
v 0.113291 0.090475 0.000009
v 0.113411 0.090511 0.000130
v 0.113245 0.090291 -0.000987
v 0.113228 0.090537 0.000431
v 0.113217 0.090479 0.000715
v 0.113319 0.090264 0.000370
v 0.113330 0.090303 0.000145
v 0.113269 0.090306 0.000730
v 0.109936 0.089414 -0.007507
v 0.110555 0.089490 -0.007004
v 0.110482 0.089470 -0.007066
v 0.109723 0.089337 -0.007670
v 0.110770 0.089565 -0.006727
v 0.111489 0.089876 -0.005777
v 0.111330 0.089838 -0.006004
v 0.111991 0.090009 -0.005064
v 0.112504 0.090307 -0.003873
v 0.112407 0.090217 -0.004096
v 0.112074 0.090069 -0.004772
v 0.112475 0.090054 -0.004064
v 0.022395 0.022711 0.004513
v 0.022382 0.021812 0.004602
v 0.022419 0.023575 0.004251
v 0.022492 0.024372 0.003827
v 0.022599 0.025071 0.003256
v 0.022694 0.025644 0.002559
v 0.022796 0.026070 0.001764
v 0.022870 0.026332 0.000899
v 0.023034 0.012322 -0.003744
v 0.022930 0.012278 -0.003809
v 0.023094 0.012382 -0.003655
v 0.022811 0.012261 -0.003832
v 0.023141 0.011640 -0.003186
v 0.023038 0.011584 -0.003241
v 0.023200 0.011717 -0.003110
v 0.022919 0.011563 -0.003260
v 0.023236 0.011081 -0.002503
v 0.023134 0.011014 -0.002546
v 0.023294 0.011171 -0.002443
v 0.023015 0.010990 -0.002562
v 0.023323 0.010665 -0.001723
v 0.023227 0.010591 -0.001753
v 0.023374 0.010765 -0.001681
v 0.023110 0.010564 -0.001764
v 0.022900 0.010213 0.000000
v 0.022870 0.010302 0.000899
v 0.022796 0.010564 0.001764
v 0.022694 0.010990 0.002559
v 0.022599 0.011563 0.003256
v 0.022492 0.012261 0.003827
v 0.022419 0.013058 0.004251
v 0.022395 0.013923 0.004513
v 0.022382 0.014822 0.004602
v 0.023302 0.022493 0.003432
v 0.023291 0.021757 0.003506
v 0.023323 0.023149 0.003233
v 0.023346 0.023752 0.002911
v 0.023419 0.024282 0.002476
v 0.023498 0.024716 0.001945
v 0.023559 0.025039 0.001338
v 0.023599 0.025238 0.000682
v 0.023392 0.010409 -0.000878
v 0.023297 0.010331 -0.000893
v 0.023440 0.010515 -0.000857
v 0.023182 0.010302 -0.000899
v 0.023420 0.026311 0.000000
v 0.023326 0.026391 0.000000
v 0.023467 0.026203 0.000000
v 0.023212 0.026420 0.000000
v 0.023392 0.026225 -0.000878
v 0.023297 0.026303 -0.000893
v 0.023440 0.026119 -0.000857
v 0.023182 0.026332 -0.000899
v 0.023616 0.011329 0.000000
v 0.023599 0.011396 0.000682
v 0.023559 0.011595 0.001338
v 0.023498 0.011917 0.001945
v 0.023419 0.012352 0.002476
v 0.023346 0.012881 0.002911
v 0.023323 0.013485 0.003233
v 0.023302 0.014140 0.003432
v 0.023291 0.014876 0.003506
v 0.022713 0.022711 0.004518
v 0.023006 0.022669 0.004310
v 0.022833 0.022705 0.004491
v 0.022941 0.022690 0.004415
v 0.022992 0.021801 0.004395
v 0.022699 0.021812 0.004607
v 0.022927 0.021807 0.004502
v 0.022820 0.021810 0.004579
v 0.022737 0.023575 0.004256
v 0.023030 0.023492 0.004060
v 0.022857 0.023564 0.004231
v 0.022964 0.023534 0.004159
v 0.022811 0.024372 0.003832
v 0.023094 0.024251 0.003655
v 0.022930 0.024356 0.003809
v 0.023034 0.024312 0.003744
v 0.022919 0.025071 0.003260
v 0.023200 0.024917 0.003110
v 0.023038 0.025050 0.003241
v 0.023141 0.024993 0.003186
v 0.023015 0.025644 0.002562
v 0.023294 0.025463 0.002443
v 0.023134 0.025619 0.002546
v 0.023236 0.025553 0.002503
v 0.023110 0.026070 0.001764
v 0.023374 0.025869 0.001681
v 0.023227 0.026042 0.001753
v 0.023323 0.025969 0.001723
v 0.023182 0.026332 0.000899
v 0.023440 0.026119 0.000857
v 0.023297 0.026303 0.000893
v 0.023392 0.026225 0.000878
v 0.023323 0.025969 -0.001723
v 0.023227 0.026042 -0.001753
v 0.023374 0.025869 -0.001681
v 0.023110 0.026070 -0.001764
v 0.023236 0.025553 -0.002503
v 0.023134 0.025619 -0.002546
v 0.023294 0.025463 -0.002443
v 0.023015 0.025644 -0.002562
v 0.023141 0.024993 -0.003186
v 0.023038 0.025050 -0.003241
v 0.023200 0.024917 -0.003110
v 0.022919 0.025071 -0.003260
v 0.023034 0.024312 -0.003744
v 0.022930 0.024356 -0.003809
v 0.023094 0.024251 -0.003655
v 0.022811 0.024372 -0.003832
v 0.022964 0.023534 -0.004159
v 0.022857 0.023564 -0.004231
v 0.023030 0.023492 -0.004060
v 0.022737 0.023575 -0.004256
v 0.022820 0.021810 -0.004579
v 0.022927 0.021807 -0.004502
v 0.022699 0.021812 -0.004607
v 0.022992 0.021801 -0.004395
v 0.022941 0.022690 -0.004415
v 0.022833 0.022705 -0.004491
v 0.023006 0.022669 -0.004310
v 0.022713 0.022711 -0.004518
v 0.023291 0.014876 -0.003506
v 0.023302 0.014140 -0.003432
v 0.023323 0.013485 -0.003233
v 0.023346 0.012881 -0.002911
v 0.023419 0.012352 -0.002476
v 0.023498 0.011917 -0.001945
v 0.023559 0.011595 -0.001338
v 0.023599 0.011396 -0.000682
v 0.023616 0.025305 0.000000
v 0.023599 0.025238 -0.000682
v 0.023559 0.025039 -0.001338
v 0.023498 0.024716 -0.001945
v 0.023419 0.024282 -0.002476
v 0.023346 0.023752 -0.002911
v 0.023323 0.023149 -0.003233
v 0.023291 0.021757 -0.003506
v 0.023302 0.022493 -0.003432
v 0.022382 0.014822 -0.004602
v 0.022395 0.013923 -0.004513
v 0.022419 0.013058 -0.004251
v 0.022492 0.012261 -0.003827
v 0.022599 0.011563 -0.003256
v 0.022694 0.010990 -0.002559
v 0.022796 0.010564 -0.001764
v 0.022870 0.010302 -0.000899
v 0.022900 0.026420 0.000000
v 0.022870 0.026332 -0.000899
v 0.022796 0.026070 -0.001764
v 0.022694 0.025644 -0.002559
v 0.022599 0.025071 -0.003256
v 0.022492 0.024372 -0.003827
v 0.022419 0.023575 -0.004251
v 0.022382 0.021812 -0.004602
v 0.022395 0.022711 -0.004513
v 0.023212 0.010213 0.000000
v 0.023467 0.010431 0.000000
v 0.023326 0.010243 0.000000
v 0.023420 0.010322 0.000000
v 0.023182 0.010302 0.000899
v 0.023440 0.010515 0.000857
v 0.023297 0.010331 0.000893
v 0.023392 0.010409 0.000878
v 0.023110 0.010564 0.001764
v 0.023374 0.010765 0.001681
v 0.023227 0.010591 0.001753
v 0.023323 0.010665 0.001723
v 0.023015 0.010990 0.002562
v 0.023294 0.011171 0.002443
v 0.023134 0.011014 0.002546
v 0.023236 0.011081 0.002503
v 0.022919 0.011563 0.003260
v 0.023200 0.011717 0.003110
v 0.023038 0.011584 0.003241
v 0.023141 0.011640 0.003186
v 0.022811 0.012261 0.003832
v 0.023094 0.012382 0.003655
v 0.022930 0.012278 0.003809
v 0.023034 0.012322 0.003744
v 0.022737 0.013058 0.004256
v 0.023030 0.013141 0.004060
v 0.022857 0.013069 0.004231
v 0.022964 0.013100 0.004159
v 0.022713 0.013923 0.004518
v 0.023006 0.013965 0.004310
v 0.022833 0.013928 0.004491
v 0.022941 0.013944 0.004415
v 0.022699 0.014822 0.004607
v 0.022992 0.014832 0.004395
v 0.022820 0.014823 0.004579
v 0.022927 0.014827 0.004502
v 0.023602 0.021757 0.000682
v 0.023448 0.021757 0.002477
v 0.023512 0.021757 0.001946
v 0.023566 0.021757 0.001340
v 0.023386 0.021757 0.002912
v 0.023602 0.014876 0.000682
v 0.023448 0.014876 0.002477
v 0.023616 0.014876 0.000000
v 0.023512 0.014876 0.001946
v 0.023566 0.014876 0.001340
v 0.023386 0.014876 0.002912
v 0.023384 0.022493 0.002911
v 0.023446 0.022493 0.002476
v 0.023564 0.022493 0.001339
v 0.023601 0.022493 0.000682
v 0.023509 0.022493 0.001945
v 0.023601 0.014140 0.000682
v 0.023446 0.014140 0.002476
v 0.023616 0.014140 0.000000
v 0.023509 0.014140 0.001945
v 0.023564 0.014140 0.001339
v 0.023384 0.014140 0.002911
v 0.022737 0.013058 -0.004256
v 0.023030 0.013141 -0.004060
v 0.022857 0.013069 -0.004231
v 0.022964 0.013100 -0.004159
v 0.022713 0.013923 -0.004518
v 0.023006 0.013965 -0.004310
v 0.022833 0.013928 -0.004491
v 0.022941 0.013944 -0.004415
v 0.022699 0.014822 -0.004607
v 0.022992 0.014832 -0.004395
v 0.022820 0.014823 -0.004579
v 0.022927 0.014827 -0.004502
v 0.023602 0.021757 -0.000682
v 0.023448 0.021757 -0.002477
v 0.023616 0.021757 0.000000
v 0.023512 0.021757 -0.001946
v 0.023566 0.021757 -0.001340
v 0.023386 0.021757 -0.002912
v 0.023602 0.014876 -0.000682
v 0.023448 0.014876 -0.002477
v 0.023512 0.014876 -0.001946
v 0.023566 0.014876 -0.001340
v 0.023386 0.014876 -0.002912
v 0.023616 0.022493 0.000000
v 0.023384 0.022493 -0.002911
v 0.023446 0.022493 -0.002476
v 0.023564 0.022493 -0.001339
v 0.023601 0.022493 -0.000682
v 0.023509 0.022493 -0.001945
v 0.023601 0.014140 -0.000682
v 0.023446 0.014140 -0.002476
v 0.023509 0.014140 -0.001945
v 0.023564 0.014140 -0.001339
v 0.023384 0.014140 -0.002911
vt 0.031250 0.503551
vt 0.031250 0.996117
vt 0.000000 0.996012
vt 0.000000 0.503551
vt 0.995996 1.000000
vt 0.993812 1.000000
vt 0.968750 1.000000
vt 0.968750 1.000000
vt 0.937500 1.000000
vt 0.937500 1.000000
vt 0.906250 1.000000
vt 0.906250 1.000000
vt 0.875000 1.000000
vt 0.875000 1.000000
vt 0.843750 1.000000
vt 0.843750 1.000000
vt 0.812500 1.000000
vt 0.812500 1.000000
vt 0.781250 1.000000
vt 0.781250 1.000000
vt 0.750000 1.000000
vt 0.750000 1.000000
vt 0.718750 1.000000
vt 0.718750 1.000000
vt 0.687500 1.000000
vt 0.687500 1.000000
vt 0.656250 1.000000
vt 0.656250 1.000000
vt 0.625000 1.000000
vt 0.625000 1.000000
vt 0.593750 1.000000
vt 0.593750 1.000000
vt 0.593750 1.000000
vt 0.562500 1.000000
vt 0.562500 1.000000
vt 0.531250 1.000000
vt 0.531250 1.000000
vt 0.506188 1.000000
vt 0.504004 1.000000
vt 0.468750 0.503551
vt 0.468750 0.996117
vt 0.437500 0.996195
vt 0.437500 0.503551
vt 0.406250 0.996252
vt 0.406250 0.503551
vt 0.375000 0.996294
vt 0.375000 0.503551
vt 0.343750 0.996324
vt 0.343750 0.503551
vt 0.312500 0.996343
vt 0.312500 0.503551
vt 0.281250 0.996355
vt 0.281250 0.503551
vt 0.250000 0.996358
vt 0.250000 0.503551
vt 0.218750 0.996355
vt 0.218750 0.503551
vt 0.187500 0.996343
vt 0.187500 0.503551
vt 0.156250 0.996324
vt 0.156250 0.503551
vt 0.125000 0.996294
vt 0.125000 0.503551
vt 0.093750 0.996252
vt 0.093750 0.503551
vt 0.093750 0.996252
vt 0.062500 0.996195
vt 0.062500 0.503551
vt 0.446661 1.000000
vt 0.467104 1.000000
vt 0.505918 1.000000
vt 0.505290 1.000000
vt 0.505089 1.000000
vt 0.505059 1.000000
vt 0.505165 1.000000
vt 0.505418 1.000000
vt 0.505866 1.000000
vt 0.506628 1.000000
vt 0.508013 1.000000
vt 0.511024 1.000000
vt 0.520729 1.000000
vt 0.592189 1.000000
vt 0.837509 1.000000
vt 0.056913 1.000000
vt 0.066886 1.000000
vt 0.090257 1.000000
vt 0.116293 1.000000
vt 0.143271 1.000000
vt 0.170722 1.000000
vt 0.198450 1.000000
vt 0.226349 1.000000
vt 0.254346 1.000000
vt 0.282386 1.000000
vt 0.310414 1.000000
vt 0.338376 1.000000
vt 0.366200 1.000000
vt 0.393774 1.000000
vt 0.420859 1.000000
vt 0.483376 1.000000
vt 0.457705 1.000000
vt 0.463307 1.000000
vt 0.491895 1.000000
vt 0.968750 0.501813
vt 0.968750 0.995496
vt 0.937500 0.995086
vt 0.937500 0.502236
vt 1.000000 0.496899
vt 1.000000 0.996012
vt 0.843750 0.504252
vt 0.843750 0.994439
vt 0.812500 0.994356
vt 0.812500 0.504917
vt 0.687500 0.504917
vt 0.687500 0.994356
vt 0.656250 0.994439
vt 0.656250 0.504252
vt 0.531250 0.501812
vt 0.531250 0.995496
vt 0.500000 0.996012
vt 0.500000 0.500225
vt 0.906250 0.502818
vt 0.906250 0.994783
vt 0.875000 0.994574
vt 0.875000 0.503516
vt 0.750000 0.505553
vt 0.750000 0.994294
vt 0.718750 0.994310
vt 0.718750 0.505384
vt 0.593750 0.502818
vt 0.593750 0.994783
vt 0.562500 0.995086
vt 0.562500 0.502236
vt 0.781250 0.994310
vt 0.781250 0.505384
vt 0.625000 0.994574
vt 0.625000 0.503515
vt 0.687500 1.000000
vt 0.656250 1.000000
vt 0.502656 1.000000
vt 0.502997 1.000000
vt 0.501458 1.000000
vt 0.501303 1.000000
vt 0.593750 1.000000
vt 0.562500 1.000000
vt 0.625000 1.000000
vt 0.531250 1.000000
vt 0.562500 1.000000
vt 0.531250 1.000000
vt 0.625000 1.000000
vt 0.593750 1.000000
vt 0.687500 1.000000
vt 0.656250 1.000000
vt 0.502557 1.000000
vt 0.501254 1.000000
vt 0.562500 1.000000
vt 0.531250 1.000000
vt 0.625000 1.000000
vt 0.593750 1.000000
vt 0.687500 1.000000
vt 0.656250 1.000000
vt 0.502542 1.000000
vt 0.501246 1.000000
vt 0.562500 1.000000
vt 0.531250 1.000000
vt 0.625000 1.000000
vt 0.593750 1.000000
vt 0.687500 1.000000
vt 0.656250 1.000000
vt 0.502595 1.000000
vt 0.501273 1.000000
vt 0.562500 1.000000
vt 0.531250 1.000000
vt 0.625000 1.000000
vt 0.593750 1.000000
vt 0.687500 1.000000
vt 0.656250 1.000000
vt 0.502722 1.000000
vt 0.501335 1.000000
vt 0.625000 1.000000
vt 0.593750 1.000000
vt 0.687500 1.000000
vt 0.656250 1.000000
vt 0.502946 1.000000
vt 0.501445 1.000000
vt 0.562500 1.000000
vt 0.531250 1.000000
vt 0.687500 1.000000
vt 0.656250 1.000000
vt 0.503327 1.000000
vt 0.501633 1.000000
vt 0.593750 1.000000
vt 0.562500 1.000000
vt 0.625000 1.000000
vt 0.531250 1.000000
vt 0.504015 1.000000
vt 0.501974 1.000000
vt 0.593750 1.000000
vt 0.562500 1.000000
vt 0.656250 1.000000
vt 0.625000 1.000000
vt 0.531250 1.000000
vt 0.687500 1.000000
vt 0.505491 1.000000
vt 0.502716 1.000000
vt 0.593750 1.000000
vt 0.562500 1.000000
vt 0.656250 1.000000
vt 0.625000 1.000000
vt 0.531250 1.000000
vt 0.687500 1.000000
vt 0.509955 1.000000
vt 0.505108 1.000000
vt 0.593750 1.000000
vt 0.562500 1.000000
vt 0.656250 1.000000
vt 0.625000 1.000000
vt 0.531250 1.000000
vt 0.687500 1.000000
vt 0.593750 1.000000
vt 0.562500 1.000000
vt 0.656250 1.000000
vt 0.625000 1.000000
vt 0.531250 1.000000
vt 0.687500 1.000000
vt 0.548315 1.000000
vt 0.522715 1.000000
vt 0.656250 1.000000
vt 0.625000 1.000000
vt 0.562500 1.000000
vt 0.531250 1.000000
vt 0.593750 1.000000
vt 0.687500 1.000000
vt 0.916717 1.000000
vt 0.959963 1.000000
vt 0.387758 0.564012
vt 0.402236 0.585070
vt 0.361294 0.525518
vt 0.400544 0.582609
vt 0.000000 0.000000
vt 0.353652 0.514403
vt 0.429148 1.000000
vt 0.433400 1.000000
vt 0.399984 1.000000
vt 0.370580 1.000000
vt 0.372832 1.000000
vt 0.403176 1.000000
vt 0.341050 1.000000
vt 0.342426 1.000000
vt 0.311452 1.000000
vt 0.311986 1.000000
vt 0.281821 1.000000
vt 0.281530 1.000000
vt 0.252184 1.000000
vt 0.251071 1.000000
vt 0.222569 1.000000
vt 0.220622 1.000000
vt 0.193002 1.000000
vt 0.190198 1.000000
vt 0.163521 1.000000
vt 0.159816 1.000000
vt 0.134179 1.000000
vt 0.129502 1.000000
vt 0.105071 1.000000
vt 0.099304 1.000000
vt 0.076426 1.000000
vt 0.069339 1.000000
vt 0.049032 1.000000
vt 0.040031 1.000000
vt 0.028875 1.000000
vt 0.014023 1.000000
vt 0.506188 1.000000
vt 0.506188 1.000000
vt 0.506188 1.000000
vt 0.506188 1.000000
vt 0.506188 1.000000
vt 0.506188 1.000000
vt 0.506188 1.000000
vt 0.506188 1.000000
vt 0.506188 1.000000
vt 0.506188 1.000000
vt 0.506188 1.000000
vt 0.506188 1.000000
vt 0.502099 1.000000
vt 0.502237 1.000000
vt 0.504167 1.000000
vt 0.502396 1.000000
vt 0.501403 1.000000
vt 0.495810 1.000000
vt 0.499034 1.000000
vt 0.498198 1.000000
vt 0.499911 0.999923
vt 0.500000 1.000000
vt 0.502960 0.998763
vt 0.501930 0.999702
vt 0.500069 0.998038
vt 0.505085 1.000000
vt 0.502918 1.000000
vt 0.995834 1.000000
vt 0.997763 1.000000
vt 0.997901 1.000000
vt -0.003783 0.996577
vt -0.002104 0.998096
vt 0.000091 0.997977
vt -0.001785 0.997991
vt -0.002921 0.996141
vt -0.000167 1.000000
vt 0.000000 1.000000
vt 0.011863 1.000000
vt 0.006817 1.000000
vt 0.007116 1.000000
vt 0.999232 1.000000
vt 1.000000 1.000000
vt 1.000000 1.000000
vt 0.998807 1.000000
vt 0.995760 1.001829
vt 0.997854 1.000000
vt 0.998517 1.000000
vt 1.000000 0.503551
vt 0.968750 0.503760
vt 0.968822 0.501878
vt 0.999928 0.501777
vt 0.969017 0.500000
vt 0.999733 0.500000
vt 0.997040 0.998763
vt 0.966939 0.998452
vt 0.967115 1.000000
vt 0.937500 0.503985
vt 0.937572 0.501991
vt 0.968678 0.501881
vt 0.937767 0.500000
vt 0.968483 0.500000
vt 0.935744 0.998200
vt 0.935860 1.000000
vt 0.906250 0.504217
vt 0.906322 0.502107
vt 0.937428 0.501994
vt 0.906517 0.500000
vt 0.937233 0.500000
vt 0.904592 0.997957
vt 0.904649 1.000000
vt 0.906250 0.504217
vt 0.875000 0.504445
vt 0.875072 0.502221
vt 0.906178 0.502110
vt 0.875267 0.500000
vt 0.905983 0.500000
vt 0.873486 0.997732
vt 0.873491 1.000000
vt 0.843750 0.504651
vt 0.843822 0.502324
vt 0.874928 0.502224
vt 0.844017 0.500000
vt 0.874733 0.500000
vt 0.842443 0.997534
vt 0.842411 1.000000
vt 0.812500 0.504816
vt 0.812572 0.502407
vt 0.843678 0.502326
vt 0.812767 0.500000
vt 0.843483 0.500000
vt 0.811501 0.997375
vt 0.811454 1.000000
vt 0.781250 0.504925
vt 0.781322 0.502462
vt 0.812428 0.502409
vt 0.781517 0.500000
vt 0.812233 0.500000
vt 0.780695 0.997269
vt 0.780661 1.000000
vt 0.750000 0.504962
vt 0.750072 0.502481
vt 0.781178 0.502463
vt 0.750267 0.500000
vt 0.780983 0.500000
vt 0.750000 0.997230
vt 0.750000 1.000000
vt 0.718750 0.504925
vt 0.718822 0.502463
vt 0.749928 0.502481
vt 0.719017 0.500000
vt 0.749733 0.500000
vt 0.719305 0.997269
vt 0.719339 1.000000
vt 0.687500 0.504816
vt 0.687572 0.502409
vt 0.718678 0.502461
vt 0.687767 0.500000
vt 0.718483 0.500000
vt 0.688499 0.997375
vt 0.688546 1.000000
vt 0.656250 0.504651
vt 0.656322 0.502326
vt 0.687428 0.502407
vt 0.656517 0.500000
vt 0.687233 0.500000
vt 0.657557 0.997534
vt 0.657589 1.000000
vt 0.625000 0.504445
vt 0.625072 0.502224
vt 0.656178 0.502324
vt 0.625267 0.500000
vt 0.655983 0.500000
vt 0.626514 0.997732
vt 0.626509 1.000000
vt 0.593750 0.504217
vt 0.593822 0.502110
vt 0.624928 0.502221
vt 0.594017 0.500000
vt 0.624733 0.500000
vt 0.595408 0.997957
vt 0.595351 1.000000
vt 0.562500 0.503985
vt 0.562572 0.501994
vt 0.593678 0.502107
vt 0.562767 0.500000
vt 0.593483 0.500000
vt 0.564256 0.998200
vt 0.564140 1.000000
vt 0.531250 0.503760
vt 0.531322 0.501881
vt 0.562428 0.501991
vt 0.531517 0.500000
vt 0.562233 0.500000
vt 0.533061 0.998451
vt 0.532885 1.000000
vt 0.500000 0.503551
vt 0.500072 0.501777
vt 0.531178 0.501878
vt 0.500267 0.500000
vt 0.530983 0.500000
vt 0.468750 0.503551
vt 0.468822 0.501776
vt 0.499928 0.501776
vt 0.469017 0.500000
vt 0.499733 0.500000
vt 0.499909 0.997977
vt 0.468750 0.998058
vt 0.466018 1.000000
vt 0.437500 0.503551
vt 0.437572 0.501776
vt 0.468678 0.501776
vt 0.437767 0.500000
vt 0.468483 0.500000
vt 0.437500 0.998097
vt 0.435442 1.000000
vt 0.406250 0.503551
vt 0.406322 0.501776
vt 0.437428 0.501776
vt 0.406517 0.500000
vt 0.437233 0.500000
vt 0.406250 0.998126
vt 0.404707 1.000000
vt 0.406250 0.503551
vt 0.375000 0.503551
vt 0.375072 0.501776
vt 0.406178 0.501776
vt 0.375267 0.500000
vt 0.405983 0.500000
vt 0.375000 0.998147
vt 0.373912 1.000000
vt 0.343750 0.503551
vt 0.343822 0.501776
vt 0.374928 0.501776
vt 0.344017 0.500000
vt 0.374733 0.500000
vt 0.343750 0.998162
vt 0.343086 1.000000
vt 0.312500 0.503551
vt 0.312572 0.501776
vt 0.343678 0.501776
vt 0.312767 0.500000
vt 0.343483 0.500000
vt 0.312500 0.998172
vt 0.312242 1.000000
vt 0.281250 0.503551
vt 0.281322 0.501776
vt 0.312428 0.501776
vt 0.281517 0.500000
vt 0.312233 0.500000
vt 0.281250 0.998177
vt 0.281390 1.000000
vt 0.281250 0.503551
vt 0.250000 0.503551
vt 0.250072 0.501776
vt 0.281178 0.501776
vt 0.250267 0.500000
vt 0.280983 0.500000
vt 0.250000 0.998179
vt 0.250537 1.000000
vt 0.218750 0.503551
vt 0.218822 0.501776
vt 0.249928 0.501776
vt 0.219017 0.500000
vt 0.249733 0.500000
vt 0.218750 0.998177
vt 0.219690 1.000000
vt 0.187500 0.503551
vt 0.187572 0.501776
vt 0.218678 0.501776
vt 0.187767 0.500000
vt 0.218483 0.500000
vt 0.187500 0.998172
vt 0.188854 1.000000
vt 0.156250 0.503551
vt 0.156322 0.501776
vt 0.187428 0.501776
vt 0.156517 0.500000
vt 0.187233 0.500000
vt 0.156250 0.998162
vt 0.158039 1.000000
vt 0.156250 0.503551
vt 0.125000 0.503551
vt 0.125072 0.501776
vt 0.156178 0.501776
vt 0.125267 0.500000
vt 0.155983 0.500000
vt 0.125000 0.998147
vt 0.127259 1.000000
vt 0.093750 0.503551
vt 0.093822 0.501776
vt 0.124928 0.501776
vt 0.094017 0.500000
vt 0.124733 0.500000
vt 0.093750 0.998126
vt 0.096538 1.000000
vt 0.062500 0.503551
vt 0.062572 0.501776
vt 0.093678 0.501776
vt 0.062767 0.500000
vt 0.093483 0.500000
vt 0.062500 0.998097
vt 0.065933 1.000000
vt 0.031250 0.503551
vt 0.031322 0.501776
vt 0.062428 0.501776
vt 0.031517 0.500000
vt 0.062233 0.500000
vt 0.031250 0.998058
vt 0.035657 1.000000
vt 0.000000 0.503551
vt 0.000072 0.501776
vt 0.031178 0.501776
vt 0.000267 0.500000
vt 0.030983 0.500000
vt 0.007208 1.000000
vt 0.996834 1.000000
vt 1.000000 1.000000
vt 1.000000 1.000000
vt 0.979358 1.000000
vt 0.503176 1.000000
vt 0.500752 1.000000
vt 0.495824 1.000000
vt 0.503188 1.000000
vt 0.500676 1.000000
vt 0.503188 1.000000
vt 0.500650 1.000000
vt 0.503188 1.000000
vt 0.500646 1.000000
vt 0.503188 1.000000
vt 0.500660 1.000000
vt 0.503188 1.000000
vt 0.500692 1.000000
vt 0.503188 1.000000
vt 0.500749 1.000000
vt 0.503188 1.000000
vt 0.500847 1.000000
vt 0.503188 1.000000
vt 0.501023 1.000000
vt 0.503188 1.000000
vt 0.501408 1.000000
vt 0.503188 1.000000
vt 0.502648 1.000000
vt 0.503188 1.000000
vt 0.511775 1.000000
vt 0.503187 1.000000
vt 0.500000 1.000000
vt 0.500000 1.000000
vt 0.979228 1.000000
vt 0.750000 0.485894
vt 0.796021 0.481361
vt 0.795225 0.477362
vt 0.750000 0.481816
vt 0.840273 0.467938
vt 0.838713 0.464170
vt 0.881056 0.446139
vt 0.878790 0.442748
vt 0.916802 0.416802
vt 0.913919 0.413919
vt 0.946139 0.381056
vt 0.942748 0.378790
vt 0.967938 0.340273
vt 0.964171 0.338712
vt 0.981361 0.296021
vt 0.977362 0.295225
vt 0.985894 0.250000
vt 0.981817 0.250000
vt 0.981361 0.203979
vt 0.977362 0.204775
vt 0.967938 0.159727
vt 0.964171 0.161288
vt 0.946139 0.118944
vt 0.942748 0.121210
vt 0.916802 0.083198
vt 0.913919 0.086081
vt 0.881056 0.053861
vt 0.878790 0.057252
vt 0.840273 0.032063
vt 0.838712 0.035830
vt 0.796020 0.018639
vt 0.795225 0.022638
vt 0.750000 0.014106
vt 0.750000 0.018184
vt 0.703979 0.018639
vt 0.704775 0.022638
vt 0.659727 0.032063
vt 0.661288 0.035830
vt 0.618944 0.053862
vt 0.621210 0.057252
vt 0.583198 0.083198
vt 0.586081 0.086081
vt 0.553861 0.118945
vt 0.557252 0.121210
vt 0.532063 0.159728
vt 0.535829 0.161288
vt 0.518639 0.203980
vt 0.522638 0.204775
vt 0.514106 0.250000
vt 0.518184 0.250000
vt 0.518639 0.296021
vt 0.522638 0.295225
vt 0.532063 0.340273
vt 0.535830 0.338713
vt 0.553862 0.381056
vt 0.557252 0.378791
vt 0.583198 0.416802
vt 0.586081 0.413919
vt 0.618945 0.446139
vt 0.621210 0.442748
vt 0.659728 0.467938
vt 0.661288 0.464170
vt 0.703980 0.481361
vt 0.704775 0.477362
vt 0.750000 0.469742
vt 0.792869 0.465519
vt 0.834092 0.453015
vt 0.872082 0.432709
vt 0.905381 0.405381
vt 0.932708 0.372082
vt 0.953015 0.334092
vt 0.965519 0.292869
vt 0.969742 0.250000
vt 0.965519 0.207131
vt 0.953015 0.165909
vt 0.932709 0.127918
vt 0.905381 0.094619
vt 0.872082 0.067291
vt 0.834092 0.046985
vt 0.792869 0.034481
vt 0.750000 0.030258
vt 0.707131 0.034481
vt 0.665908 0.046985
vt 0.627918 0.067292
vt 0.594619 0.094619
vt 0.567291 0.127918
vt 0.546985 0.165909
vt 0.534481 0.207131
vt 0.530258 0.250000
vt 0.534481 0.292870
vt 0.546985 0.334092
vt 0.567292 0.372082
vt 0.594619 0.405381
vt 0.627918 0.432709
vt 0.665909 0.453015
vt 0.707131 0.465519
vt 1.000000 0.986082
vt 0.968750 0.986082
vt 0.968750 1.000000
vt 1.000000 1.000000
vt 0.937500 0.986082
vt 0.937500 1.000000
vt 0.906250 0.986082
vt 0.906250 1.000000
vt 0.875000 0.986082
vt 0.875000 1.000000
vt 0.843750 0.986082
vt 0.843750 1.000000
vt 0.812500 0.986082
vt 0.812500 1.000000
vt 0.781250 0.986082
vt 0.781250 1.000000
vt 0.750000 0.986082
vt 0.750000 1.000000
vt 0.718750 0.986082
vt 0.718750 1.000000
vt 0.687500 0.986082
vt 0.687500 1.000000
vt 0.656250 0.986082
vt 0.656250 1.000000
vt 0.625000 0.986082
vt 0.625000 1.000000
vt 0.593750 0.986082
vt 0.593750 1.000000
vt 0.562500 0.986082
vt 0.562500 1.000000
vt 0.531250 0.986082
vt 0.531250 1.000000
vt 0.500000 0.986082
vt 0.500000 1.000000
vt 0.718750 0.500000
vt 0.718750 0.500000
vt 0.689231 0.500000
vt 0.687500 0.500000
vt 0.875000 0.500000
vt 0.875000 0.500000
vt 0.843750 0.500000
vt 0.843750 0.500000
vt 0.750000 0.500000
vt 0.750000 0.500000
vt 0.593750 0.500000
vt 0.593750 0.500000
vt 0.562500 0.500000
vt 0.562500 0.500000
vt 1.000000 0.500000
vt 1.000000 0.500000
vt 0.968750 0.500000
vt 0.968750 0.500000
vt 0.718750 0.500000
vt 0.718750 0.500000
vt 0.687500 0.500000
vt 0.687500 0.500000
vt 0.814353 0.500000
vt 0.814338 0.500000
vt 0.531250 0.500000
vt 0.531250 0.500000
vt 0.937500 0.500000
vt 0.937500 0.500000
vt 0.687500 0.500000
vt 0.687500 0.500000
vt 0.686406 0.500000
vt 0.686193 0.500000
vt 0.812500 0.500000
vt 0.810689 0.500000
vt 0.781250 0.500000
vt 0.781250 0.500000
vt 0.812500 0.500000
vt 0.812500 0.500000
vt 0.812500 0.500000
vt 0.812500 0.500000
vt 0.500000 0.500000
vt 0.500000 0.500000
vt 0.906250 0.500000
vt 0.906250 0.500000
vt 0.656250 0.500000
vt 0.656250 0.500000
vt 0.625000 0.500000
vt 0.625000 0.500000
vt 0.781250 0.500000
vt 0.781250 0.500000
vt 0.750000 0.500000
vt 0.750000 0.500000
vt 0.906250 1.000000
vt 0.937500 1.000000
vt 0.718750 1.000000
vt 0.750000 1.000000
vt 0.875000 1.000000
vt 0.843750 1.000000
vt 0.687500 1.000000
vt 0.812500 1.000000
vt 0.656250 1.000000
vt 0.625000 1.000000
vt 0.593750 1.000000
vt 0.781250 1.000000
vt 0.968750 1.000000
vt 1.000000 1.000000
vt 0.562500 1.000000
vt 0.531250 1.000000
vt 0.500000 1.000000
vt 0.656250 0.500000
vt 0.685971 0.500000
vt 0.674459 0.500000
vt 0.656250 0.500000
vt 0.625000 0.500000
vt 0.625000 0.500000
vt 0.593750 0.500000
vt 0.593750 0.500000
vt 0.562500 0.500000
vt 0.562500 0.500000
vt 0.968750 0.500000
vt 1.000000 0.500000
vt 1.000000 0.500000
vt 0.968750 0.500000
vt 0.531250 0.500000
vt 0.531250 0.500000
vt 0.937500 0.500000
vt 0.937500 0.500000
vt 0.500000 0.500000
vt 0.500000 0.500000
vt 0.906250 0.500000
vt 0.906250 0.500000
vt 0.875000 0.500000
vt 0.875000 0.500000
vt 0.843750 0.500000
vt 0.843750 0.500000
vt 0.812500 0.500000
vt 0.816348 0.500000
vt 0.826578 0.500000
vt 0.812500 0.500000
vt 0.781250 0.500000
vt 0.812500 0.500000
vt 0.809979 0.500000
vt 0.781250 0.500000
vt 0.750000 0.500000
vt 0.750000 0.500000
vt 0.718750 0.500000
vt 0.718750 0.500000
vt 0.687500 0.500000
vt 0.687500 0.500000
vt 0.689972 0.500000
vt 0.687500 0.500000
vt 0.687500 0.515433
vt 0.718750 0.510081
vt 0.750000 0.510081
vt 0.781250 0.510081
vt 0.813224 0.515094
vt 0.625000 0.510081
vt 0.593750 0.510081
vt 0.906250 0.510081
vt 0.875000 0.510081
vt 0.781250 0.500000
vt 0.781250 0.500000
vt 0.750000 0.500000
vt 0.750000 0.500000
vt 0.656250 0.510081
vt 0.937500 0.510081
vt 0.531250 0.510081
vt 0.500000 0.510081
vt 0.843750 0.510081
vt 0.816119 0.500000
vt 0.685164 0.500139
vt 0.968750 0.510081
vt 0.718750 0.500000
vt 0.718750 0.500000
vt 0.688686 0.500000
vt 0.690289 0.500000
vt 1.000000 0.510081
vt 0.692168 0.500000
vt 0.718827 0.500000
vt 0.718750 0.500000
vt 0.781173 0.500000
vt 0.807685 0.500000
vt 0.781250 0.500000
vt 0.562500 0.510081
vt 0.750000 0.500000
vt 0.750000 0.500000
vt 0.809632 0.500000
vt 0.811309 0.500000
vt 0.812500 1.000000
vt 0.781250 1.000000
vt 0.781250 1.000000
vt 0.812500 1.000000
vt 0.750000 1.000000
vt 0.750000 1.000000
vt 0.718750 1.000000
vt 0.718750 1.000000
vt 0.687500 1.000000
vt 0.687500 1.000000
vt 0.656250 1.000000
vt 0.656250 1.000000
vt 0.625000 1.000000
vt 0.625000 1.000000
vt 0.593750 1.000000
vt 0.593750 1.000000
vt 0.562500 1.000000
vt 0.562500 1.000000
vt 1.000000 1.000000
vt 0.968750 1.000000
vt 0.968750 1.000000
vt 1.000000 1.000000
vt 0.531250 1.000000
vt 0.531250 1.000000
vt 0.937500 1.000000
vt 0.937500 1.000000
vt 0.500000 1.000000
vt 0.500000 1.000000
vt 0.906250 1.000000
vt 0.906250 1.000000
vt 0.875000 1.000000
vt 0.875000 1.000000
vt 0.843750 1.000000
vt 0.843750 1.000000
vt 0.870784 0.500000
vt 0.900602 0.500000
vt 0.900602 0.500000
vt 0.870784 0.500000
vt 0.998459 0.500000
vt 0.967927 0.500000
vt 0.936859 0.500000
vt 0.905750 0.500000
vt 0.874627 0.500000
vt 0.843506 0.500000
vt 0.826568 0.500000
vt 0.809548 0.500000
vt 0.781106 0.500000
vt 0.750000 0.500000
vt 0.718893 0.500000
vt 0.690405 0.500000
vt 0.687393 0.500000
vt 0.674474 0.500000
vt 0.656494 0.500000
vt 0.625373 0.500000
vt 0.594250 0.500000
vt 0.563141 0.500000
vt 0.532072 0.500000
vt 0.501541 0.500000
vt 0.812607 0.500000
vt 0.805103 0.500000
vt 0.813708 0.500000
vt 0.813708 0.500000
vt 0.805103 0.500000
vt 0.840989 0.500000
vt 0.840989 0.500000
vt 0.826652 0.500000
vt 0.826645 0.500000
vt 0.779627 0.500000
vt 0.779627 0.500000
vt 0.749999 0.500000
vt 0.749999 0.500000
vt 0.720368 0.500000
vt 0.720368 0.500000
vt 0.686287 0.500000
vt 0.694861 0.500000
vt 0.694861 0.500000
vt 0.686287 0.500000
vt 0.659010 0.500000
vt 0.673613 0.500000
vt 0.673995 0.500000
vt 0.659010 0.500000
vt 0.629216 0.500000
vt 0.629216 0.500000
vt 0.599397 0.500000
vt 0.599397 0.500000
vt 0.569737 0.500000
vt 0.569737 0.500000
vt 0.959458 0.500000
vt 0.982596 0.500000
vt 0.982596 0.500000
vt 0.959458 0.500000
vt 0.540541 0.500000
vt 0.540541 0.500000
vt 0.930263 0.500000
vt 0.930263 0.500000
vt 0.517404 0.500000
vt 0.517404 0.500000
vt 0.813512 0.500000
vt 0.805895 0.500000
vt 0.720105 0.500000
vt 0.694067 0.500000
vt 0.539032 0.500000
vt 0.514578 0.500000
vt 0.568561 0.500000
vt 0.598480 0.500000
vt 0.628531 0.500000
vt 0.658562 0.500000
vt 0.686484 0.500000
vt 0.673704 0.500000
vt 0.750000 0.500000
vt 0.779891 0.500000
vt 0.841438 0.500000
vt 0.826771 0.500000
vt 0.871468 0.500000
vt 0.901520 0.500000
vt 0.931438 0.500000
vt 0.960967 0.500000
vt 0.985422 0.500000
vt 0.000000 0.000000
vt 0.000000 0.000000
vt 0.000000 0.000000
vt 0.000000 0.000000
vt 0.000000 0.000000
vt 0.000000 0.000000
vt 0.000000 0.000000
vt 0.000000 0.000000
vt 0.000000 0.000000
vt 0.000000 0.000000
vt 0.000000 0.000000
vt 0.000000 0.000000
vt 0.000000 0.000000
vt 0.000000 0.000000
vt 0.000000 0.000000
vt 0.000000 0.000000
vt 0.000000 0.000000
vt 0.000000 0.000000
vt 0.000000 0.000000
vt 0.000000 0.000000
vt 0.000000 0.000000
vt 0.000000 0.000000
vt 0.000000 0.000000
vt 0.000000 0.000000
vt 0.000000 0.000000
vt 0.000000 0.000000
vt 0.000000 0.000000
vt 0.000000 0.000000
vt 0.000000 0.000000
vt 0.000000 0.000000
vt 0.000000 0.000000
vt 0.000000 0.000000
vt 0.000000 0.000000
vt 0.000000 0.000000
vt 0.000000 0.000000
vt 0.000000 0.000000
vt 0.000000 0.000000
vt 0.000000 0.000000
vt 0.000000 0.000000
vt 0.000000 0.000000
vt 0.000000 0.000000
vt 0.000000 0.000000
vt 0.000000 0.000000
vt 0.000000 0.000000
vt 0.000000 0.000000
vt 0.000000 0.000000
vt 0.000000 0.000000
vt 0.000000 0.000000
vt 0.000000 0.000000
vt 0.000000 0.000000
vt 0.000000 0.000000
vt 0.000000 0.000000
vt 0.000000 0.000000
vt 0.000000 0.000000
vt 0.000000 0.000000
vt 0.000000 0.000000
vt 0.000000 0.000000
vt 0.000000 0.000000
vt 0.000000 0.000000
vt 0.000000 0.000000
vt 0.000000 0.000000
vt 0.000000 0.000000
vt 0.000000 0.000000
vt 0.000000 0.000000
vt 0.000000 0.000000
vt 0.000000 0.000000
vt 0.000000 0.000000
vt 0.000000 0.000000
vt 0.000000 0.000000
vt 0.000000 0.000000
vt 0.000000 0.000000
vt 0.000000 0.000000
vt 0.000000 0.000000
vt 0.000000 0.000000
vt 0.000000 0.000000
vt 0.000000 0.000000
vt 0.000000 0.000000
vt 0.000000 0.000000
vt 0.000000 0.000000
vt 0.000000 0.000000
vt 0.000000 0.000000
vt 0.000000 0.000000
vt 0.000000 0.000000
vt 0.000000 0.000000
vt 0.000000 0.000000
vt 0.000000 0.000000
vt 0.000000 0.000000
vt 0.000000 0.000000
vt 0.000000 0.000000
vt 0.000000 0.000000
vt 0.000000 0.000000
vt 0.000000 0.000000
vt 0.000000 0.000000
vt 0.000000 0.000000
vt 0.000000 0.000000
vt 0.000000 0.000000
vt 0.000000 0.000000
vt 0.000000 0.000000
vt 0.000000 0.000000
vt 0.000000 0.000000
vt 0.000000 0.000000
vt 0.000000 0.000000
vt 0.000000 0.000000
vt 0.000000 0.000000
vt 0.000000 0.000000
vt 0.000000 0.000000
vt 0.000000 0.000000
vt 0.000000 0.000000
vt 0.000000 0.000000
vt 0.000000 0.000000
vt 0.000000 0.000000
vt 0.000000 0.000000
vt 0.000000 0.000000
vt 0.000000 0.000000
vt 0.000000 0.000000
vt 0.000000 0.000000
vt 0.000000 0.000000
vt 0.000000 0.000000
vt 0.000000 0.000000
vt 0.000000 0.000000
vt 0.000000 0.000000
vt 0.000000 0.000000
vt 0.000000 0.000000
vt 0.000000 0.000000
vt 0.781250 0.500000
vt 0.750000 0.500000
vt 0.718750 0.500000
vt 0.968750 1.000000
vt 0.968750 0.986082
vt 0.937500 1.000000
vt 0.937500 0.986082
vt 0.906250 1.000000
vt 0.906250 0.986082
vt 0.875000 1.000000
vt 0.875000 0.986082
vt 0.843750 1.000000
vt 0.843750 0.986082
vt 0.812500 1.000000
vt 0.812500 0.986082
vt 0.781250 1.000000
vt 0.781250 0.986082
vt 0.750000 1.000000
vt 0.750000 0.986082
vt 0.718750 1.000000
vt 0.718750 0.986082
vt 0.687500 1.000000
vt 0.687500 0.986082
vt 0.656250 1.000000
vt 0.656250 0.986082
vt 0.625000 1.000000
vt 0.625000 0.986082
vt 0.593750 1.000000
vt 0.593750 0.986082
vt 0.562500 1.000000
vt 0.562500 0.986082
vt 0.531250 1.000000
vt 0.531250 0.986082
vt 0.718750 0.500000
vt 0.687500 0.500000
vt 0.689231 0.500000
vt 0.718750 0.500000
vt 0.875000 0.500000
vt 0.843750 0.500000
vt 0.843750 0.500000
vt 0.875000 0.500000
vt 0.750000 0.500000
vt 0.750000 0.500000
vt 0.593750 0.500000
vt 0.562500 0.500000
vt 0.562500 0.500000
vt 0.593750 0.500000
vt 0.968750 0.500000
vt 0.968750 0.500000
vt 0.718750 0.500000
vt 0.687500 0.500000
vt 0.687500 0.500000
vt 0.718750 0.500000
vt 0.814338 0.500000
vt 0.814353 0.500000
vt 0.531250 0.500000
vt 0.531250 0.500000
vt 0.937500 0.500000
vt 0.937500 0.500000
vt 0.687500 0.500000
vt 0.686193 0.500000
vt 0.686406 0.500000
vt 0.687500 0.500000
vt 0.812500 0.500000
vt 0.781250 0.500000
vt 0.781250 0.500000
vt 0.810689 0.500000
vt 0.812500 0.500000
vt 0.812500 0.500000
vt 0.812500 0.500000
vt 0.812500 0.500000
vt 0.906250 0.500000
vt 0.906250 0.500000
vt 0.656250 0.500000
vt 0.625000 0.500000
vt 0.625000 0.500000
vt 0.656250 0.500000
vt 0.781250 0.500000
vt 0.750000 0.500000
vt 0.750000 0.500000
vt 0.781250 0.500000
vt 0.937500 1.000000
vt 0.906250 1.000000
vt 0.750000 1.000000
vt 0.718750 1.000000
vt 0.875000 1.000000
vt 0.843750 1.000000
vt 0.687500 1.000000
vt 0.812500 1.000000
vt 0.656250 1.000000
vt 0.625000 1.000000
vt 0.593750 1.000000
vt 0.781250 1.000000
vt 0.968750 1.000000
vt 0.562500 1.000000
vt 0.531250 1.000000
vt 0.656250 0.500000
vt 0.656250 0.500000
vt 0.674459 0.500000
vt 0.685971 0.500000
vt 0.625000 0.500000
vt 0.625000 0.500000
vt 0.593750 0.500000
vt 0.593750 0.500000
vt 0.562500 0.500000
vt 0.562500 0.500000
vt 0.968750 0.500000
vt 0.968750 0.500000
vt 0.531250 0.500000
vt 0.531250 0.500000
vt 0.937500 0.500000
vt 0.937500 0.500000
vt 0.906250 0.500000
vt 0.906250 0.500000
vt 0.875000 0.500000
vt 0.875000 0.500000
vt 0.843750 0.500000
vt 0.843750 0.500000
vt 0.812500 0.500000
vt 0.812500 0.500000
vt 0.826578 0.500000
vt 0.816348 0.500000
vt 0.781250 0.500000
vt 0.781250 0.500000
vt 0.809979 0.500000
vt 0.812500 0.500000
vt 0.750000 0.500000
vt 0.750000 0.500000
vt 0.718750 0.500000
vt 0.718750 0.500000
vt 0.687500 0.500000
vt 0.687500 0.500000
vt 0.689972 0.500000
vt 0.687500 0.500000
vt 0.718750 0.510081
vt 0.687500 0.515433
vt 0.750000 0.510081
vt 0.781250 0.510081
vt 0.813224 0.515094
vt 0.625000 0.510081
vt 0.593750 0.510081
vt 0.906250 0.510081
vt 0.875000 0.510081
vt 0.781250 0.500000
vt 0.750000 0.500000
vt 0.750000 0.500000
vt 0.781250 0.500000
vt 0.656250 0.510081
vt 0.937500 0.510081
vt 0.531250 0.510081
vt 0.843750 0.510081
vt 0.816119 0.500000
vt 0.685164 0.500139
vt 0.968750 0.510081
vt 0.718750 0.500000
vt 0.690289 0.500000
vt 0.688686 0.500000
vt 0.718750 0.500000
vt 0.692168 0.500000
vt 0.718750 0.500000
vt 0.718827 0.500000
vt 0.781173 0.500000
vt 0.781250 0.500000
vt 0.807685 0.500000
vt 0.562500 0.510081
vt 0.750000 0.500000
vt 0.750000 0.500000
vt 0.809632 0.500000
vt 0.811309 0.500000
vt 0.812500 1.000000
vt 0.812500 1.000000
vt 0.781250 1.000000
vt 0.781250 1.000000
vt 0.750000 1.000000
vt 0.750000 1.000000
vt 0.718750 1.000000
vt 0.718750 1.000000
vt 0.687500 1.000000
vt 0.687500 1.000000
vt 0.656250 1.000000
vt 0.656250 1.000000
vt 0.625000 1.000000
vt 0.625000 1.000000
vt 0.593750 1.000000
vt 0.593750 1.000000
vt 0.562500 1.000000
vt 0.562500 1.000000
vt 0.968750 1.000000
vt 0.968750 1.000000
vt 0.531250 1.000000
vt 0.531250 1.000000
vt 0.937500 1.000000
vt 0.937500 1.000000
vt 0.906250 1.000000
vt 0.906250 1.000000
vt 0.875000 1.000000
vt 0.875000 1.000000
vt 0.843750 1.000000
vt 0.843750 1.000000
vt 0.870784 0.500000
vt 0.870784 0.500000
vt 0.900602 0.500000
vt 0.900602 0.500000
vt 0.967927 0.500000
vt 0.936859 0.500000
vt 0.905750 0.500000
vt 0.874627 0.500000
vt 0.843506 0.500000
vt 0.826568 0.500000
vt 0.809548 0.500000
vt 0.781106 0.500000
vt 0.750000 0.500000
vt 0.718893 0.500000
vt 0.690405 0.500000
vt 0.687393 0.500000
vt 0.674474 0.500000
vt 0.656494 0.500000
vt 0.625373 0.500000
vt 0.594250 0.500000
vt 0.563141 0.500000
vt 0.532072 0.500000
vt 0.812607 0.500000
vt 0.805103 0.500000
vt 0.805103 0.500000
vt 0.813708 0.500000
vt 0.813708 0.500000
vt 0.840989 0.500000
vt 0.840989 0.500000
vt 0.826645 0.500000
vt 0.826652 0.500000
vt 0.779627 0.500000
vt 0.779627 0.500000
vt 0.749999 0.500000
vt 0.749999 0.500000
vt 0.720368 0.500000
vt 0.720368 0.500000
vt 0.686287 0.500000
vt 0.686287 0.500000
vt 0.694861 0.500000
vt 0.694861 0.500000
vt 0.659010 0.500000
vt 0.659010 0.500000
vt 0.673995 0.500000
vt 0.673613 0.500000
vt 0.629216 0.500000
vt 0.629216 0.500000
vt 0.599397 0.500000
vt 0.599397 0.500000
vt 0.569737 0.500000
vt 0.569737 0.500000
vt 0.959458 0.500000
vt 0.959458 0.500000
vt 0.540541 0.500000
vt 0.540541 0.500000
vt 0.930263 0.500000
vt 0.930263 0.500000
vt 0.813512 0.500000
vt 0.805895 0.500000
vt 0.720105 0.500000
vt 0.694067 0.500000
vt 0.539032 0.500000
vt 0.568561 0.500000
vt 0.598480 0.500000
vt 0.628531 0.500000
vt 0.658562 0.500000
vt 0.686484 0.500000
vt 0.673704 0.500000
vt 0.750000 0.500000
vt 0.779891 0.500000
vt 0.841438 0.500000
vt 0.826771 0.500000
vt 0.871468 0.500000
vt 0.901520 0.500000
vt 0.931438 0.500000
vt 0.960967 0.500000
vt 0.000000 0.000000
vt 0.000000 0.000000
vt 0.000000 0.000000
vt 0.000000 0.000000
vt 0.000000 0.000000
vt 0.000000 0.000000
vt 0.000000 0.000000
vt 0.000000 0.000000
vt 0.000000 0.000000
vt 0.000000 0.000000
vt 0.000000 0.000000
vt 0.000000 0.000000
vt 0.000000 0.000000
vt 0.000000 0.000000
vt 0.000000 0.000000
vt 0.000000 0.000000
vt 0.000000 0.000000
vt 0.000000 0.000000
vt 0.000000 0.000000
vt 0.000000 0.000000
vt 0.000000 0.000000
vt 0.000000 0.000000
vt 0.000000 0.000000
vt 0.000000 0.000000
vt 0.000000 0.000000
vt 0.000000 0.000000
vt 0.000000 0.000000
vt 0.000000 0.000000
vt 0.000000 0.000000
vt 0.000000 0.000000
vt 0.000000 0.000000
vt 0.000000 0.000000
vt 0.000000 0.000000
vt 0.000000 0.000000
vt 0.000000 0.000000
vt 0.000000 0.000000
vt 0.000000 0.000000
vt 0.000000 0.000000
vt 0.000000 0.000000
vt 0.000000 0.000000
vt 0.000000 0.000000
vt 0.000000 0.000000
vt 0.000000 0.000000
vt 0.000000 0.000000
vt 0.000000 0.000000
vt 0.000000 0.000000
vt 0.000000 0.000000
vt 0.000000 0.000000
vt 0.000000 0.000000
vt 0.000000 0.000000
vt 0.000000 0.000000
vt 0.000000 0.000000
vt 0.000000 0.000000
vt 0.000000 0.000000
vt 0.000000 0.000000
vt 0.000000 0.000000
vt 0.000000 0.000000
vt 0.000000 0.000000
vt 0.000000 0.000000
vt 0.000000 0.000000
vt 0.000000 0.000000
vt 0.000000 0.000000
vt 0.000000 0.000000
vt 0.000000 0.000000
vt 0.000000 0.000000
vt 0.000000 0.000000
vt 0.000000 0.000000
vt 0.000000 0.000000
vt 0.000000 0.000000
vt 0.000000 0.000000
vt 0.000000 0.000000
vt 0.000000 0.000000
vt 0.000000 0.000000
vt 0.000000 0.000000
vt 0.000000 0.000000
vt 0.000000 0.000000
vt 0.000000 0.000000
vt 0.000000 0.000000
vt 0.000000 0.000000
vt 0.000000 0.000000
vt 0.000000 0.000000
vt 0.000000 0.000000
vt 0.000000 0.000000
vt 0.000000 0.000000
vt 0.000000 0.000000
vt 0.000000 0.000000
vt 0.000000 0.000000
vt 0.000000 0.000000
vt 0.000000 0.000000
vt 0.000000 0.000000
vt 0.000000 0.000000
vt 0.000000 0.000000
vt 0.000000 0.000000
vt 0.000000 0.000000
vt 0.000000 0.000000
vt 0.000000 0.000000
vt 0.000000 0.000000
vt 0.000000 0.000000
vt 0.000000 0.000000
vt 0.000000 0.000000
vt 0.000000 0.000000
vt 0.000000 0.000000
vt 0.000000 0.000000
vt 0.000000 0.000000
vt 0.000000 0.000000
vt 0.000000 0.000000
vt 0.000000 0.000000
vt 0.000000 0.000000
vt 0.000000 0.000000
vt 0.000000 0.000000
vt 0.000000 0.000000
vt 0.000000 0.000000
vt 0.000000 0.000000
vt 0.000000 0.000000
vt 0.000000 0.000000
vt 0.000000 0.000000
vt 0.000000 0.000000
vt 0.000000 0.000000
vt 0.000000 0.000000
vt 0.000000 0.000000
vt 0.000000 0.000000
vt 0.000000 0.000000
vt 0.000000 0.000000
vt 0.000000 0.000000
vt 0.000000 0.000000
vt 0.000000 0.000000
vt 0.000000 0.000000
vt 0.000000 0.000000
vt 0.000000 0.000000
vt 0.000000 0.000000
vt 0.000000 0.000000
vt 0.000000 0.000000
vt 0.750000 0.500000
vt 0.781250 0.500000
vt 0.718750 0.500000
vt 0.000000 0.500000
vt 1.000000 0.500000
vt 1.000000 1.000000
vt 0.000000 1.000000
vt 0.000000 0.000000
vt 1.000000 0.000000
vt 1.000000 0.500000
vt 0.152993 0.500000
vt 0.000000 0.201254
vt 0.000000 0.500000
vt 0.039707 0.500000
vt 0.598141 0.700930
vt 1.000000 0.845523
vt 1.000000 1.000000
vt 0.000000 1.000000
vt 0.000000 0.500000
vt 1.000000 0.500000
vt 1.000000 1.000000
vt 0.000000 1.000000
vt 0.000000 0.000000
vt 1.000000 0.000000
vt 0.000000 0.500000
vt 1.000000 0.500000
vt 1.000000 1.000000
vt 0.000000 1.000000
vt 0.000000 0.000000
vt 1.000000 0.000000
vt 0.000000 0.500000
vt 1.000000 0.500000
vt 1.000000 1.000000
vt 0.000000 1.000000
vt 0.000000 0.000000
vt 1.000000 0.000000
vt 0.000000 0.500000
vt 1.000000 0.500000
vt 1.000000 0.817466
vt 0.492692 1.000000
vt 0.000000 1.000000
vt 0.000000 0.000000
vt 1.000000 0.000000
vt 0.000000 0.000000
vt 0.492692 0.000000
vt 0.033134 0.165354
vt 0.000000 0.173119
vt 0.000000 0.500000
vt 1.000000 0.500000
vt 1.000000 1.000000
vt 0.000000 1.000000
vt 0.000000 0.500000
vt 1.000000 0.500000
vt 1.000000 1.000000
vt 0.000000 1.000000
vt 0.000000 0.000000
vt 1.000000 0.000000
vt 0.000000 0.500000
vt 1.000000 0.500000
vt 1.000000 1.000000
vt 0.000000 1.000000
vt 0.000000 0.000000
vt 1.000000 0.000000
vt 0.000000 0.500000
vt 1.000000 0.500000
vt 1.000000 1.000000
vt 0.000000 1.000000
vt 0.000000 0.000000
vt 1.000000 0.000000
vt 0.000000 0.500000
vt 1.000000 0.500000
vt 1.000000 1.000000
vt 0.000000 1.000000
vt 0.000000 0.000000
vt 1.000000 0.000000
vt 0.000000 0.500000
vt 1.000000 0.500000
vt 1.000000 0.803303
vt 0.991320 0.801932
vt 0.000000 0.569623
vt 0.000000 0.000000
vt 1.000000 0.000000
vt 0.000000 0.500000
vt 0.246064 0.500000
vt 1.000000 0.618997
vt 1.000000 1.000000
vt 0.000000 1.000000
vt 0.000000 0.500000
vt 1.000000 0.500000
vt 1.000000 1.000000
vt 0.000000 1.000000
vt 0.000000 0.000000
vt 1.000000 0.000000
vt 0.000000 0.500000
vt 1.000000 0.500000
vt 1.000000 1.000000
vt 0.000000 1.000000
vt 0.000000 0.000000
vt 1.000000 0.000000
vt 0.000000 0.500000
vt 1.000000 0.500000
vt 1.000000 1.000000
vt 0.000000 1.000000
vt 0.000000 0.000000
vt 1.000000 0.000000
vt 0.000000 0.500000
vt 1.000000 0.500000
vt 1.000000 1.000000
vt 0.000000 1.000000
vt 0.000000 0.000000
vt 1.000000 0.000000
vt 0.000000 0.500000
vt 1.000000 0.500000
vt 1.000000 1.000000
vt 0.000000 1.000000
vt 0.000000 0.000000
vt 1.000000 0.000000
vt 0.000000 0.500000
vt 1.000000 0.500000
vt 1.000000 1.000000
vt 0.000000 1.000000
vt 0.000000 0.000000
vt 1.000000 0.000000
vt 0.000000 0.000000
vt 1.000000 0.000000
vt 1.000000 0.043990
vt 0.000000 0.201825
vt 0.000000 0.500000
vt 1.000000 0.500000
vt 1.000000 1.000000
vt 0.000000 1.000000
vt 0.000000 0.500000
vt 1.000000 0.500000
vt 1.000000 1.000000
vt 0.000000 1.000000
vt 0.000000 0.000000
vt 1.000000 0.000000
vt 0.000000 0.500000
vt 1.000000 0.500000
vt 1.000000 1.000000
vt 0.000000 1.000000
vt 0.000000 0.000000
vt 1.000000 0.000000
vt 0.000000 0.500000
vt 1.000000 0.500000
vt 1.000000 1.000000
vt 0.000000 1.000000
vt 0.000000 0.000000
vt 1.000000 0.000000
vt 0.000000 0.500000
vt 1.000000 0.500000
vt 1.000000 1.000000
vt 0.000000 1.000000
vt 0.000000 0.000000
vt 1.000000 0.000000
vt 0.000000 0.500000
vt 1.000000 0.500000
vt 1.000000 1.000000
vt 0.000000 1.000000
vt 0.000000 0.000000
vt 1.000000 0.000000
vt 0.000000 0.500000
vt 1.000000 0.500000
vt 1.000000 1.000000
vt 0.000000 1.000000
vt 0.000000 0.000000
vt 1.000000 0.000000
vt 0.000000 0.000000
vt 1.000000 0.000000
vt 1.000000 0.500000
vt 0.793066 0.500000
vt 0.000000 0.418484
vt 0.000000 0.500000
vt 1.000000 0.500000
vt 1.000000 1.000000
vt 0.000000 1.000000
vt 0.000000 0.000000
vt 1.000000 0.000000
vt 0.000000 0.500000
vt 1.000000 0.500000
vt 1.000000 1.000000
vt 0.000000 1.000000
vt 0.000000 0.000000
vt 1.000000 0.000000
vt 0.000000 0.500000
vt 1.000000 0.500000
vt 1.000000 1.000000
vt 0.000000 1.000000
vt 0.000000 0.000000
vt 1.000000 0.000000
vt 0.000000 0.500000
vt 1.000000 0.500000
vt 1.000000 1.000000
vt 0.000000 1.000000
vt 0.000000 0.000000
vt 1.000000 0.000000
vt 0.000000 0.500000
vt 1.000000 0.500000
vt 1.000000 1.000000
vt 0.000000 1.000000
vt 0.000000 0.000000
vt 1.000000 0.000000
vt 0.000000 0.500000
vt 1.000000 0.500000
vt 1.000000 1.000000
vt 0.000000 1.000000
vt 0.000000 0.000000
vt 1.000000 0.000000
vt 0.000000 0.500000
vt 1.000000 0.500000
vt 1.000000 1.000000
vt 0.000000 1.000000
vt 0.000000 0.000000
vt 1.000000 0.000000
vt 0.000000 0.500000
vt 1.000000 0.500000
vt 1.000000 0.678043
vt 0.664227 0.712560
vt 0.000000 0.751311
vt 0.000000 0.000000
vt 1.000000 0.000000
vt 0.000000 0.500000
vt 1.000000 0.500000
vt 1.000000 1.000000
vt 0.000000 1.000000
vt 0.000000 0.000000
vt 1.000000 0.000000
vt 0.000000 0.500000
vt 1.000000 0.500000
vt 1.000000 1.000000
vt 0.000000 1.000000
vt 0.000000 0.000000
vt 1.000000 0.000000
vt 0.000000 0.500000
vt 1.000000 0.500000
vt 1.000000 1.000000
vt 0.000000 1.000000
vt 0.000000 0.000000
vt 1.000000 0.000000
vt 0.000000 0.500000
vt 1.000000 0.500000
vt 1.000000 1.000000
vt 0.000000 1.000000
vt 0.000000 0.000000
vt 1.000000 0.000000
vt 0.000000 0.500000
vt 1.000000 0.500000
vt 1.000000 1.000000
vt 0.000000 1.000000
vt 0.000000 0.000000
vt 1.000000 0.000000
vt 0.000000 0.500000
vt 1.000000 0.500000
vt 1.000000 1.000000
vt 0.000000 1.000000
vt 0.000000 0.000000
vt 1.000000 0.000000
vt 0.000000 0.500000
vt 1.000000 0.500000
vt 1.000000 1.000000
vt 0.000000 1.000000
vt 0.000000 0.000000
vt 1.000000 0.000000
vt 0.000000 0.500000
vt 1.000000 0.500000
vt 1.000000 0.908361
vt 0.000000 0.850021
vt 0.000000 0.000000
vt 1.000000 0.000000
vt 0.000000 0.500000
vt 1.000000 0.500000
vt 1.000000 1.000000
vt 0.000000 1.000000
vt 0.000000 0.000000
vt 1.000000 0.000000
vt 0.000000 0.500000
vt 1.000000 0.500000
vt 1.000000 1.000000
vt 0.000000 1.000000
vt 0.000000 0.000000
vt 1.000000 0.000000
vt 0.000000 0.500000
vt 1.000000 0.500000
vt 1.000000 1.000000
vt 0.000000 1.000000
vt 0.000000 0.000000
vt 1.000000 0.000000
vt 0.000000 0.500000
vt 1.000000 0.500000
vt 1.000000 1.000000
vt 0.000000 1.000000
vt 0.000000 0.000000
vt 1.000000 0.000000
vt 0.000000 0.500000
vt 1.000000 0.500000
vt 1.000000 1.000000
vt 0.000000 1.000000
vt 0.000000 0.000000
vt 1.000000 0.000000
vt 0.000000 0.500000
vt 1.000000 0.500000
vt 1.000000 1.000000
vt 0.000000 1.000000
vt 0.000000 0.000000
vt 1.000000 0.000000
vt 0.000000 0.500000
vt 1.000000 0.500000
vt 1.000000 1.000000
vt 0.000000 1.000000
vt 0.000000 0.000000
vt 1.000000 0.000000
vt 0.000000 0.500000
vt 1.000000 0.500000
vt 1.000000 0.966454
vt 0.000000 0.985396
vt 0.000000 0.000000
vt 1.000000 0.000000
vt 0.000000 0.500000
vt 1.000000 0.500000
vt 1.000000 1.000000
vt 0.000000 1.000000
vt 0.000000 0.000000
vt 1.000000 0.000000
vt 0.000000 0.500000
vt 1.000000 0.500000
vt 1.000000 1.000000
vt 0.000000 1.000000
vt 0.000000 0.000000
vt 1.000000 0.000000
vt 0.000000 0.500000
vt 1.000000 0.500000
vt 1.000000 1.000000
vt 0.000000 1.000000
vt 0.000000 0.000000
vt 1.000000 0.000000
vt 0.000000 0.500000
vt 1.000000 0.500000
vt 1.000000 1.000000
vt 0.000000 1.000000
vt 0.000000 0.000000
vt 1.000000 0.000000
vt 0.000000 0.500000
vt 1.000000 0.500000
vt 1.000000 1.000000
vt 0.000000 1.000000
vt 0.000000 0.000000
vt 1.000000 0.000000
vt 0.000000 0.500000
vt 1.000000 0.500000
vt 1.000000 1.000000
vt 0.000000 1.000000
vt 0.000000 0.000000
vt 1.000000 0.000000
vt 0.000000 0.500000
vt 1.000000 0.500000
vt 1.000000 1.000000
vt 0.000000 1.000000
vt 0.000000 0.000000
vt 1.000000 0.000000
vt 0.000000 0.500000
vt 1.000000 0.500000
vt 1.000000 1.000000
vt 0.000000 1.000000
vt 0.000000 0.000000
vt 1.000000 0.000000
vt 0.000000 0.000000
vt 1.000000 0.000000
vt 1.000000 0.028271
vt 0.785751 0.032329
vt 0.000000 0.017445
vt 0.000000 0.500000
vt 1.000000 0.500000
vt 1.000000 1.000000
vt 0.000000 1.000000
vt 0.000000 0.000000
vt 1.000000 0.000000
vt 0.000000 0.500000
vt 1.000000 0.500000
vt 1.000000 1.000000
vt 0.000000 1.000000
vt 0.000000 0.000000
vt 1.000000 0.000000
vt 0.000000 0.500000
vt 1.000000 0.500000
vt 1.000000 1.000000
vt 0.000000 1.000000
vt 0.000000 0.000000
vt 1.000000 0.000000
vt 0.000000 0.500000
vt 1.000000 0.500000
vt 1.000000 1.000000
vt 0.000000 1.000000
vt 0.000000 0.000000
vt 1.000000 0.000000
vt 0.000000 0.500000
vt 1.000000 0.500000
vt 1.000000 1.000000
vt 0.000000 1.000000
vt 0.000000 0.000000
vt 1.000000 0.000000
vt 0.000000 0.500000
vt 1.000000 0.500000
vt 1.000000 1.000000
vt 0.000000 1.000000
vt 0.000000 0.000000
vt 1.000000 0.000000
vt 0.000000 0.500000
vt 1.000000 0.500000
vt 1.000000 1.000000
vt 0.000000 1.000000
vt 0.000000 0.000000
vt 1.000000 0.000000
vt 0.000000 0.500000
vt 1.000000 0.500000
vt 1.000000 0.999386
vt 0.000000 0.980444
vt 0.000000 0.000000
vt 1.000000 0.000000
vt 0.000000 0.500000
vt 1.000000 0.500000
vt 1.000000 1.000000
vt 0.000000 1.000000
vt 0.000000 0.000000
vt 1.000000 0.000000
vt 0.000000 0.500000
vt 1.000000 0.500000
vt 1.000000 1.000000
vt 0.000000 1.000000
vt 0.000000 0.000000
vt 1.000000 0.000000
vt 0.000000 0.500000
vt 1.000000 0.500000
vt 1.000000 1.000000
vt 0.000000 1.000000
vt 0.000000 0.000000
vt 1.000000 0.000000
vt 0.000000 0.500000
vt 1.000000 0.500000
vt 1.000000 1.000000
vt 0.000000 1.000000
vt 0.000000 0.000000
vt 1.000000 0.000000
vt 0.000000 0.500000
vt 1.000000 0.500000
vt 1.000000 1.000000
vt 0.000000 1.000000
vt 0.000000 0.000000
vt 1.000000 0.000000
vt 0.000000 0.500000
vt 1.000000 0.500000
vt 1.000000 1.000000
vt 0.000000 1.000000
vt 0.000000 0.000000
vt 1.000000 0.000000
vt 0.000000 0.500000
vt 1.000000 0.500000
vt 1.000000 1.000000
vt 0.000000 1.000000
vt 0.000000 0.000000
vt 1.000000 0.000000
vt 0.000000 0.500000
vt 1.000000 0.500000
vt 1.000000 0.883362
vt 0.000000 0.941702
vt 0.000000 0.000000
vt 1.000000 0.000000
vt 0.000000 0.500000
vt 1.000000 0.500000
vt 1.000000 1.000000
vt 0.000000 1.000000
vt 0.000000 0.000000
vt 1.000000 0.000000
vt 0.000000 0.500000
vt 1.000000 0.500000
vt 1.000000 1.000000
vt 0.000000 1.000000
vt 0.000000 0.000000
vt 1.000000 0.000000
vt 0.000000 0.500000
vt 1.000000 0.500000
vt 1.000000 1.000000
vt 0.000000 1.000000
vt 0.000000 0.000000
vt 1.000000 0.000000
vt 0.000000 0.500000
vt 1.000000 0.500000
vt 1.000000 1.000000
vt 0.000000 1.000000
vt 0.000000 0.000000
vt 1.000000 0.000000
vt 0.000000 0.500000
vt 1.000000 0.500000
vt 1.000000 1.000000
vt 0.000000 1.000000
vt 0.000000 0.000000
vt 1.000000 0.000000
vt 0.000000 0.500000
vt 1.000000 0.500000
vt 1.000000 1.000000
vt 0.000000 1.000000
vt 0.000000 0.000000
vt 1.000000 0.000000
vt 0.000000 0.500000
vt 1.000000 0.500000
vt 1.000000 1.000000
vt 0.000000 1.000000
vt 0.000000 0.000000
vt 1.000000 0.000000
vt 0.000000 0.500000
vt 1.000000 0.500000
vt 1.000000 0.794398
vt 0.000000 0.736057
vt 0.000000 0.000000
vt 1.000000 0.000000
vt 0.000000 0.500000
vt 1.000000 0.500000
vt 1.000000 1.000000
vt 0.000000 1.000000
vt 0.000000 0.500000
vt 1.000000 0.500000
vt 1.000000 1.000000
vt 0.000000 1.000000
vt 0.000000 0.000000
vt 1.000000 0.000000
vt 0.000000 0.500000
vt 1.000000 0.500000
vt 1.000000 1.000000
vt 0.000000 1.000000
vt 0.000000 0.000000
vt 1.000000 0.000000
vt 0.000000 0.500000
vt 1.000000 0.500000
vt 1.000000 1.000000
vt 0.000000 1.000000
vt 0.000000 0.000000
vt 1.000000 0.000000
vt 0.000000 0.500000
vt 1.000000 0.500000
vt 1.000000 1.000000
vt 0.000000 1.000000
vt 0.000000 0.000000
vt 1.000000 0.000000
vt 0.000000 0.500000
vt 1.000000 0.500000
vt 1.000000 1.000000
vt 0.000000 1.000000
vt 0.000000 0.000000
vt 1.000000 0.000000
vt 0.000000 0.500000
vt 1.000000 0.500000
vt 1.000000 1.000000
vt 0.000000 1.000000
vt 0.000000 0.000000
vt 1.000000 0.000000
vt 0.000000 0.500000
vt 0.778537 0.500000
vt 0.000000 0.580031
vt 0.000000 0.000000
vt 1.000000 0.000000
vt 1.000000 0.477234
vt 0.000000 0.500000
vt 1.000000 0.500000
vt 1.000000 1.000000
vt 0.000000 1.000000
vt 0.000000 0.000000
vt 1.000000 0.000000
vt 0.000000 0.500000
vt 1.000000 0.500000
vt 1.000000 1.000000
vt 0.000000 1.000000
vt 0.000000 0.000000
vt 1.000000 0.000000
vt 0.000000 0.500000
vt 1.000000 0.500000
vt 1.000000 1.000000
vt 0.000000 1.000000
vt 0.000000 0.000000
vt 1.000000 0.000000
vt 0.000000 0.500000
vt 1.000000 0.500000
vt 1.000000 1.000000
vt 0.000000 1.000000
vt 0.000000 0.000000
vt 1.000000 0.000000
vt 0.000000 0.500000
vt 1.000000 0.500000
vt 1.000000 1.000000
vt 0.000000 1.000000
vt 0.000000 0.000000
vt 1.000000 0.000000
vt 0.000000 0.500000
vt 1.000000 0.500000
vt 1.000000 1.000000
vt 0.000000 1.000000
vt 0.000000 0.000000
vt 1.000000 0.000000
vt 0.000000 0.000000
vt 1.000000 0.000000
vt 1.000000 0.318392
vt 0.516002 0.242001
vt 0.000000 0.160557
vt 0.000000 0.500000
vt 1.000000 0.500000
vt 1.000000 1.000000
vt 0.000000 1.000000
vt 0.000000 0.000000
vt 1.000000 0.000000
vt 0.000000 0.500000
vt 1.000000 0.500000
vt 1.000000 1.000000
vt 0.000000 1.000000
vt 0.000000 0.000000
vt 1.000000 0.000000
vt 0.000000 0.500000
vt 1.000000 0.500000
vt 1.000000 1.000000
vt 0.000000 1.000000
vt 0.000000 0.000000
vt 1.000000 0.000000
vt 0.000000 0.500000
vt 1.000000 0.500000
vt 1.000000 1.000000
vt 0.000000 1.000000
vt 0.000000 0.000000
vt 1.000000 0.000000
vt 0.000000 0.500000
vt 1.000000 0.500000
vt 1.000000 1.000000
vt 0.000000 1.000000
vt 0.000000 0.000000
vt 1.000000 0.000000
vt 0.000000 0.500000
vt 1.000000 0.500000
vt 1.000000 0.703551
vt 0.580166 0.801937
vt 0.000000 0.893507
vt 0.000000 0.000000
vt 1.000000 0.000000
vt 0.000000 0.500000
vt 1.000000 0.500000
vt 1.000000 1.000000
vt 0.000000 1.000000
vt 0.000000 0.000000
vt 1.000000 0.000000
vt 0.000000 0.500000
vt 1.000000 0.500000
vt 1.000000 1.000000
vt 0.000000 1.000000
vt 0.000000 0.000000
vt 1.000000 0.000000
vt 0.000000 0.500000
vt 1.000000 0.500000
vt 1.000000 1.000000
vt 0.000000 1.000000
vt 0.000000 0.000000
vt 1.000000 0.000000
vt 0.000000 0.500000
vt 1.000000 0.500000
vt 1.000000 1.000000
vt 0.000000 1.000000
vt 0.000000 0.000000
vt 1.000000 0.000000
vt 0.000000 0.000000
vt 1.000000 0.000000
vt 1.000000 0.346191
vt 0.228343 0.165358
vt 0.000000 0.083198
vt 0.000000 0.500000
vt 0.533670 0.500000
vt 1.000000 0.795655
vt 1.000000 1.000000
vt 0.000000 1.000000
vt 0.000000 0.500000
vt 1.000000 0.500000
vt 1.000000 1.000000
vt 0.000000 1.000000
vt 0.000000 0.000000
vt 1.000000 0.000000
vt 0.000000 0.500000
vt 1.000000 0.500000
vt 1.000000 0.867336
vt 0.790750 1.000000
vt 0.000000 1.000000
vt 0.000000 0.000000
vt 1.000000 0.000000
vt 0.000000 0.000000
vt 0.790750 0.000000
vt 0.098179 0.439089
vt 0.000000 0.474414
vt 0.000000 0.500000
vt 1.000000 0.500000
vt 1.000000 1.000000
vt 0.000000 1.000000
vt 0.000000 0.000000
vt 1.000000 0.000000
vt 0.000000 0.500000
vt 1.000000 0.500000
vt 1.000000 1.000000
vt 0.000000 1.000000
vt 0.000000 0.000000
vt 1.000000 0.000000
vt 0.000000 0.500000
vt 1.000000 0.500000
vt 1.000000 0.954589
vt 0.224346 0.675501
vt 0.000000 0.533266
vt 0.000000 0.000000
vt 1.000000 0.000000
vt 0.000000 0.500000
vt 0.319712 0.500000
vt 1.000000 0.659422
vt 1.000000 1.000000
vt 0.000000 1.000000
vt 0.000000 0.500000
vt 1.000000 0.500000
vt 1.000000 1.000000
vt 0.000000 1.000000
vt 0.000000 0.000000
vt 1.000000 0.000000
vt 0.000000 0.500000
vt 1.000000 0.500000
vt 1.000000 1.000000
vt 0.000000 1.000000
vt 0.000000 0.000000
vt 1.000000 0.000000
vt 0.000000 0.500000
vt 1.000000 0.500000
vt 1.000000 1.000000
vt 0.000000 1.000000
vt 0.000000 0.000000
vt 1.000000 0.000000
vt 0.000000 0.500000
vt 1.000000 0.500000
vt 1.000000 1.000000
vt 0.000000 1.000000
vt 0.000000 0.000000
vt 1.000000 0.000000
vt 0.000000 0.500000
vt 0.899279 0.500000
vt 0.000000 0.710742
vt 0.000000 0.000000
vt 1.000000 0.000000
vt 1.000000 0.476397
vt 0.000000 0.500000
vt 1.000000 0.500000
vt 1.000000 1.000000
vt 0.000000 1.000000
vt 0.000000 0.500000
vt 1.000000 0.500000
vt 1.000000 1.000000
vt 0.000000 1.000000
vt 0.000000 0.000000
vt 1.000000 0.000000
vt 0.000000 0.500000
vt 1.000000 0.500000
vt 1.000000 1.000000
vt 0.000000 1.000000
vt 0.000000 0.000000
vt 1.000000 0.000000
vt 0.000000 0.500000
vt 1.000000 0.500000
vt 1.000000 1.000000
vt 0.000000 1.000000
vt 0.000000 0.000000
vt 1.000000 0.000000
vt 0.000000 0.500000
vt 1.000000 0.500000
vt 1.000000 1.000000
vt 0.000000 1.000000
vt 0.000000 0.000000
vt 1.000000 0.000000
vt 0.000000 0.500000
vt 1.000000 0.500000
vt 1.000000 1.000000
vt 0.000000 1.000000
vt 0.000000 0.000000
vt 1.000000 0.000000
vt 0.000000 0.000000
vt 1.000000 0.000000
vt 1.000000 0.232944
vt 0.000000 0.075109
vt 0.000000 0.500000
vt 1.000000 0.500000
vt 1.000000 1.000000
vt 0.000000 1.000000
vt 0.000000 0.000000
vt 1.000000 0.000000
vt 0.000000 0.500000
vt 1.000000 0.500000
vt 1.000000 1.000000
vt 0.000000 1.000000
vt 0.000000 0.000000
vt 1.000000 0.000000
vt 0.000000 0.500000
vt 1.000000 0.500000
vt 1.000000 1.000000
vt 0.000000 1.000000
vt 0.000000 0.000000
vt 1.000000 0.000000
vt 0.000000 0.500000
vt 1.000000 0.500000
vt 1.000000 1.000000
vt 0.000000 1.000000
vt 0.000000 0.000000
vt 1.000000 0.000000
vt 0.000000 0.500000
vt 1.000000 0.500000
vt 1.000000 1.000000
vt 0.000000 1.000000
vt 0.000000 0.000000
vt 1.000000 0.000000
vt 0.000000 0.500000
vt 1.000000 0.500000
vt 1.000000 1.000000
vt 0.000000 1.000000
vt 0.000000 0.000000
vt 1.000000 0.000000
vt 0.000000 0.500000
vt 0.869268 0.500000
vt 0.484191 0.560779
vt 0.000000 0.610552
vt 0.000000 0.000000
vt 1.000000 0.000000
vt 1.000000 0.479366
vt 0.000000 0.500000
vt 1.000000 0.500000
vt 1.000000 1.000000
vt 0.000000 1.000000
vt 0.000000 0.500000
vt 1.000000 0.500000
vt 1.000000 1.000000
vt 0.000000 1.000000
vt 0.000000 0.000000
vt 1.000000 0.000000
vt 0.000000 0.500000
vt 1.000000 0.500000
vt 1.000000 1.000000
vt 0.000000 1.000000
vt 0.000000 0.000000
vt 1.000000 0.000000
vt 0.000000 0.500000
vt 1.000000 0.500000
vt 1.000000 1.000000
vt 0.000000 1.000000
vt 0.000000 0.000000
vt 1.000000 0.000000
vt 0.000000 0.500000
vt 1.000000 0.500000
vt 1.000000 1.000000
vt 0.000000 1.000000
vt 0.000000 0.000000
vt 1.000000 0.000000
vt 0.000000 0.500000
vt 1.000000 0.500000
vt 1.000000 1.000000
vt 0.000000 1.000000
vt 0.000000 0.000000
vt 1.000000 0.000000
vt 0.000000 0.500000
vt 1.000000 0.500000
vt 1.000000 1.000000
vt 0.000000 1.000000
vt 0.000000 0.000000
vt 1.000000 0.000000
vt 0.000000 0.500000
vt 1.000000 0.500000
vt 1.000000 0.881000
vt 0.000000 0.778202
vt 0.000000 0.000000
vt 1.000000 0.000000
vt 0.000000 0.500000
vt 1.000000 0.500000
vt 1.000000 1.000000
vt 0.000000 1.000000
vt 0.000000 0.500000
vt 1.000000 0.500000
vt 1.000000 1.000000
vt 0.000000 1.000000
vt 0.000000 0.000000
vt 1.000000 0.000000
vt 0.000000 0.500000
vt 1.000000 0.500000
vt 1.000000 1.000000
vt 0.000000 1.000000
vt 0.000000 0.000000
vt 1.000000 0.000000
vt 0.000000 0.500000
vt 1.000000 0.500000
vt 1.000000 1.000000
vt 0.000000 1.000000
vt 0.000000 0.000000
vt 1.000000 0.000000
vt 0.000000 0.500000
vt 1.000000 0.500000
vt 1.000000 1.000000
vt 0.000000 1.000000
vt 0.000000 0.000000
vt 1.000000 0.000000
vt 0.000000 0.500000
vt 1.000000 0.500000
vt 1.000000 1.000000
vt 0.000000 1.000000
vt 0.000000 0.000000
vt 1.000000 0.000000
vt 0.000000 0.500000
vt 1.000000 0.500000
vt 1.000000 1.000000
vt 0.000000 1.000000
vt 0.000000 0.000000
vt 1.000000 0.000000
vt 0.000000 0.500000
vt 1.000000 0.500000
vt 1.000000 1.000000
vt 0.000000 1.000000
vt 0.000000 0.000000
vt 1.000000 0.000000
vt 0.000000 0.000000
vt 1.000000 0.000000
vt 1.000000 0.001483
vt 0.000000 0.059823
vt 0.000000 0.500000
vt 1.000000 0.500000
vt 1.000000 1.000000
vt 0.000000 1.000000
vt 0.000000 0.000000
vt 1.000000 0.000000
vt 0.000000 0.500000
vt 1.000000 0.500000
vt 1.000000 1.000000
vt 0.000000 1.000000
vt 0.000000 0.000000
vt 1.000000 0.000000
vt 0.000000 0.500000
vt 1.000000 0.500000
vt 1.000000 1.000000
vt 0.000000 1.000000
vt 0.000000 0.000000
vt 1.000000 0.000000
vt 0.000000 0.500000
vt 1.000000 0.500000
vt 1.000000 1.000000
vt 0.000000 1.000000
vt 0.000000 0.000000
vt 1.000000 0.000000
vt 0.000000 0.500000
vt 1.000000 0.500000
vt 1.000000 1.000000
vt 0.000000 1.000000
vt 0.000000 0.000000
vt 1.000000 0.000000
vt 0.000000 0.500000
vt 1.000000 0.500000
vt 1.000000 1.000000
vt 0.000000 1.000000
vt 0.000000 0.000000
vt 1.000000 0.000000
vt 0.000000 0.500000
vt 1.000000 0.500000
vt 1.000000 1.000000
vt 0.000000 1.000000
vt 0.000000 0.000000
vt 1.000000 0.000000
vt 0.000000 0.500000
vt 1.000000 0.500000
vt 1.000000 1.000000
vt 0.000000 1.000000
vt 0.000000 0.000000
vt 1.000000 0.000000
vt 0.000000 0.000000
vt 1.000000 0.000000
vt 1.000000 0.196235
vt 0.566662 0.188028
vt 0.000000 0.154968
vt 0.000000 0.500000
vt 1.000000 0.500000
vt 1.000000 1.000000
vt 0.000000 1.000000
vt 0.000000 0.000000
vt 1.000000 0.000000
vt 0.000000 0.500000
vt 1.000000 0.500000
vt 1.000000 1.000000
vt 0.000000 1.000000
vt 0.000000 0.000000
vt 1.000000 0.000000
vt 0.000000 0.500000
vt 1.000000 0.500000
vt 1.000000 1.000000
vt 0.000000 1.000000
vt 0.000000 0.000000
vt 1.000000 0.000000
vt 0.000000 0.500000
vt 1.000000 0.500000
vt 1.000000 1.000000
vt 0.000000 1.000000
vt 0.000000 0.000000
vt 1.000000 0.000000
vt 0.000000 0.500000
vt 1.000000 0.500000
vt 1.000000 1.000000
vt 0.000000 1.000000
vt 0.000000 0.000000
vt 1.000000 0.000000
vt 0.000000 0.500000
vt 1.000000 0.500000
vt 1.000000 1.000000
vt 0.000000 1.000000
vt 0.000000 0.000000
vt 1.000000 0.000000
vt 0.000000 0.500000
vt 1.000000 0.500000
vt 1.000000 1.000000
vt 0.000000 1.000000
vt 0.000000 0.000000
vt 1.000000 0.000000
vt 0.000000 0.500000
vt 1.000000 0.500000
vt 1.000000 1.000000
vt 0.000000 1.000000
vt 0.000000 0.000000
vt 1.000000 0.000000
vt 0.000000 0.000000
vt 1.000000 0.000000
vt 1.000000 0.225809
vt 0.000000 0.244751
vt 0.000000 0.500000
vt 1.000000 0.500000
vt 1.000000 1.000000
vt 0.000000 1.000000
vt 0.000000 0.000000
vt 1.000000 0.000000
vt 0.000000 0.500000
vt 1.000000 0.500000
vt 1.000000 1.000000
vt 0.000000 1.000000
vt 0.000000 0.000000
vt 1.000000 0.000000
vt 0.000000 0.500000
vt 1.000000 0.500000
vt 1.000000 1.000000
vt 0.000000 1.000000
vt 0.000000 0.000000
vt 1.000000 0.000000
vt 0.000000 0.500000
vt 1.000000 0.500000
vt 1.000000 1.000000
vt 0.000000 1.000000
vt 0.000000 0.000000
vt 1.000000 0.000000
vt 0.000000 0.500000
vt 1.000000 0.500000
vt 1.000000 1.000000
vt 0.000000 1.000000
vt 0.000000 0.000000
vt 1.000000 0.000000
vt 0.000000 0.500000
vt 1.000000 0.500000
vt 1.000000 1.000000
vt 0.000000 1.000000
vt 0.000000 0.000000
vt 1.000000 0.000000
vt 0.000000 0.500000
vt 1.000000 0.500000
vt 1.000000 1.000000
vt 0.000000 1.000000
vt 0.000000 0.000000
vt 1.000000 0.000000
vt 0.000000 0.500000
vt 1.000000 0.500000
vt 1.000000 1.000000
vt 0.000000 1.000000
vt 0.000000 0.000000
vt 1.000000 0.000000
vt 0.000000 0.000000
vt 1.000000 0.000000
vt 1.000000 0.242905
vt 0.000000 0.261846
vt 0.000000 0.500000
vt 1.000000 0.500000
vt 1.000000 1.000000
vt 0.000000 1.000000
vt 0.000000 0.000000
vt 1.000000 0.000000
vt 0.000000 0.500000
vt 1.000000 0.500000
vt 1.000000 1.000000
vt 0.000000 1.000000
vt 0.000000 0.000000
vt 1.000000 0.000000
vt 0.000000 0.500000
vt 1.000000 0.500000
vt 1.000000 1.000000
vt 0.000000 1.000000
vt 0.000000 0.000000
vt 1.000000 0.000000
vt 0.000000 0.500000
vt 1.000000 0.500000
vt 1.000000 1.000000
vt 0.000000 1.000000
vt 0.000000 0.000000
vt 1.000000 0.000000
vt 0.000000 0.500000
vt 1.000000 0.500000
vt 1.000000 1.000000
vt 0.000000 1.000000
vt 0.000000 0.000000
vt 1.000000 0.000000
vt 0.000000 0.500000
vt 1.000000 0.500000
vt 1.000000 1.000000
vt 0.000000 1.000000
vt 0.000000 0.000000
vt 1.000000 0.000000
vt 0.000000 0.500000
vt 1.000000 0.500000
vt 1.000000 1.000000
vt 0.000000 1.000000
vt 0.000000 0.000000
vt 1.000000 0.000000
vt 0.000000 0.500000
vt 1.000000 0.500000
vt 1.000000 1.000000
vt 0.000000 1.000000
vt 0.000000 0.000000
vt 1.000000 0.000000
vt 0.000000 0.000000
vt 1.000000 0.000000
vt 1.000000 0.213331
vt 0.000000 0.194388
vt 0.000000 0.500000
vt 1.000000 0.500000
vt 1.000000 1.000000
vt 0.000000 1.000000
vt 0.000000 0.500000
vt 1.000000 0.500000
vt 1.000000 1.000000
vt 0.000000 1.000000
vt 0.000000 0.000000
vt 1.000000 0.000000
vt 0.000000 0.500000
vt 1.000000 0.500000
vt 1.000000 1.000000
vt 0.000000 1.000000
vt 0.000000 0.000000
vt 1.000000 0.000000
vt 0.000000 0.500000
vt 1.000000 0.500000
vt 1.000000 1.000000
vt 0.000000 1.000000
vt 0.000000 0.000000
vt 1.000000 0.000000
vt 0.000000 0.500000
vt 1.000000 0.500000
vt 1.000000 1.000000
vt 0.000000 1.000000
vt 0.000000 0.000000
vt 1.000000 0.000000
vt 0.000000 0.500000
vt 1.000000 0.500000
vt 1.000000 1.000000
vt 0.000000 1.000000
vt 0.000000 0.000000
vt 1.000000 0.000000
vt 0.000000 0.500000
vt 1.000000 0.500000
vt 1.000000 1.000000
vt 0.000000 1.000000
vt 0.000000 0.000000
vt 1.000000 0.000000
vt 0.000000 0.500000
vt 1.000000 0.500000
vt 1.000000 1.000000
vt 0.000000 1.000000
vt 0.000000 0.000000
vt 1.000000 0.000000
vt 0.000000 0.000000
vt 1.000000 0.000000
vt 1.000000 0.054133
vt 0.000000 0.112474
vt 0.000000 0.500000
vt 1.000000 0.500000
vt 1.000000 1.000000
vt 0.000000 1.000000
vt 0.000000 0.500000
vt 1.000000 0.500000
vt 1.000000 1.000000
vt 0.000000 1.000000
vt 0.000000 0.000000
vt 1.000000 0.000000
vt 0.000000 0.500000
vt 1.000000 0.500000
vt 1.000000 1.000000
vt 0.000000 1.000000
vt 0.000000 0.000000
vt 1.000000 0.000000
vt 0.000000 0.500000
vt 1.000000 0.500000
vt 1.000000 1.000000
vt 0.000000 1.000000
vt 0.000000 0.000000
vt 1.000000 0.000000
vt 0.000000 0.500000
vt 1.000000 0.500000
vt 1.000000 1.000000
vt 0.000000 1.000000
vt 0.000000 0.000000
vt 1.000000 0.000000
vt 0.000000 0.500000
vt 1.000000 0.500000
vt 1.000000 1.000000
vt 0.000000 1.000000
vt 0.000000 0.000000
vt 1.000000 0.000000
vt 0.000000 0.500000
vt 1.000000 0.500000
vt 1.000000 1.000000
vt 0.000000 1.000000
vt 0.000000 0.000000
vt 1.000000 0.000000
vt 0.000000 0.500000
vt 1.000000 0.500000
vt 1.000000 0.963048
vt 0.758752 0.948973
vt 0.000000 0.870975
vt 0.000000 0.000000
vt 1.000000 0.000000
vt 0.000000 0.500000
vt 0.656685 0.500000
vt 1.000000 0.535292
vt 1.000000 1.000000
vt 0.000000 1.000000
vt 0.000000 0.500000
vt 1.000000 0.500000
vt 1.000000 1.000000
vt 0.000000 1.000000
vt 0.000000 0.000000
vt 1.000000 0.000000
vt 0.000000 0.500000
vt 1.000000 0.500000
vt 1.000000 1.000000
vt 0.000000 1.000000
vt 0.000000 0.000000
vt 1.000000 0.000000
vt 0.000000 0.500000
vt 1.000000 0.500000
vt 1.000000 1.000000
vt 0.000000 1.000000
vt 0.000000 0.000000
vt 1.000000 0.000000
vt 0.000000 0.500000
vt 1.000000 0.500000
vt 1.000000 1.000000
vt 0.000000 1.000000
vt 0.000000 0.000000
vt 1.000000 0.000000
vt 0.000000 0.500000
vt 1.000000 0.500000
vt 1.000000 1.000000
vt 0.000000 1.000000
vt 0.000000 0.000000
vt 1.000000 0.000000
vt 0.000000 0.500000
vt 1.000000 0.500000
vt 1.000000 1.000000
vt 0.000000 1.000000
vt 0.000000 0.000000
vt 1.000000 0.000000
vt 0.000000 0.500000
vt 1.000000 0.500000
vt 1.000000 0.600525
vt 0.000000 0.703324
vt 0.000000 0.000000
vt 1.000000 0.000000
vt 0.000000 0.500000
vt 1.000000 0.500000
vt 1.000000 1.000000
vt 0.000000 1.000000
vt 0.000000 0.000000
vt 1.000000 0.000000
vt 0.000000 0.500000
vt 1.000000 0.500000
vt 1.000000 1.000000
vt 0.000000 1.000000
vt 0.000000 0.000000
vt 1.000000 0.000000
vt 0.000000 0.500000
vt 1.000000 0.500000
vt 1.000000 1.000000
vt 0.000000 1.000000
vt 0.000000 0.000000
vt 1.000000 0.000000
vt 0.000000 0.500000
vt 1.000000 0.500000
vt 1.000000 1.000000
vt 0.000000 1.000000
vt 0.000000 0.000000
vt 1.000000 0.000000
vt 0.000000 0.500000
vt 1.000000 0.500000
vt 1.000000 1.000000
vt 0.000000 1.000000
vt 0.000000 0.000000
vt 1.000000 0.000000
vt 0.000000 0.500000
vt 1.000000 0.500000
vt 1.000000 1.000000
vt 0.000000 1.000000
vt 0.000000 0.000000
vt 1.000000 0.000000
vt 0.000000 0.000000
vt 1.000000 0.000000
vt 1.000000 0.375383
vt 0.000000 0.217548
vt 0.000000 0.500000
vt 1.000000 0.500000
vt 1.000000 1.000000
vt 0.000000 1.000000
vt 0.000000 0.500000
vt 1.000000 0.500000
vt 1.000000 1.000000
vt 0.000000 1.000000
vt 0.000000 0.000000
vt 1.000000 0.000000
vt 0.000000 0.500000
vt 1.000000 0.500000
vt 1.000000 1.000000
vt 0.000000 1.000000
vt 0.000000 0.000000
vt 1.000000 0.000000
vt 0.000000 0.500000
vt 1.000000 0.500000
vt 1.000000 1.000000
vt 0.000000 1.000000
vt 0.000000 0.000000
vt 1.000000 0.000000
vt 0.000000 0.500000
vt 1.000000 0.500000
vt 1.000000 1.000000
vt 0.000000 1.000000
vt 0.000000 0.000000
vt 1.000000 0.000000
vt 0.000000 0.500000
vt 1.000000 0.500000
vt 1.000000 0.687886
vt 0.000000 0.922231
vt 0.000000 0.000000
vt 1.000000 0.000000
vt 0.000000 0.500000
vt 1.000000 0.500000
vt 1.000000 1.000000
vt 0.000000 1.000000
vt 0.000000 0.500000
vt 1.000000 0.500000
vt 1.000000 1.000000
vt 0.000000 1.000000
vt 0.000000 0.000000
vt 1.000000 0.000000
vt 0.000000 0.500000
vt 1.000000 0.500000
vt 1.000000 1.000000
vt 0.000000 1.000000
vt 0.000000 0.000000
vt 1.000000 0.000000
vt 0.000000 0.500000
vt 1.000000 0.500000
vt 1.000000 1.000000
vt 0.223746 1.000000
vt 0.000000 0.919495
vt 0.000000 0.000000
vt 1.000000 0.000000
vt 0.000000 0.500000
vt 0.419106 0.500000
vt 0.537523 0.731238
vt 0.675160 1.000000
vt 0.000000 1.000000
vt 0.000000 0.500000
vt 0.488658 0.500000
vt 0.290241 0.887445
vt 0.112715 1.000000
vt 0.000000 1.000000
vt 0.000000 0.000000
vt 0.675160 0.000000
vt 0.709938 0.067909
vt 0.000000 0.000000
vt 0.112715 0.000000
vt 0.000000 0.071461
vt 0.000000 0.244503
vt 1.000000 0.141705
vt 0.000000 0.093366
vt 0.398410 0.000000
vt 1.000000 0.000000
vt 0.000000 0.489870
vt 0.033134 0.497635
vt 0.000000 0.461732
vt 0.047724 0.368542
vt 0.230340 0.011952
vt 0.249191 0.000000
vt 1.000000 0.000000
vt 0.161754 0.500000
vt 0.224342 0.460319
vt 1.000000 0.181230
vt 1.000000 0.500000
vt 0.000000 0.980850
vt 0.566648 0.947792
vt 1.000000 0.939583
vt 1.000000 1.000000
vt 0.000000 1.000000
vt 0.000000 0.873972
vt 1.000000 0.892914
vt 1.000000 1.000000
vt 0.000000 1.000000
vt 0.000000 0.525267
vt 0.484205 0.575042
vt 0.762170 0.618915
vt 1.000000 0.656452
vt 1.000000 1.000000
vt 0.000000 1.000000
vt 0.015399 0.500000
vt 1.000000 0.344596
vt 1.000000 0.500000
vt 0.000000 0.677592
vt 1.000000 0.696534
vt 1.000000 1.000000
vt 0.000000 1.000000
vt 0.000000 0.645543
vt 0.785759 0.630659
vt 1.000000 0.634717
vt 1.000000 1.000000
vt 0.000000 1.000000
vt 0.000000 0.502430
vt 1.000000 1.000000
vt 0.000000 1.000000
vt 0.249191 1.000000
vt 1.000000 0.523986
vt 1.000000 1.000000
vt 0.000000 0.082956
vt 1.000000 0.185754
vt 0.000000 0.213587
vt 1.000000 0.447932
vt 0.000000 0.891067
vt 1.000000 0.910009
vt 1.000000 1.000000
vt 0.000000 1.000000
vt 0.000000 0.064357
vt 0.290239 0.248367
vt 0.000000 0.579788
vt 0.221751 0.500000
vt 1.000000 0.500000
vt 1.000000 1.000000
vt 0.000000 1.000000
vt 0.000000 0.918270
vt 1.000000 0.760435
vt 1.000000 1.000000
vt 0.000000 1.000000
vt 0.780756 1.000000
vt 0.230342 0.651036
vt 1.000000 1.000000
vt 0.384649 1.000000
vt 1.000000 0.902876
vt 1.000000 1.000000
vt 0.000000 0.357617
vt 1.000000 0.254818
vt 0.398410 1.000000
vt 0.991320 0.861054
vt 1.000000 0.859684
vt 1.000000 1.000000
vt 0.000000 0.461163
vt 1.000000 0.279306
vt 0.223746 0.000000
vt 1.000000 0.000000
vt 0.000000 0.216323
vt 0.601213 0.000000
vt 1.000000 0.000000
vt 0.000000 0.769481
vt 0.580194 0.861056
vt 1.000000 0.959436
vt 1.000000 1.000000
vt 0.000000 1.000000
vt 0.000000 0.023344
vt 1.000000 0.081685
vt 0.000000 0.721285
vt 1.000000 0.779625
vt 1.000000 1.000000
vt 0.000000 1.000000
vt 1.000000 0.521282
vt 0.000000 0.264844
vt 0.758774 0.186843
vt 1.000000 0.172770
vt 0.000000 0.432494
vt 0.000000 0.911677
vt 0.664223 0.950428
vt 1.000000 0.984945
vt 1.000000 1.000000
vt 0.000000 1.000000
vt 0.000000 0.812967
vt 1.000000 0.754627
vt 1.000000 1.000000
vt 0.000000 1.000000
vt 1.000000 0.139001
vt 0.780756 0.000000
vt 1.000000 0.000000
vt 0.000000 0.926931
vt 1.000000 0.868591
vt 1.000000 1.000000
vt 0.000000 1.000000
vt 0.000000 0.682544
vt 1.000000 0.663602
vt 1.000000 1.000000
vt 0.000000 1.000000
vt 0.000000 0.941431
vt 1.000000 0.922488
vt 1.000000 1.000000
vt 0.000000 1.000000
vt 0.228318 0.497637
vt 1.000000 0.316797
vt 0.601213 1.000000
vt 1.000000 0.856513
vt 1.000000 1.000000
vt 0.000000 0.425077
vt 0.000000 0.060711
vt 0.384649 0.000000
vt 1.000000 0.000000
vt 0.000000 0.075995
vt 1.000000 0.134335
vt 0.000000 0.602553
vt 1.000000 1.000000
vt 0.000000 1.000000
vt 0.000000 0.188575
vt 0.098195 0.223907
vt 0.000000 0.000000
vt 0.000000 0.000000
vt 0.000000 0.000000
vt 0.000000 0.000000
vt 0.000000 0.000000
vt 0.000000 0.000000
vt 0.000000 0.000000
vt 0.000000 0.000000
vt 0.000000 0.000000
vt 0.000000 0.000000
vt 0.000000 0.000000
vt 0.000000 0.000000
vt 0.000000 0.000000
vt 0.000000 0.000000
vt 0.000000 0.000000
vt 0.000000 0.000000
vt 0.000000 0.000000
vt 0.000000 0.000000
vt 0.000000 0.000000
vt 0.000000 0.000000
vt 0.000000 0.000000
vt 0.000000 0.000000
vt 0.000000 0.000000
vt 0.000000 0.000000
vt 0.000000 0.000000
vt 0.000000 0.000000
vt 0.000000 0.000000
vt 0.000000 0.000000
vt 0.000000 0.000000
vt 0.000000 0.000000
vt 0.000000 0.000000
vt 0.000000 0.000000
vt 0.000000 0.000000
vt 0.000000 0.000000
vt 0.000000 0.000000
vt 0.000000 0.000000
vt 0.000000 0.000000
vt 0.000000 0.000000
vt 0.000000 0.000000
vt 0.000000 0.000000
vt 0.000000 0.000000
vt 0.000000 0.000000
vt 0.000000 0.000000
vt 0.000000 0.000000
vt 0.000000 0.000000
vt 0.000000 0.000000
vt 0.000000 0.000000
vt 0.000000 0.000000
vt 0.000000 0.000000
vt 0.000000 0.000000
vt 0.000000 0.000000
vt 0.000000 0.000000
vt 0.000000 0.000000
vt 0.000000 0.000000
vt 0.000000 0.000000
vt 0.000000 0.000000
vt 0.000000 0.000000
vt 0.000000 0.000000
vt 0.000000 0.000000
vt 0.000000 0.000000
vt 0.000000 0.000000
vt 0.000000 0.000000
vt 0.000000 0.000000
vt 0.000000 0.000000
vt 0.000000 0.000000
vt 0.000000 0.000000
vt 0.000000 0.000000
vt 0.000000 0.000000
vt 0.000000 0.000000
vt 0.000000 0.000000
vt 0.000000 0.000000
vt 0.000000 0.000000
vt 0.000000 0.000000
vt 0.000000 0.000000
vt 0.000000 0.000000
vt 0.000000 0.000000
vt 0.000000 0.000000
vt 0.000000 0.000000
vt 0.000000 0.000000
vt 0.000000 0.000000
vt 0.000000 0.000000
vt 0.000000 0.000000
vt 0.000000 0.000000
vt 0.000000 0.000000
vt 0.000000 0.000000
vt 0.000000 0.000000
vt 0.000000 0.000000
vt 0.000000 0.000000
vt 0.000000 0.000000
vt 0.000000 0.000000
vt 0.000000 0.000000
vt 0.000000 0.000000
vt 0.000000 0.000000
vt 0.000000 0.000000
vt 0.000000 0.000000
vt 0.000000 0.000000
vt 0.000000 0.000000
vt 0.000000 0.000000
vt 0.000000 0.000000
vt 0.000000 0.000000
vt 0.000000 0.000000
vt 0.000000 0.000000
vt 0.000000 0.000000
vt 0.000000 0.000000
vt 0.000000 0.000000
vt 0.000000 0.000000
vt 0.000000 0.000000
vt 0.000000 0.000000
vt 0.000000 0.000000
vt 0.000000 0.000000
vt 0.000000 0.000000
vt 0.000000 0.000000
vt 0.000000 0.000000
vt 0.000000 0.000000
vt 0.000000 0.000000
vt 0.000000 0.000000
vt 0.000000 0.000000
vt 0.000000 0.000000
vt 0.000000 0.000000
vt 0.000000 0.000000
vt 0.000000 0.000000
vt 0.000000 0.000000
vt 0.000000 0.000000
vt 0.000000 0.000000
vt 0.000000 0.000000
vt 0.000000 0.000000
vt 0.000000 0.000000
vt 0.000000 0.000000
vt 0.000000 0.000000
vt 0.000000 0.000000
vt 0.000000 0.000000
vt 0.000000 0.000000
vt 0.000000 0.000000
vt 0.000000 0.000000
vt 0.000000 0.000000
vt 0.000000 0.000000
vt 0.000000 0.000000
vt 0.000000 0.000000
vt 0.000000 0.000000
vt 0.000000 0.000000
vt 0.000000 0.000000
vt 0.000000 0.000000
vt 0.000000 0.000000
vt 0.000000 0.000000
vt 0.000000 0.000000
vt 0.000000 0.000000
vt 0.000000 0.000000
vt 0.000000 0.000000
vt 0.000000 0.000000
vt 0.000000 0.000000
vt 0.000000 0.000000
vt 0.000000 0.000000
vt 0.000000 0.000000
vt 0.000000 0.000000
vt 0.000000 0.000000
vt 0.000000 0.000000
vt 0.000000 0.000000
vt 0.000000 0.000000
vt 0.000000 0.000000
vt 0.000000 0.000000
vt 0.000000 0.000000
vt 0.000000 0.000000
vt 0.000000 0.000000
vt 0.000000 0.000000
vt 0.000000 0.000000
vt 0.000000 0.000000
vt 0.000000 0.000000
vt 0.000000 0.000000
vt 0.000000 0.000000
vt 0.000000 0.000000
vt 0.000000 0.000000
vt 0.000000 0.000000
vt 0.000000 0.000000
vt 0.000000 0.000000
vt 0.000000 0.000000
vt 0.000000 0.000000
vt 0.000000 0.000000
vt 0.000000 0.000000
vt 0.000000 0.000000
vt 0.000000 0.000000
vt 0.000000 0.000000
vt 0.000000 0.000000
vt 0.000000 0.000000
vt 0.000000 0.000000
vt 0.000000 0.000000
vt 0.000000 0.000000
vt 0.000000 0.000000
vt 0.000000 0.000000
vt 0.000000 0.000000
vt 0.000000 0.000000
vt 0.000000 0.000000
vt 0.000000 0.000000
vt 0.000000 0.000000
vt 0.000000 0.000000
vt 0.000000 0.000000
vt 0.000000 0.000000
vt 0.000000 0.000000
vt 0.000000 0.000000
vt 0.000000 0.000000
vt 0.000000 0.000000
vt 0.000000 0.000000
vt 0.000000 0.000000
vt 0.000000 0.000000
vt 0.000000 0.000000
vt 0.000000 0.000000
vt 0.000000 0.000000
vt 0.000000 0.000000
vt 0.000000 0.000000
vt 0.000000 0.000000
vt 0.000000 0.000000
vt 0.000000 0.000000
vt 0.000000 0.000000
vt 0.000000 0.000000
vt 0.000000 0.000000
vt 0.000000 0.000000
vt 0.000000 0.000000
vt 0.000000 0.000000
vt 0.000000 0.000000
vt 0.000000 0.000000
vt 0.000000 0.000000
vt 0.000000 0.000000
vt 0.000000 0.000000
vt 0.000000 0.000000
vt 0.000000 0.000000
vt 0.000000 0.000000
vt 0.000000 0.000000
vt 0.000000 0.000000
vt 0.000000 0.000000
vt 0.000000 0.000000
vt 0.000000 0.000000
vt 0.000000 0.000000
vt 0.000000 0.000000
vt 0.000000 0.000000
vt 0.000000 0.000000
vt 0.000000 0.000000
vt 0.000000 0.000000
vt 0.000000 0.000000
vt 0.000000 0.000000
vt 0.000000 0.000000
vt 0.000000 0.000000
vt 0.000000 0.000000
vt 0.000000 0.000000
vt 0.000000 0.000000
vt 0.000000 0.000000
vt 0.000000 0.000000
vt 0.000000 0.000000
vt 0.000000 0.000000
vt 0.000000 0.000000
vn -0.1951 0.0000 -0.9808
vn -0.1929 0.1243 -0.9733
vn -0.0204 0.1164 -0.9930
vn 0.0000 0.0000 -1.0000
vn 0.0047 0.0642 -0.9979
vn 0.0657 0.0383 -0.9971
vn 0.0660 -0.1954 -0.9785
vn 0.0161 -0.1298 -0.9914
vn 0.0465 -0.2731 -0.9608
vn 0.0674 -0.3815 -0.9219
vn 0.0703 -0.5510 -0.8315
vn 0.0819 -0.4176 -0.9049
vn 0.0742 -0.6992 -0.7110
vn 0.1250 -0.5617 -0.8178
vn 0.0784 -0.8223 -0.5636
vn 0.1739 -0.7025 -0.6901
vn 0.0978 -0.9203 -0.3787
vn 0.2234 -0.8302 -0.5107
vn 0.1400 -0.9724 -0.1863
vn 0.2631 -0.9246 -0.2753
vn 0.1530 -0.9882 0.0000
vn 0.2788 -0.9603 0.0000
vn 0.1419 -0.9726 0.1842
vn 0.2631 -0.9246 0.2753
vn 0.0969 -0.9200 0.3796
vn 0.2234 -0.8302 0.5107
vn 0.0784 -0.8223 0.5636
vn 0.1739 -0.7025 0.6901
vn 0.0742 -0.6992 0.7110
vn 0.1250 -0.5617 0.8178
vn 0.0703 -0.5510 0.8315
vn 0.0819 -0.4176 0.9049
vn 0.0674 -0.3815 0.9219
vn 0.0465 -0.2731 0.9608
vn 0.0660 -0.1954 0.9785
vn 0.0161 -0.1298 0.9914
vn 0.0657 0.0383 0.9971
vn 0.0047 0.0642 0.9979
vn -0.1951 0.0000 0.9808
vn -0.1929 0.1243 0.9733
vn -0.3794 0.1234 0.9169
vn -0.3827 0.0000 0.9239
vn -0.5510 0.1251 0.8250
vn -0.5556 0.0000 0.8314
vn -0.7013 0.1265 0.7015
vn -0.7071 0.0000 0.7071
vn -0.8246 0.1274 0.5511
vn -0.8314 0.0000 0.5556
vn -0.9162 0.1281 0.3796
vn -0.9239 0.0000 0.3827
vn -0.9726 0.1285 0.1935
vn -0.9808 0.0000 0.1951
vn -0.9917 0.1286 0.0000
vn -1.0000 0.0000 0.0000
vn -0.9726 0.1285 -0.1935
vn -0.9808 0.0000 -0.1951
vn -0.9162 0.1281 -0.3796
vn -0.9239 0.0000 -0.3827
vn -0.8246 0.1274 -0.5511
vn -0.8314 0.0000 -0.5556
vn -0.7013 0.1265 -0.7015
vn -0.7071 0.0000 -0.7071
vn -0.5510 0.1251 -0.8250
vn -0.5556 0.0000 -0.8314
vn -0.3794 0.1233 -0.9169
vn -0.3827 0.0000 -0.9239
vn 0.0000 1.0000 0.0000
vn -0.0291 0.9879 0.1522
vn -0.0104 0.9862 0.1650
vn 0.1951 0.0000 -0.9808
vn 0.1501 -0.0179 -0.9885
vn 0.3200 -0.0378 -0.9467
vn 0.3827 0.0000 -0.9239
vn 0.8314 0.0000 -0.5556
vn 0.7836 -0.0872 -0.6150
vn 0.8948 -0.1010 -0.4348
vn 0.9239 0.0000 -0.3827
vn 0.9239 0.0000 0.3827
vn 0.8948 -0.1010 0.4348
vn 0.7836 -0.0872 0.6150
vn 0.8314 0.0000 0.5556
vn 0.1951 0.0000 0.9808
vn 0.1501 -0.0179 0.9885
vn -0.0204 0.1163 0.9930
vn 0.0000 0.0000 1.0000
vn 0.5556 0.0000 -0.8314
vn 0.4879 -0.0548 -0.8712
vn 0.6449 -0.0714 -0.7609
vn 0.7071 0.0000 -0.7071
vn 1.0000 0.0000 0.0000
vn 0.9934 -0.1141 0.0000
vn 0.9679 -0.1106 0.2258
vn 0.9808 0.0000 0.1951
vn 0.5556 0.0000 0.8314
vn 0.4879 -0.0548 0.8712
vn 0.3200 -0.0378 0.9467
vn 0.3827 0.0000 0.9239
vn 0.9679 -0.1106 -0.2258
vn 0.9808 0.0000 -0.1951
vn 0.6449 -0.0714 0.7609
vn 0.7071 0.0000 0.7071
vn 0.1065 -0.9439 0.3124
vn 0.1321 -0.8599 0.4931
vn 0.0091 0.9897 0.1426
vn 0.0373 0.9896 0.1391
vn 0.2065 -0.6026 0.7708
vn 0.2344 -0.4242 0.8747
vn 0.1716 -0.7485 0.6405
vn 0.2525 -0.2196 0.9424
vn 0.4527 -0.4242 0.7842
vn 0.4878 -0.2196 0.8449
vn 0.3316 -0.7485 0.5743
vn 0.3990 -0.6026 0.6911
vn 0.1662 -0.9478 0.2721
vn 0.2552 -0.8599 0.4421
vn 0.0721 0.9895 0.1249
vn 0.6403 -0.4242 0.6403
vn 0.6898 -0.2196 0.6898
vn 0.4689 -0.7485 0.4689
vn 0.5643 -0.6026 0.5643
vn 0.2181 -0.9512 0.2181
vn 0.3609 -0.8599 0.3609
vn 0.1020 0.9895 0.1020
vn 0.7842 -0.4242 0.4527
vn 0.8449 -0.2196 0.4878
vn 0.5743 -0.7485 0.3316
vn 0.6911 -0.6026 0.3990
vn 0.2651 -0.9520 0.1530
vn 0.4421 -0.8599 0.2552
vn 0.1249 0.9895 0.0721
vn 0.8747 -0.4242 0.2344
vn 0.9424 -0.2196 0.2525
vn 0.6405 -0.7485 0.1716
vn 0.7708 -0.6026 0.2065
vn 0.2980 -0.9512 0.0799
vn 0.4931 -0.8599 0.1321
vn 0.1393 0.9895 0.0373
vn 0.6631 -0.7485 0.0000
vn 0.7980 -0.6026 0.0000
vn 0.3060 -0.9520 0.0000
vn 0.5105 -0.8599 0.0000
vn 0.1442 0.9895 0.0000
vn 0.9055 -0.4242 0.0000
vn 0.9756 -0.2196 0.0000
vn 0.2979 -0.9513 -0.0798
vn 0.4931 -0.8599 -0.1321
vn 0.1393 0.9895 -0.0373
vn 0.7708 -0.6026 -0.2065
vn 0.8747 -0.4242 -0.2344
vn 0.6405 -0.7485 -0.1716
vn 0.9424 -0.2196 -0.2525
vn 0.1249 0.9895 -0.0721
vn 0.6911 -0.6026 -0.3990
vn 0.7842 -0.4242 -0.4527
vn 0.4421 -0.8599 -0.2552
vn 0.5743 -0.7485 -0.3316
vn 0.8449 -0.2196 -0.4878
vn 0.2649 -0.9520 -0.1530
vn 0.1020 0.9895 -0.1020
vn 0.5643 -0.6026 -0.5643
vn 0.6403 -0.4242 -0.6403
vn 0.3609 -0.8599 -0.3609
vn 0.4689 -0.7485 -0.4689
vn 0.6898 -0.2196 -0.6898
vn 0.2181 -0.9512 -0.2181
vn 0.0721 0.9895 -0.1249
vn 0.3990 -0.6026 -0.6911
vn 0.4527 -0.4242 -0.7842
vn 0.2552 -0.8599 -0.4421
vn 0.3316 -0.7485 -0.5743
vn 0.4878 -0.2196 -0.8449
vn 0.1670 -0.9479 -0.2711
vn 0.2065 -0.6026 -0.7708
vn 0.2344 -0.4242 -0.8747
vn 0.1321 -0.8599 -0.4931
vn 0.1716 -0.7485 -0.6405
vn 0.2525 -0.2196 -0.9424
vn 0.1082 -0.9444 -0.3105
vn 0.0373 0.9896 -0.1391
vn 0.0091 0.9897 -0.1426
vn 0.1662 -0.9861 -0.0000
vn 0.1437 -0.9861 -0.0829
vn 0.1313 -0.9820 -0.1358
vn 0.1270 -0.9819 0.1401
vn 0.1446 -0.9859 0.0835
vn -0.0564 0.9890 0.1367
vn -0.1018 0.9895 0.1020
vn -0.0808 0.9893 0.1213
vn -0.1189 0.9897 0.0795
vn -0.1314 0.9898 0.0545
vn -0.1392 0.9899 0.0277
vn -0.1418 0.9899 0.0000
vn -0.1392 0.9899 -0.0277
vn -0.1314 0.9898 -0.0545
vn -0.1189 0.9897 -0.0795
vn -0.1018 0.9895 -0.1020
vn -0.0808 0.9893 -0.1213
vn -0.0564 0.9890 -0.1367
vn -0.0291 0.9879 -0.1522
vn -0.0104 0.9862 -0.1650
vn 0.2587 0.0252 -0.9656
vn 0.4998 0.0258 0.8657
vn 0.2587 0.0252 0.9656
vn 0.7069 0.0258 0.7068
vn 0.8657 0.0258 0.4998
vn 0.9656 0.0258 0.2587
vn 0.9997 0.0258 0.0000
vn 0.9656 0.0258 -0.2587
vn 0.8657 0.0258 -0.4998
vn 0.7069 0.0258 -0.7068
vn 0.4998 0.0258 -0.8657
vn 0.0191 0.4685 0.8832
vn 0.0465 0.4341 0.8996
vn 0.0263 0.0803 0.9964
vn 0.0205 0.8757 0.4825
vn -0.0409 0.7233 0.6893
vn -0.0617 0.8425 0.5351
vn -0.0807 0.4471 0.8908
vn -0.0358 0.3839 0.9227
vn 0.0457 0.0941 0.9945
vn 0.0263 0.0803 -0.9964
vn 0.0465 0.4341 -0.8996
vn 0.0191 0.4685 -0.8832
vn 0.0457 0.0941 -0.9945
vn -0.0358 0.3839 -0.9227
vn -0.0807 0.4471 -0.8908
vn -0.0617 0.8425 -0.5352
vn -0.0409 0.7233 -0.6893
vn 0.0205 0.8756 -0.4825
vn 0.0000 -0.1317 -0.9913
vn 0.1934 -0.1317 -0.9722
vn 0.1694 -0.4961 -0.8516
vn 0.0000 -0.4961 -0.8683
vn 0.0996 -0.8597 -0.5009
vn 0.0000 -0.8597 -0.5107
vn 0.1207 -0.0598 -0.9909
vn 0.0592 -0.1056 -0.9926
vn 0.3793 -0.1317 -0.9158
vn 0.3323 -0.4961 -0.8021
vn 0.1954 -0.8597 -0.4718
vn 0.2415 -0.1215 -0.9627
vn 0.1328 -0.2043 -0.9698
vn 0.5507 -0.1317 -0.8242
vn 0.4824 -0.4961 -0.7219
vn 0.2837 -0.8597 -0.4246
vn 0.3729 -0.1811 -0.9100
vn 0.2129 -0.3082 -0.9272
vn 0.7009 -0.1317 -0.7009
vn 0.6139 -0.4961 -0.6139
vn 0.3611 -0.8597 -0.3611
vn 0.5094 -0.2439 -0.8252
vn 0.3029 -0.4195 -0.8557
vn 0.8242 -0.1317 -0.5507
vn 0.7219 -0.4961 -0.4824
vn 0.4246 -0.8597 -0.2837
vn 0.6462 -0.3091 -0.6977
vn 0.4016 -0.5383 -0.7409
vn 0.9158 -0.1317 -0.3793
vn 0.8021 -0.4961 -0.3323
vn 0.4718 -0.8597 -0.1954
vn 0.7716 -0.3714 -0.5164
vn 0.5018 -0.6562 -0.5636
vn 0.9722 -0.1317 -0.1934
vn 0.8516 -0.4961 -0.1694
vn 0.5009 -0.8597 -0.0996
vn 0.8643 -0.4191 -0.2780
vn 0.5833 -0.7505 -0.3107
vn 0.9913 -0.1317 0.0000
vn 0.8683 -0.4961 0.0000
vn 0.5107 -0.8597 0.0000
vn 0.8993 -0.4374 0.0000
vn 0.6160 -0.7877 0.0000
vn 0.9722 -0.1317 0.1934
vn 0.8516 -0.4961 0.1694
vn 0.5009 -0.8597 0.0996
vn 0.8643 -0.4191 0.2780
vn 0.5833 -0.7505 0.3107
vn 0.9158 -0.1317 0.3793
vn 0.8021 -0.4961 0.3323
vn 0.4718 -0.8597 0.1954
vn 0.7716 -0.3714 0.5164
vn 0.5018 -0.6562 0.5636
vn 0.8242 -0.1317 0.5507
vn 0.7219 -0.4961 0.4824
vn 0.4246 -0.8597 0.2837
vn 0.6462 -0.3091 0.6977
vn 0.4016 -0.5383 0.7409
vn 0.7009 -0.1317 0.7009
vn 0.6139 -0.4961 0.6139
vn 0.3611 -0.8597 0.3611
vn 0.5094 -0.2439 0.8252
vn 0.3029 -0.4195 0.8557
vn 0.5507 -0.1317 0.8242
vn 0.4824 -0.4961 0.7219
vn 0.2837 -0.8597 0.4246
vn 0.3729 -0.1811 0.9100
vn 0.2129 -0.3082 0.9272
vn 0.3793 -0.1317 0.9158
vn 0.3323 -0.4961 0.8021
vn 0.1954 -0.8597 0.4718
vn 0.2415 -0.1215 0.9627
vn 0.1328 -0.2043 0.9698
vn 0.1934 -0.1317 0.9722
vn 0.1694 -0.4961 0.8516
vn 0.0996 -0.8597 0.5009
vn 0.1207 -0.0598 0.9909
vn 0.0592 -0.1056 0.9926
vn 0.0000 -0.1317 0.9913
vn 0.0000 -0.4961 0.8683
vn 0.0000 -0.8597 0.5107
vn -0.1934 -0.1317 0.9722
vn -0.1694 -0.4961 0.8516
vn -0.0996 -0.8597 0.5009
vn -0.1701 0.4706 0.8658
vn -0.1035 0.8395 0.5333
vn -0.3793 -0.1317 0.9158
vn -0.3323 -0.4961 0.8021
vn -0.1954 -0.8597 0.4718
vn -0.3362 0.4738 0.8139
vn -0.2035 0.8457 0.4933
vn -0.5507 -0.1317 0.8242
vn -0.4824 -0.4961 0.7219
vn -0.2837 -0.8597 0.4246
vn -0.4872 0.4787 0.7303
vn -0.2932 0.8488 0.4398
vn -0.7009 -0.1317 0.7009
vn -0.6139 -0.4961 0.6139
vn -0.3611 -0.8597 0.3611
vn -0.6191 0.4823 0.6197
vn -0.3708 0.8512 0.3714
vn -0.8242 -0.1317 0.5507
vn -0.7219 -0.4961 0.4823
vn -0.4246 -0.8597 0.2837
vn -0.7270 0.4849 0.4861
vn -0.4340 0.8528 0.2904
vn -0.9158 -0.1317 0.3793
vn -0.8021 -0.4961 0.3323
vn -0.4718 -0.8597 0.1954
vn -0.8070 0.4866 0.3345
vn -0.4807 0.8539 0.1993
vn -0.9722 -0.1317 0.1934
vn -0.8516 -0.4961 0.1694
vn -0.5009 -0.8597 0.0996
vn -0.8562 0.4876 0.1704
vn -0.5094 0.8545 0.1014
vn -0.9913 -0.1317 0.0000
vn -0.8683 -0.4961 0.0000
vn -0.5107 -0.8597 0.0000
vn -0.8729 0.4880 0.0000
vn -0.5191 0.8547 0.0000
vn -0.9722 -0.1317 -0.1934
vn -0.8516 -0.4961 -0.1694
vn -0.5009 -0.8597 -0.0996
vn -0.8562 0.4876 -0.1704
vn -0.5094 0.8545 -0.1014
vn -0.9158 -0.1317 -0.3793
vn -0.8021 -0.4961 -0.3323
vn -0.4718 -0.8597 -0.1954
vn -0.8070 0.4866 -0.3345
vn -0.4807 0.8539 -0.1993
vn -0.8242 -0.1317 -0.5507
vn -0.7219 -0.4961 -0.4824
vn -0.4246 -0.8597 -0.2837
vn -0.7270 0.4849 -0.4861
vn -0.4340 0.8528 -0.2904
vn -0.7009 -0.1317 -0.7009
vn -0.6139 -0.4961 -0.6139
vn -0.3611 -0.8597 -0.3611
vn -0.6191 0.4823 -0.6197
vn -0.3708 0.8512 -0.3714
vn -0.5507 -0.1317 -0.8242
vn -0.4823 -0.4961 -0.7219
vn -0.2837 -0.8597 -0.4246
vn -0.4872 0.4787 -0.7303
vn -0.2932 0.8489 -0.4398
vn -0.3793 -0.1317 -0.9158
vn -0.3323 -0.4961 -0.8021
vn -0.1954 -0.8597 -0.4718
vn -0.3362 0.4738 -0.8139
vn -0.2035 0.8457 -0.4933
vn -0.1934 -0.1317 -0.9722
vn -0.1694 -0.4961 -0.8516
vn -0.0996 -0.8597 -0.5009
vn -0.1701 0.4706 -0.8658
vn -0.1035 0.8395 -0.5333
vn 0.0592 0.4360 -0.8980
vn 0.0349 0.8445 -0.5343
vn 0.0592 0.4360 0.8980
vn 0.0349 0.8445 0.5343
vn 0.2344 0.4248 0.8744
vn 0.1401 0.8411 0.5224
vn 0.4525 0.4255 0.7837
vn 0.2705 0.8410 0.4686
vn 0.6399 0.4255 0.6399
vn 0.3826 0.8409 0.3826
vn 0.7837 0.4255 0.4525
vn 0.4686 0.8410 0.2705
vn 0.8741 0.4255 0.2342
vn 0.5226 0.8410 0.1400
vn 0.9050 0.4255 0.0000
vn 0.5411 0.8410 0.0000
vn 0.8741 0.4255 -0.2342
vn 0.5226 0.8410 -0.1400
vn 0.7837 0.4255 -0.4525
vn 0.4686 0.8410 -0.2705
vn 0.6399 0.4255 -0.6399
vn 0.3826 0.8410 -0.3826
vn 0.4525 0.4255 -0.7837
vn 0.2705 0.8410 -0.4686
vn 0.2344 0.4248 -0.8744
vn 0.1401 0.8411 -0.5224
vn 0.0270 -0.9904 -0.1357
vn 0.0000 -0.9904 -0.1383
vn 0.0529 -0.9904 -0.1278
vn 0.0768 -0.9904 -0.1150
vn 0.0978 -0.9904 -0.0978
vn 0.1150 -0.9904 -0.0768
vn 0.1278 -0.9904 -0.0529
vn 0.1357 -0.9904 -0.0270
vn 0.1383 -0.9904 0.0000
vn 0.1357 -0.9904 0.0270
vn 0.1278 -0.9904 0.0529
vn 0.1150 -0.9904 0.0768
vn 0.0978 -0.9904 0.0978
vn 0.0768 -0.9904 0.1150
vn 0.0529 -0.9904 0.1278
vn 0.0270 -0.9904 0.1357
vn 0.0000 -0.9904 0.1383
vn -0.0270 -0.9904 0.1357
vn -0.0529 -0.9904 0.1278
vn -0.0768 -0.9904 0.1150
vn -0.0978 -0.9904 0.0978
vn -0.1150 -0.9904 0.0768
vn -0.1278 -0.9904 0.0529
vn -0.1357 -0.9904 0.0270
vn -0.1383 -0.9904 0.0000
vn -0.1357 -0.9904 -0.0270
vn -0.1278 -0.9904 -0.0529
vn -0.1150 -0.9904 -0.0768
vn -0.0978 -0.9904 -0.0978
vn -0.0768 -0.9904 -0.1150
vn -0.0529 -0.9904 -0.1278
vn -0.0270 -0.9904 -0.1357
vn 0.0000 -1.0000 0.0000
vn -0.9552 -0.2960 0.0000
vn -0.9368 -0.2904 0.1951
vn -0.8849 0.4436 0.1420
vn -0.8983 0.4394 0.0000
vn -0.8824 -0.2735 0.3827
vn -0.8453 0.4559 0.2785
vn -0.7942 -0.2462 0.5556
vn -0.7811 0.4758 0.4044
vn -0.6754 -0.2093 0.7071
vn -0.6946 0.5025 0.5147
vn -0.5306 -0.1645 0.8315
vn -0.5893 0.5352 0.6052
vn -0.3660 -0.1141 0.9236
vn -0.4691 0.5724 0.6725
vn -0.1876 -0.0587 0.9805
vn -0.3386 0.6129 0.7139
vn -0.2030 0.6549 0.7279
vn 0.1873 0.0577 0.9806
vn -0.0673 0.6970 0.7139
vn 0.3660 0.1130 0.9237
vn 0.0631 0.7374 0.6725
vn 0.5306 0.1644 0.8315
vn 0.1833 0.7747 0.6052
vn 0.6754 0.2093 0.7071
vn 0.2886 0.8073 0.5147
vn 0.7942 0.2462 0.5556
vn 0.3751 0.8341 0.4044
vn 0.8824 0.2735 0.3827
vn 0.4393 0.8540 0.2785
vn 0.9368 0.2904 0.1951
vn 0.4789 0.8663 0.1420
vn 0.9552 0.2960 0.0000
vn 0.4922 0.8704 0.0000
vn 0.3387 -0.6027 0.7224
vn 0.2960 -0.9552 -0.0000
vn 0.2090 -0.6756 0.7070
vn 0.2967 0.0585 0.9532
vn -0.2886 -0.8073 0.5147
vn -0.1829 -0.7744 0.6056
vn -0.5301 -0.1644 0.8318
vn 0.2030 -0.6549 0.7279
vn 0.2961 -0.9551 -0.0000
vn 0.7942 0.2461 0.5556
vn 0.7811 -0.4758 0.4044
vn 0.8453 -0.4559 0.2785
vn -0.4923 -0.8704 0.0000
vn -0.4789 -0.8663 0.1420
vn 0.0000 -0.0001 1.0000
vn 0.2093 -0.6754 0.7071
vn 0.2094 -0.6756 0.7069
vn -0.0000 -0.0005 1.0000
vn -0.1080 -0.7739 0.6240
vn -0.4490 -0.1396 0.8825
vn 0.8849 -0.4436 0.1420
vn -0.4393 -0.8540 0.2785
vn 0.2315 0.0712 0.9702
vn 0.3689 -0.5731 0.7317
vn 0.5268 -0.5771 0.6240
vn 0.4493 0.1388 0.8825
vn -0.2758 -0.0994 0.9560
vn 0.2098 -0.6754 0.7069
vn 0.2961 -0.9552 0.0000
vn 0.0569 -0.6816 0.7295
vn -0.2312 -0.0723 0.9702
vn 0.0199 -0.6813 0.7317
vn 0.2094 -0.6755 0.7069
vn 0.0003 -0.0004 1.0000
vn 0.8983 -0.4394 0.0000
vn 0.9551 0.2961 0.0000
vn -0.3750 -0.8341 0.4044
vn 0.5302 0.1642 0.8318
vn 0.5888 -0.5352 0.6056
vn 0.6946 -0.5026 0.5147
vn 0.2094 -0.6754 0.7071
vn -0.7590 0.5288 0.3798
vn -0.8193 0.5101 0.2616
vn -0.0887 0.7366 0.6705
vn -0.2161 0.6971 0.6836
vn -0.6778 0.5540 0.4834
vn -0.5788 0.5847 0.5684
vn 0.0338 0.7746 0.6316
vn -0.4660 0.6196 0.6316
vn 0.1467 0.8096 0.5684
vn 0.2456 0.8402 0.4834
vn 0.3268 0.8654 0.3798
vn -0.3435 0.6576 0.6705
vn -0.8565 0.4986 0.1333
vn -0.8690 0.4947 0.0000
vn 0.3872 0.8841 0.2616
vn 0.4243 0.8956 0.1333
vn 0.4369 0.8995 0.0000
vn 0.3226 -0.9456 0.0425
vn 0.3258 -0.9440 0.0506
vn 0.3224 -0.9454 0.0479
vn 0.3293 -0.9431 0.0459
vn 0.3307 -0.9430 0.0366
vn 0.3370 -0.9407 0.0391
vn 0.3369 -0.9411 0.0288
vn 0.3429 -0.9388 0.0308
vn 0.3415 -0.9397 0.0199
vn 0.3474 -0.9374 0.0216
vn 0.2469 -0.9690 0.0102
vn 0.2457 -0.9693 0.0000
vn 0.2399 -0.9708 0.0000
vn 0.2404 -0.9706 0.0091
vn 0.3440 -0.9389 0.0099
vn 0.3503 -0.9366 0.0115
vn 0.2499 -0.9680 0.0197
vn 0.2429 -0.9698 0.0190
vn 0.3447 -0.9387 0.0000
vn 0.3512 -0.9363 0.0000
vn 0.2544 -0.9667 0.0285
vn 0.2470 -0.9686 0.0285
vn 0.2604 -0.9648 0.0362
vn 0.2527 -0.9668 0.0371
vn 0.2692 -0.9622 0.0413
vn 0.2604 -0.9645 0.0441
vn 0.2744 -0.9607 0.0427
vn 0.2625 -0.9635 0.0515
vn 0.2686 -0.9621 0.0463
vn 0.2617 -0.9636 0.0552
vn 0.2868 -0.9535 0.0925
vn 0.2780 -0.9588 0.0586
vn 0.2789 -0.9581 0.0657
vn 0.2865 -0.9525 0.1031
vn 0.2938 -0.9479 0.1231
vn 0.2908 -0.9481 0.1279
vn 0.3020 -0.9489 0.0913
vn 0.2988 -0.9468 0.1189
vn 0.3155 -0.9479 0.0429
vn 0.3123 -0.9482 0.0579
vn 0.3082 -0.9484 0.0743
vn 0.3252 -0.9441 0.0540
vn 0.3773 0.1257 0.9175
vn 0.1844 0.0700 0.9803
vn -0.1959 -0.0368 0.9799
vn -0.3922 -0.1097 0.9133
vn 0.0003 0.0000 1.0000
vn 0.0002 -0.0000 1.0000
vn 0.5304 0.1643 0.8317
vn 0.9552 0.2961 0.0000
vn -0.5303 -0.1645 0.8317
vn -0.0003 -0.0002 1.0000
vn -0.0001 -0.0001 1.0000
vn -0.0002 -0.0004 1.0000
vn -0.0005 -0.0005 1.0000
vn 0.2960 -0.9552 -0.0001
vn 0.2960 -0.9552 0.0001
vn 0.2961 -0.9552 0.0001
vn 0.0007 -0.0001 1.0000
vn 0.0004 -0.0002 1.0000
vn -0.3655 -0.1133 0.9239
vn -0.1863 -0.0577 0.9808
vn 0.1863 0.0577 0.9808
vn 0.3655 0.1133 0.9239
vn 0.5307 0.1645 0.8314
vn -0.9552 -0.2961 0.0000
vn -0.5307 -0.1645 0.8314
vn 0.7291 -0.5354 -0.4263
vn 0.7920 -0.5159 -0.3265
vn 0.8402 0.2604 -0.4757
vn 0.7485 0.2320 -0.6212
vn 0.4566 -0.6198 -0.6382
vn 0.5588 -0.5882 -0.5846
vn 0.5004 0.1551 -0.8517
vn 0.3516 0.1090 -0.9298
vn 0.6505 -0.5597 -0.5132
vn 0.6341 0.1965 -0.7478
vn 0.6120 -0.5506 -0.5676
vn 0.5694 0.1765 -0.8028
vn 0.3471 -0.6538 -0.6723
vn 0.1920 0.0595 -0.9796
vn 0.2336 -0.6890 -0.6861
vn 0.0266 0.0082 -0.9996
vn 0.1195 -0.7243 -0.6790
vn -0.1396 -0.0432 -0.9893
vn -0.0965 -0.7913 -0.6037
vn 0.0083 -0.7588 -0.6513
vn -0.3015 -0.0934 -0.9489
vn -0.4543 -0.1408 -0.8796
vn -0.1919 -0.8209 -0.5379
vn -0.1625 -0.7906 -0.5903
vn -0.5258 -0.1630 -0.8348
vn -0.5933 -0.1839 -0.7837
vn -0.2749 -0.8466 -0.4556
vn -0.7143 -0.2214 -0.6639
vn -0.3431 -0.8677 -0.3596
vn -0.8136 -0.2521 -0.5239
vn -0.3943 -0.8836 -0.2526
vn -0.8881 -0.2752 -0.3681
vn 0.8643 -0.4921 -0.1043
vn 0.8737 -0.4865 0.0000
vn 0.9441 0.2926 -0.1517
vn -0.4255 -0.8952 -0.1322
vn -0.9372 -0.2905 -0.1932
vn 0.8374 -0.5018 -0.2167
vn 0.9063 0.2809 -0.3157
vn -0.4365 -0.8997 0.0000
vn 0.6778 -0.5540 0.4834
vn 0.5788 -0.5847 0.5683
vn 0.5893 -0.5352 0.6052
vn 0.6946 -0.5025 0.5147
vn 0.2200 -0.9687 -0.1146
vn 0.2428 -0.9616 -0.1274
vn 0.2001 -0.9749 -0.0975
vn 0.1837 -0.9800 -0.0766
vn 0.1715 -0.9837 -0.0528
vn 0.1640 -0.9861 -0.0269
vn 0.4149 -0.9083 -0.0528
vn 0.4224 -0.9060 -0.0269
vn 0.4027 -0.9121 -0.0766
vn 0.3864 -0.9172 -0.0975
vn 0.3189 -0.9381 -0.1352
vn 0.3436 -0.9304 -0.1274
vn 0.2932 -0.9460 -0.1379
vn 0.2675 -0.9540 -0.1353
vn 0.1615 -0.9868 0.0000
vn 0.9855 0.1693 0.0000
vn 0.9673 0.1636 -0.1934
vn 0.9368 0.2904 -0.1951
vn 0.9134 0.1469 -0.3794
vn 0.8824 0.2735 -0.3827
vn 0.5647 0.0388 -0.8244
vn 0.4009 -0.0119 -0.9160
vn 0.3655 0.1133 -0.9239
vn 0.5307 0.1645 -0.8314
vn 0.2232 -0.0670 -0.9724
vn 0.1863 0.0577 -0.9808
vn 0.0385 -0.1242 -0.9915
vn -0.1462 -0.1815 -0.9724
vn -0.1863 -0.0577 -0.9808
vn -0.3239 -0.2365 -0.9160
vn -0.3655 -0.1133 -0.9239
vn -0.4876 -0.2873 -0.8244
vn -0.5307 -0.1645 -0.8314
vn -0.6312 -0.3318 -0.7011
vn -0.6754 -0.2093 -0.7071
vn -0.7489 -0.3683 -0.5508
vn -0.7942 -0.2462 -0.5556
vn -0.8365 -0.3954 -0.3794
vn -0.8824 -0.2735 -0.3827
vn -0.8903 -0.4121 -0.1934
vn -0.9368 -0.2904 -0.1951
vn -0.9085 -0.4178 0.0000
vn 0.7590 -0.5289 0.3798
vn 0.8193 -0.5101 0.2616
vn -0.4243 -0.8956 0.1333
vn -0.4369 -0.8995 0.0000
vn -0.4922 -0.8704 0.0000
vn 0.8565 -0.4986 0.1333
vn -0.3872 -0.8841 0.2616
vn 0.8690 -0.4947 0.0000
vn -0.3268 -0.8654 0.3798
vn -0.3751 -0.8341 0.4044
vn -0.2456 -0.8402 0.4834
vn -0.1467 -0.8095 0.5684
vn -0.1832 -0.7747 0.6052
vn -0.0338 -0.7746 0.6316
vn -0.0631 -0.7374 0.6725
vn 0.3435 -0.6576 0.6705
vn 0.2161 -0.6971 0.6836
vn 0.3386 -0.6129 0.7139
vn 0.4660 -0.6196 0.6316
vn 0.4691 -0.5725 0.6725
vn 0.9766 -0.2152 0.0000
vn 0.9606 -0.2201 -0.1695
vn 0.9134 -0.2347 -0.3326
vn 0.7082 0.0833 -0.7011
vn 0.7334 -0.2905 -0.6145
vn 0.6076 -0.3295 -0.7226
vn 0.5993 -0.7146 -0.3609
vn 0.5254 -0.7374 -0.4243
vn 0.4641 -0.3740 -0.8029
vn 0.4411 -0.7636 -0.4715
vn 0.3084 -0.4223 -0.8524
vn 0.3497 -0.7919 -0.5005
vn 0.1464 -0.4725 -0.8691
vn 0.2546 -0.8214 -0.5104
vn -0.0155 -0.5227 -0.8524
vn -0.1712 -0.5709 -0.8029
vn 0.1595 -0.8509 -0.5005
vn 0.0680 -0.8792 -0.4715
vn -0.3147 -0.6154 -0.7226
vn -0.0162 -0.9053 -0.4244
vn -0.4405 -0.6544 -0.6145
vn -0.0901 -0.9282 -0.3609
vn -0.5437 -0.6864 -0.4828
vn -0.1507 -0.9470 -0.2835
vn -0.6205 -0.7102 -0.3326
vn -0.1958 -0.9610 -0.1953
vn -0.6677 -0.7248 -0.1695
vn -0.2235 -0.9696 -0.0996
vn -0.6836 -0.7298 0.0000
vn -0.2329 -0.9725 0.0000
vn 0.2096 -0.6752 0.7072
vn 0.2090 -0.6753 0.7072
vn -0.8849 0.4436 -0.1420
vn -0.8453 0.4559 -0.2785
vn -0.7811 0.4758 -0.4044
vn -0.6946 0.5025 -0.5147
vn -0.6754 -0.2094 -0.7071
vn -0.5893 0.5352 -0.6052
vn -0.5306 -0.1645 -0.8315
vn -0.4691 0.5724 -0.6725
vn -0.3660 -0.1141 -0.9236
vn -0.3386 0.6129 -0.7139
vn -0.1876 -0.0587 -0.9805
vn -0.2030 0.6549 -0.7279
vn -0.0673 0.6970 -0.7139
vn 0.1873 0.0577 -0.9806
vn 0.0631 0.7374 -0.6725
vn 0.3660 0.1130 -0.9237
vn 0.1833 0.7747 -0.6052
vn 0.5306 0.1644 -0.8315
vn 0.2886 0.8073 -0.5147
vn 0.6754 0.2093 -0.7071
vn 0.3751 0.8341 -0.4044
vn 0.7942 0.2462 -0.5556
vn 0.4393 0.8540 -0.2785
vn 0.4789 0.8663 -0.1420
vn 0.3387 -0.6027 -0.7224
vn 0.2967 0.0585 -0.9532
vn 0.2090 -0.6756 -0.7069
vn -0.5301 -0.1644 -0.8318
vn -0.1829 -0.7744 -0.6056
vn -0.2886 -0.8073 -0.5147
vn 0.2030 -0.6549 -0.7279
vn 0.7942 0.2461 -0.5556
vn 0.8453 -0.4559 -0.2785
vn 0.7811 -0.4758 -0.4044
vn -0.4789 -0.8663 -0.1420
vn 0.0000 -0.0001 -1.0000
vn -0.0000 -0.0005 -1.0000
vn 0.2094 -0.6756 -0.7069
vn 0.2093 -0.6755 -0.7070
vn -0.4490 -0.1396 -0.8825
vn -0.1080 -0.7739 -0.6240
vn 0.8849 -0.4436 -0.1420
vn -0.4393 -0.8540 -0.2785
vn 0.2315 0.0712 -0.9702
vn 0.4493 0.1389 -0.8825
vn 0.5268 -0.5772 -0.6240
vn 0.3689 -0.5731 -0.7317
vn -0.2758 -0.0994 -0.9560
vn 0.0569 -0.6816 -0.7295
vn 0.2098 -0.6754 -0.7069
vn -0.2312 -0.0723 -0.9702
vn 0.0003 -0.0004 -1.0000
vn 0.0199 -0.6813 -0.7317
vn -0.3750 -0.8341 -0.4044
vn 0.5302 0.1642 -0.8318
vn 0.6946 -0.5025 -0.5147
vn 0.5889 -0.5352 -0.6056
vn 0.2093 -0.6754 -0.7071
vn 0.2094 -0.6755 -0.7070
vn -0.8193 0.5101 -0.2616
vn -0.7590 0.5288 -0.3798
vn -0.2161 0.6971 -0.6836
vn -0.0887 0.7366 -0.6705
vn -0.6778 0.5540 -0.4834
vn -0.5788 0.5847 -0.5684
vn 0.0338 0.7746 -0.6316
vn -0.4659 0.6197 -0.6316
vn 0.1467 0.8096 -0.5684
vn 0.2456 0.8402 -0.4834
vn 0.3268 0.8654 -0.3798
vn -0.3435 0.6576 -0.6705
vn -0.8565 0.4986 -0.1333
vn 0.3872 0.8841 -0.2616
vn 0.4243 0.8956 -0.1333
vn 0.3226 -0.9456 -0.0425
vn 0.3293 -0.9431 -0.0459
vn 0.3224 -0.9454 -0.0479
vn 0.3258 -0.9441 -0.0506
vn 0.3307 -0.9430 -0.0366
vn 0.3370 -0.9407 -0.0391
vn 0.3369 -0.9411 -0.0288
vn 0.3429 -0.9388 -0.0308
vn 0.3415 -0.9397 -0.0199
vn 0.3474 -0.9374 -0.0216
vn 0.2469 -0.9690 -0.0102
vn 0.2404 -0.9706 -0.0091
vn 0.3440 -0.9389 -0.0099
vn 0.3503 -0.9366 -0.0115
vn 0.2499 -0.9680 -0.0197
vn 0.2429 -0.9698 -0.0190
vn 0.2544 -0.9667 -0.0286
vn 0.2470 -0.9686 -0.0285
vn 0.2604 -0.9648 -0.0362
vn 0.2527 -0.9668 -0.0371
vn 0.2692 -0.9622 -0.0413
vn 0.2604 -0.9645 -0.0441
vn 0.2744 -0.9607 -0.0427
vn 0.2616 -0.9636 -0.0552
vn 0.2686 -0.9621 -0.0462
vn 0.2625 -0.9635 -0.0515
vn 0.2868 -0.9535 -0.0925
vn 0.2865 -0.9525 -0.1030
vn 0.2789 -0.9581 -0.0657
vn 0.2780 -0.9588 -0.0585
vn 0.2938 -0.9479 -0.1231
vn 0.2908 -0.9481 -0.1279
vn 0.3020 -0.9489 -0.0913
vn 0.2988 -0.9468 -0.1189
vn 0.3155 -0.9479 -0.0428
vn 0.3252 -0.9441 -0.0540
vn 0.3082 -0.9484 -0.0741
vn 0.3123 -0.9482 -0.0579
vn 0.1844 0.0700 -0.9803
vn 0.3773 0.1257 -0.9175
vn -0.1959 -0.0368 -0.9799
vn -0.3922 -0.1097 -0.9133
vn 0.0003 0.0000 -1.0000
vn 0.0002 -0.0000 -1.0000
vn 0.5304 0.1643 -0.8317
vn -0.5303 -0.1645 -0.8317
vn -0.0003 -0.0002 -1.0000
vn -0.0005 -0.0005 -1.0000
vn -0.0002 -0.0004 -1.0000
vn -0.0001 -0.0001 -1.0000
vn 0.2961 -0.9551 -0.0001
vn 0.0007 -0.0001 -1.0000
vn 0.0004 -0.0002 -1.0000
vn 0.7291 -0.5354 0.4263
vn 0.7485 0.2320 0.6212
vn 0.8402 0.2604 0.4757
vn 0.7920 -0.5159 0.3265
vn 0.4566 -0.6198 0.6382
vn 0.3516 0.1090 0.9298
vn 0.5004 0.1551 0.8517
vn 0.5588 -0.5882 0.5846
vn 0.6506 -0.5597 0.5132
vn 0.6341 0.1965 0.7478
vn 0.5694 0.1765 0.8028
vn 0.6120 -0.5506 0.5676
vn 0.3471 -0.6538 0.6723
vn 0.1920 0.0595 0.9796
vn 0.2336 -0.6890 0.6861
vn 0.0266 0.0082 0.9996
vn 0.1195 -0.7243 0.6790
vn -0.1396 -0.0432 0.9893
vn -0.0965 -0.7913 0.6037
vn -0.4543 -0.1408 0.8796
vn -0.3015 -0.0934 0.9489
vn 0.0083 -0.7588 0.6513
vn -0.1919 -0.8209 0.5378
vn -0.5933 -0.1839 0.7837
vn -0.5258 -0.1630 0.8348
vn -0.1625 -0.7907 0.5903
vn -0.2749 -0.8466 0.4556
vn -0.7143 -0.2214 0.6639
vn -0.3431 -0.8677 0.3596
vn -0.8136 -0.2521 0.5239
vn -0.3942 -0.8836 0.2526
vn -0.8881 -0.2752 0.3681
vn 0.8643 -0.4921 0.1043
vn 0.9441 0.2926 0.1517
vn -0.4255 -0.8952 0.1322
vn -0.9372 -0.2905 0.1932
vn 0.8374 -0.5018 0.2167
vn 0.9063 0.2809 0.3157
vn 0.6778 -0.5540 -0.4834
vn 0.5893 -0.5352 -0.6052
vn 0.5788 -0.5847 -0.5683
vn 0.2428 -0.9616 0.1274
vn 0.2200 -0.9687 0.1146
vn 0.2001 -0.9749 0.0975
vn 0.1837 -0.9800 0.0766
vn 0.4249 -0.9052 0.0000
vn 0.1715 -0.9837 0.0528
vn 0.4224 -0.9060 0.0269
vn 0.1640 -0.9861 0.0269
vn 0.4149 -0.9083 0.0528
vn 0.4027 -0.9121 0.0766
vn 0.3863 -0.9172 0.0975
vn 0.3664 -0.9233 0.1146
vn 0.3436 -0.9304 0.1274
vn 0.3189 -0.9381 0.1352
vn 0.2932 -0.9460 0.1379
vn 0.3664 -0.9233 -0.1146
vn 0.2675 -0.9540 0.1352
vn 0.8260 0.1198 -0.5508
vn 0.9673 0.1636 0.1934
vn 0.9134 0.1469 0.3794
vn 0.8260 0.1198 0.5508
vn 0.7082 0.0833 0.7011
vn 0.5647 0.0388 0.8244
vn 0.4009 -0.0119 0.9160
vn 0.2232 -0.0670 0.9724
vn 0.0385 -0.1242 0.9915
vn -0.1462 -0.1815 0.9724
vn -0.3239 -0.2365 0.9160
vn -0.4876 -0.2873 0.8244
vn -0.6312 -0.3318 0.7011
vn -0.7489 -0.3683 0.5508
vn -0.8364 -0.3954 0.3794
vn -0.8903 -0.4122 0.1934
vn 0.7590 -0.5288 -0.3798
vn 0.8193 -0.5101 -0.2616
vn -0.4243 -0.8956 -0.1333
vn 0.8565 -0.4986 -0.1333
vn -0.3872 -0.8841 -0.2616
vn -0.3268 -0.8654 -0.3798
vn -0.3751 -0.8341 -0.4044
vn -0.2456 -0.8402 -0.4833
vn -0.1467 -0.8096 -0.5684
vn -0.1832 -0.7747 -0.6052
vn -0.0338 -0.7746 -0.6316
vn -0.0631 -0.7374 -0.6725
vn 0.0887 -0.7366 0.6705
vn 0.0674 -0.6970 0.7139
vn 0.0887 -0.7366 -0.6705
vn 0.0674 -0.6970 -0.7139
vn 0.2161 -0.6971 -0.6836
vn 0.3435 -0.6576 -0.6705
vn 0.3386 -0.6129 -0.7139
vn 0.4660 -0.6196 -0.6316
vn 0.4691 -0.5725 -0.6725
vn 0.8367 -0.2585 -0.4828
vn 0.6599 -0.6958 -0.2835
vn 0.7050 -0.6818 -0.1953
vn 0.7327 -0.6732 -0.0996
vn 0.7421 -0.6703 0.0000
vn 0.9606 -0.2201 0.1695
vn 0.7327 -0.6732 0.0996
vn 0.9134 -0.2348 0.3326
vn 0.7049 -0.6818 0.1953
vn 0.8367 -0.2585 0.4828
vn 0.6599 -0.6958 0.2835
vn 0.7334 -0.2905 0.6145
vn 0.5993 -0.7146 0.3609
vn 0.6076 -0.3295 0.7226
vn 0.5254 -0.7374 0.4243
vn 0.4641 -0.3740 0.8029
vn 0.4411 -0.7636 0.4715
vn 0.3084 -0.4223 0.8524
vn 0.3497 -0.7919 0.5005
vn 0.1464 -0.4725 0.8691
vn 0.2546 -0.8214 0.5103
vn -0.0155 -0.5227 0.8524
vn 0.1595 -0.8509 0.5005
vn -0.1712 -0.5709 0.8029
vn 0.0680 -0.8792 0.4715
vn -0.3147 -0.6154 0.7226
vn -0.0162 -0.9053 0.4244
vn -0.4405 -0.6544 0.6145
vn -0.0901 -0.9282 0.3609
vn -0.5437 -0.6864 0.4828
vn -0.1507 -0.9470 0.2835
vn -0.6205 -0.7102 0.3326
vn -0.1958 -0.9610 0.1953
vn -0.6677 -0.7248 0.1695
vn -0.2235 -0.9696 0.0996
vn 0.2096 -0.6752 -0.7072
vn 0.2090 -0.6754 -0.7072
vn -0.2960 0.9552 0.0000
vn -0.2961 0.9552 0.0000
vn -0.3059 0.9520 0.0103
vn -0.4453 0.8801 0.1648
vn 0.6759 0.2097 -0.7065
vn 0.1844 0.8808 -0.4360
vn 0.4453 -0.8801 -0.1647
vn 0.4453 -0.8801 -0.1648
vn 0.6499 -0.6220 -0.4367
vn -0.1305 0.9776 -0.1648
vn -0.2961 0.9551 0.0000
vn -0.2846 0.9586 -0.0120
vn 0.6755 0.2094 -0.7070
vn 0.4105 0.6900 -0.5961
vn 0.1305 -0.9776 0.1647
vn -0.6754 -0.2086 0.7073
vn -0.6115 -0.3763 0.6959
vn 0.3250 -0.9452 -0.0306
vn 0.3094 -0.9508 -0.0141
vn -0.2864 0.9580 -0.0101
vn -0.3402 0.9392 0.0470
vn -0.2961 0.9551 0.0001
vn -0.4453 0.8800 0.1650
vn -0.3035 0.9528 0.0078
vn -0.4008 0.9091 0.1137
vn -0.1305 0.9776 -0.1647
vn 0.3032 -0.9528 -0.0076
vn 0.2765 -0.9608 0.0204
vn 0.1305 -0.9776 0.1648
vn -0.2546 0.9661 -0.0428
vn -0.2799 0.9599 -0.0168
vn 0.3045 -0.9525 -0.0089
vn 0.2655 -0.9636 0.0317
vn -0.2662 0.9634 -0.0309
vn -0.2864 0.9580 -0.0100
vn -0.4453 0.8801 0.1647
vn 0.3021 -0.9532 0.0063
vn 0.3338 -0.9418 0.0400
vn 0.4453 -0.8801 0.1647
vn -0.2255 0.9716 0.0722
vn -0.1305 0.9777 0.1647
vn -0.2890 0.9573 0.0074
vn -0.3012 0.9536 -0.0053
vn -0.3635 0.9287 -0.0723
vn -0.1305 0.9776 0.1648
vn -0.4453 0.8801 -0.1648
vn 0.2905 -0.9568 -0.0058
vn 0.1305 -0.9776 -0.1648
vn -0.2890 0.9573 0.0073
vn -0.3011 0.9536 -0.0053
vn -0.3823 0.9193 -0.0930
vn 0.4453 -0.8801 0.1648
vn 0.3400 -0.9393 0.0466
vn 0.2816 -0.9594 -0.0150
vn 0.1305 -0.9776 -0.1647
vn -0.4453 0.8801 -0.1647
vn -0.3034 0.9528 -0.0077
vn -0.2908 0.9568 0.0055
vn 0.3835 -0.9187 0.0943
vn -0.2557 0.9658 0.0417
vn 0.3059 -0.9520 0.0103
vn 0.2862 -0.9581 -0.0103
vn 0.3253 -0.9451 0.0310
vn 0.2961 -0.9551 0.0001
vn 0.1305 -0.9777 -0.1645
vn -0.5879 0.7317 0.3449
vn -0.1305 0.9777 -0.1643
vn -0.3168 0.9482 0.0219
vn 0.3253 -0.9451 0.0309
vn 0.4452 -0.8801 0.1647
vn 0.3823 -0.9193 -0.0930
vn 0.3445 -0.9373 -0.0515
vn 0.6992 0.1228 -0.7043
vn 0.6753 0.2093 -0.7071
vn 0.2046 -0.9744 -0.0930
vn -0.1305 0.9777 -0.1646
vn -0.3265 0.9446 -0.0321
vn 0.1305 -0.9776 0.1649
vn -0.1306 0.9776 0.1650
vn 0.9711 0.0271 0.2372
vn 0.9885 0.0125 0.1507
vn 0.9735 0.0542 0.2222
vn 0.9733 0.0521 0.2235
vn 0.9151 -0.1474 -0.3752
vn 0.9238 -0.1856 -0.3348
vn 0.7504 -0.4035 -0.5235
vn 0.7401 -0.3099 -0.5968
vn 0.9523 0.2857 -0.1070
vn 0.9431 0.2682 -0.1962
vn 0.7783 0.5510 -0.3009
vn 0.7919 0.5892 -0.1606
vn 0.4240 -0.6059 -0.6731
vn 0.4150 -0.4703 -0.7788
vn 0.4437 0.8124 -0.3783
vn 0.4313 0.7250 -0.5369
vn 0.1165 0.8190 -0.5618
vn 0.1220 0.9128 -0.3898
vn 0.4313 -0.7250 -0.5369
vn 0.1164 -0.8190 -0.5618
vn 0.1119 -0.6931 -0.7120
vn 0.9942 -0.0875 0.0621
vn 0.9523 -0.2857 0.1070
vn 0.9560 -0.2932 0.0000
vn 0.9960 -0.0887 0.0000
vn 0.7613 -0.4925 -0.4218
vn 0.9901 -0.0826 0.1131
vn 0.9431 -0.2682 0.1962
vn 0.9327 -0.2369 -0.2719
vn 0.9848 -0.0703 0.1588
vn 0.9327 -0.2369 0.2719
vn 0.4437 -0.8124 -0.3783
vn 0.1220 -0.9128 -0.3898
vn 0.9784 -0.0548 0.1993
vn 0.9238 -0.1856 0.3348
vn 0.7783 -0.5510 -0.3009
vn 0.9076 0.1192 0.4025
vn 0.9043 0.0639 0.4221
vn 0.9735 -0.0542 0.2222
vn 0.9151 -0.1474 0.3752
vn 0.4538 -0.8689 -0.1977
vn 0.1257 -0.9716 -0.2003
vn 0.9705 0.0050 0.2411
vn 0.9048 0.0140 0.4255
vn 0.9048 -0.0140 0.4255
vn 0.9705 -0.0050 0.2411
vn 0.9733 -0.0521 0.2235
vn 0.9076 -0.1192 0.4025
vn 0.9431 -0.2682 -0.1962
vn 0.9523 -0.2857 -0.1070
vn 0.7919 -0.5892 -0.1606
vn 0.9784 0.0548 0.1993
vn 0.9238 0.1856 0.3348
vn 0.9151 0.1474 0.3752
vn 0.9711 -0.0271 0.2372
vn 0.9043 -0.0639 0.4221
vn 0.7964 -0.6047 0.0000
vn 0.4577 -0.8891 0.0000
vn 0.9848 0.0703 0.1588
vn 0.9327 0.2369 0.2719
vn 0.7964 0.6047 0.0000
vn 0.4538 0.8689 -0.1977
vn 0.4577 0.8891 0.0000
vn 0.9901 0.0826 0.1131
vn 0.9431 0.2682 0.1962
vn 0.9560 0.2932 0.0000
vn 0.9942 0.0875 0.0621
vn 0.9523 0.2857 0.1070
vn 0.1257 0.9716 -0.2003
vn 0.9960 0.0887 0.0000
vn -0.0157 0.0488 0.9987
vn 0.1024 0.0479 0.9936
vn 0.1034 0.1917 0.9760
vn -0.0154 0.1940 0.9809
vn 0.1030 0.3750 0.9213
vn -0.0145 0.3799 0.9249
vn 0.1061 0.5427 0.8332
vn -0.0125 0.5506 0.8346
vn 0.1119 0.6931 0.7120
vn -0.0088 0.7024 0.7117
vn 0.1165 0.8190 0.5618
vn -0.0042 0.8278 0.5609
vn 0.1220 0.9128 0.3898
vn -0.0012 0.9216 0.3880
vn 0.1257 0.9716 0.2003
vn -0.0001 0.9801 0.1985
vn 0.1272 0.9919 0.0000
vn 0.9784 -0.0548 -0.1993
vn 0.9900 -0.0094 -0.1404
vn 0.9939 -0.0050 -0.1102
vn 0.9848 -0.0703 -0.1588
vn 0.9972 -0.0026 -0.0749
vn 0.9901 -0.0826 -0.1131
vn 0.9992 -0.0011 -0.0401
vn 0.9942 -0.0875 -0.0621
vn 1.0000 -0.0005 0.0000
vn 0.9711 0.0271 -0.2372
vn 0.9705 0.0050 -0.2411
vn 0.9048 0.0140 -0.4255
vn 0.9043 0.0639 -0.4221
vn 0.4089 0.0417 -0.9116
vn 0.4089 -0.0417 -0.9116
vn 0.1024 -0.0479 -0.9936
vn 0.1024 0.0479 -0.9936
vn 0.7305 0.0279 -0.6823
vn 0.7305 -0.0279 -0.6823
vn 0.9048 -0.0140 -0.4255
vn 0.7286 -0.1186 -0.6746
vn 0.4086 -0.1697 -0.8968
vn 0.9043 -0.0639 -0.4221
vn 0.4087 -0.3287 -0.8514
vn 0.1030 -0.3750 -0.9213
vn 0.1034 -0.1917 -0.9760
vn 0.7309 -0.2249 -0.6443
vn 0.9076 -0.1192 -0.4025
vn 0.1061 -0.5427 -0.8332
vn 0.1272 -0.9919 0.0000
vn 0.1257 -0.9716 0.2003
vn -0.0001 -0.9801 0.1985
vn 0.1220 -0.9128 0.3898
vn -0.0012 -0.9216 0.3880
vn 0.1164 -0.8190 0.5618
vn -0.0042 -0.8278 0.5609
vn 0.1119 -0.6932 0.7120
vn -0.0088 -0.7024 0.7117
vn 0.1061 -0.5427 0.8332
vn -0.0125 -0.5506 0.8346
vn 0.1030 -0.3750 0.9213
vn -0.0145 -0.3799 0.9249
vn 0.1034 -0.1917 0.9760
vn -0.0154 -0.1940 0.9809
vn 0.1024 -0.0479 0.9936
vn -0.0157 -0.0488 0.9987
vn 0.7286 0.1186 0.6746
vn 0.7305 0.0279 0.6823
vn 0.4086 0.1697 0.8968
vn 0.4089 0.0417 0.9116
vn 0.7309 0.2249 0.6443
vn 0.4087 0.3287 0.8514
vn 0.7401 0.3099 0.5968
vn 0.4150 0.4703 0.7788
vn 0.7504 0.4035 0.5235
vn 0.4240 0.6059 0.6731
vn 0.7613 0.4925 0.4218
vn 0.4313 0.7250 0.5369
vn 0.7783 0.5510 0.3009
vn 0.4437 0.8124 0.3783
vn 0.7919 0.5892 0.1606
vn 0.4538 0.8689 0.1977
vn 0.7613 0.4925 -0.4218
vn 0.7504 0.4035 -0.5235
vn 0.4240 0.6059 -0.6731
vn 0.4150 0.4703 -0.7788
vn 0.1061 0.5427 -0.8332
vn 0.1119 0.6931 -0.7120
vn 0.9327 0.2369 -0.2719
vn 0.9238 0.1856 -0.3348
vn 0.9151 0.1474 -0.3752
vn 0.7401 0.3099 -0.5968
vn 0.4087 0.3287 -0.8514
vn 0.1030 0.3750 -0.9213
vn 0.9076 0.1192 -0.4025
vn 0.7309 0.2249 -0.6443
vn 0.4086 0.1697 -0.8968
vn 0.1034 0.1917 -0.9760
vn 0.7286 0.1186 -0.6746
vn -0.0157 -0.0488 -0.9987
vn -0.0157 0.0488 -0.9987
vn -0.0145 -0.3799 -0.9249
vn -0.0154 -0.1940 -0.9809
vn -0.0125 -0.5506 -0.8346
vn -0.0042 -0.8278 -0.5609
vn -0.0088 -0.7024 -0.7117
vn -0.0012 -0.9216 -0.3880
vn -0.0125 0.5506 -0.8346
vn -0.0088 0.7024 -0.7117
vn -0.0154 0.1940 -0.9809
vn -0.0145 0.3799 -0.9249
vn -0.0042 0.8278 -0.5609
vn -0.0012 0.9216 -0.3880
vn -0.0001 0.9801 -0.1985
vn 0.9942 0.0875 -0.0621
vn 0.9735 0.0542 -0.2222
vn 0.9733 0.0521 -0.2235
vn 0.9901 0.0826 -0.1131
vn 0.9848 0.0703 -0.1588
vn 0.9705 -0.0050 -0.2411
vn 0.9711 -0.0271 -0.2372
vn 0.9733 -0.0521 -0.2235
vn 0.9784 0.0548 -0.1993
vn 0.9735 -0.0542 -0.2222
vn 0.9885 0.0125 -0.1507
vn 0.7919 -0.5892 0.1606
vn 0.4538 -0.8689 0.1977
vn 0.7783 -0.5510 0.3009
vn 0.4437 -0.8124 0.3783
vn 0.7613 -0.4925 0.4218
vn 0.4313 -0.7250 0.5369
vn 0.7504 -0.4035 0.5235
vn 0.4240 -0.6059 0.6731
vn 0.7401 -0.3099 0.5968
vn 0.4150 -0.4703 0.7788
vn 0.7309 -0.2249 0.6443
vn 0.4087 -0.3287 0.8514
vn 0.7286 -0.1186 0.6746
vn 0.4086 -0.1697 0.8968
vn 0.7305 -0.0279 0.6823
vn 0.4089 -0.0417 0.9116
vn -0.0001 -0.9801 -0.1985
vn 0.9885 -0.0125 -0.1507
vn 0.9992 -0.0011 0.0401
vn 0.9972 -0.0026 0.0749
vn 0.9939 -0.0050 0.1102
vn 0.9900 -0.0094 0.1404
vn 0.9885 -0.0125 0.1507
vn 0.9974 0.0014 0.0720
vn 0.9972 0.0026 0.0749
vn 0.9939 0.0050 0.1102
vn 0.9946 0.0017 0.1040
vn 0.9900 0.0094 0.1404
vn 0.9915 0.0018 0.1299
vn 1.0000 0.0003 0.0000
vn 1.0000 0.0005 0.0000
vn 0.9992 0.0011 0.0401
vn 0.9993 0.0007 0.0382
vn 0.9888 -0.0015 0.1492
vn 0.9888 0.0015 0.1492
vn 0.9974 -0.0014 0.0720
vn 0.9946 -0.0017 0.1040
vn 0.9915 -0.0018 0.1299
vn 1.0000 -0.0003 0.0000
vn 0.9993 -0.0007 0.0382
vn 0.9974 0.0014 -0.0720
vn 0.9946 0.0017 -0.1040
vn 0.9939 0.0050 -0.1102
vn 0.9972 0.0026 -0.0749
vn 0.9915 0.0018 -0.1299
vn 0.9900 0.0094 -0.1404
vn 0.9993 0.0007 -0.0382
vn 0.9992 0.0011 -0.0401
vn 0.9888 0.0015 -0.1492
vn 0.9888 -0.0015 -0.1492
vn 0.9974 -0.0014 -0.0720
vn 0.9946 -0.0017 -0.1040
vn 0.9915 -0.0018 -0.1299
vn 0.9993 -0.0007 -0.0382
usemtl Chrome
s 1
f 505/1/1 374/2/2 378/3/3 503/4/4
f 377/5/5 390/6/6 19/7/7 125/8/8
f 133/9/9 114/10/10 20/11/11 141/12/12
f 141/12/12 20/11/11 21/13/13 149/14/14
f 149/14/14 21/13/13 22/15/15 157/16/16
f 157/16/16 22/15/15 23/17/17 165/18/18
f 165/18/18 23/17/17 24/19/19 173/20/20
f 173/20/20 24/19/19 25/21/21 181/22/22
f 181/22/22 25/21/21 26/23/23 189/24/24
f 189/24/24 26/23/23 27/25/25 197/26/26
f 197/26/26 27/25/25 28/27/27 205/28/28
f 205/28/28 28/27/27 29/29/29 213/30/30
f 213/30/30 29/29/29 30/31/31 221/32/32
f 221/33/32 30/31/31 31/34/33 229/35/34
f 229/35/34 31/34/33 32/36/35 237/37/36
f 237/37/36 32/36/35 393/38/37 309/39/38
f 521/40/39 306/41/40 322/42/41 522/43/42
f 522/43/42 322/42/41 326/44/43 523/45/44
f 523/45/44 326/44/43 330/46/45 524/47/46
f 524/47/46 330/46/45 334/48/47 525/49/48
f 525/49/48 334/48/47 338/50/49 526/51/50
f 526/51/50 338/50/49 342/52/51 527/53/52
f 527/53/52 342/52/51 346/54/53 528/55/54
f 528/55/54 346/54/53 350/56/55 529/57/56
f 529/57/56 350/56/55 354/58/57 530/59/58
f 530/59/58 354/58/57 358/60/59 531/61/60
f 531/61/60 358/60/59 362/62/61 532/63/62
f 532/63/62 362/62/61 366/64/63 533/65/64
f 533/65/64 366/66/63 370/67/65 534/68/66
f 534/68/66 370/67/65 374/2/2 505/1/1
f 3/69/67 2/70/67 33/71/67 40/72/67 47/73/67 54/74/67 61/75/67 68/76/67 75/77/67 82/78/67 89/79/67 96/80/67 103/81/67 110/82/67 18/83/67 1/84/67 17/85/67 16/86/67 15/87/67 14/88/67 13/89/67 12/90/67 11/91/67 10/92/67 9/93/67 8/94/67 7/95/67 6/96/67 5/97/67 4/98/67
f 473/99/67 474/100/67 305/101/68 310/102/69
f 504/103/70 126/104/71 134/105/72 506/106/73
f 503/107/4 378/108/3 126/104/71 504/103/70
f 509/109/74 158/110/75 166/111/76 510/112/77
f 514/113/78 198/114/79 206/115/80 515/116/81
f 519/117/82 238/118/83 311/119/84 520/120/85
f 507/121/86 142/122/87 150/123/88 508/124/89
f 512/125/90 182/126/91 190/127/92 513/128/93
f 125/8/8 19/7/7 114/10/10 133/9/9
f 517/129/94 222/130/95 230/131/96 518/132/97
f 510/112/77 166/111/76 174/133/98 511/134/99
f 515/116/81 206/115/80 214/135/100 516/136/101
f 520/120/85 311/119/84 306/41/40 521/40/39
f 508/124/89 150/123/88 158/110/75 509/109/74
f 513/128/93 190/127/92 198/114/79 514/113/78
f 518/132/97 230/131/96 238/118/83 519/117/82
f 506/106/73 134/105/72 142/122/87 507/121/86
f 511/134/99 174/133/98 182/126/91 512/125/90
f 516/136/101 214/135/100 222/130/95 517/129/94
f 27/25/25 34/137/102 35/138/103 28/27/27
f 493/139/67 476/140/67 394/141/104 398/142/105
f 30/31/31 37/143/106 38/144/107 31/34/33
f 28/27/27 35/138/103 36/145/108 29/29/29
f 31/34/33 38/144/107 39/146/109 32/36/35
f 29/29/29 36/145/108 37/143/106 30/31/31
f 38/144/107 45/147/110 46/148/111 39/146/109
f 36/145/108 43/149/112 44/150/113 37/143/106
f 34/137/102 41/151/114 42/152/115 35/138/103
f 494/153/67 493/139/67 398/142/105 402/154/116
f 37/143/106 44/150/113 45/147/110 38/144/107
f 35/138/103 42/152/115 43/149/112 36/145/108
f 45/147/110 52/155/117 53/156/118 46/148/111
f 43/149/112 50/157/119 51/158/120 44/150/113
f 41/151/114 48/159/121 49/160/122 42/152/115
f 495/161/67 494/153/67 402/154/116 406/162/123
f 44/150/113 51/158/120 52/155/117 45/147/110
f 42/152/115 49/160/122 50/157/119 43/149/112
f 52/155/117 59/163/124 60/164/125 53/156/118
f 50/157/119 57/165/126 58/166/127 51/158/120
f 48/159/121 55/167/128 56/168/129 49/160/122
f 496/169/67 495/161/67 406/162/123 410/170/130
f 51/158/120 58/166/127 59/163/124 52/155/117
f 49/160/122 56/168/129 57/165/126 50/157/119
f 59/163/124 66/171/131 67/172/132 60/164/125
f 57/165/126 64/173/133 65/174/134 58/166/127
f 55/167/128 62/175/135 63/176/136 56/168/129
f 497/177/67 496/169/67 410/170/130 414/178/137
f 58/166/127 65/174/134 66/171/131 59/163/124
f 56/168/129 63/176/136 64/173/133 57/165/126
f 64/173/133 71/179/138 72/180/139 65/174/134
f 62/175/135 69/181/140 70/182/141 63/176/136
f 498/183/67 497/177/67 414/178/137 418/184/142
f 65/174/134 72/180/139 73/185/143 66/171/131
f 63/176/136 70/182/141 71/179/138 64/173/133
f 66/171/131 73/185/143 74/186/144 67/172/132
f 69/181/140 76/187/145 77/188/146 70/182/141
f 499/189/67 498/183/67 418/184/142 422/190/147
f 72/180/139 79/191/148 80/192/149 73/185/143
f 70/182/141 77/188/146 78/193/150 71/179/138
f 73/185/143 80/192/149 81/194/151 74/186/144
f 71/179/138 78/193/150 79/191/148 72/180/139
f 500/195/67 499/189/67 422/190/147 426/196/152
f 79/191/148 86/197/153 87/198/154 80/192/149
f 77/188/146 84/199/155 85/200/156 78/193/150
f 80/192/149 87/198/154 88/201/157 81/194/151
f 78/193/150 85/200/156 86/197/153 79/191/148
f 76/187/145 83/202/158 84/199/155 77/188/146
f 501/203/67 500/195/67 426/196/152 430/204/159
f 86/197/153 93/205/160 94/206/161 87/198/154
f 84/199/155 91/207/162 92/208/163 85/200/156
f 87/198/154 94/206/161 95/209/164 88/201/157
f 85/200/156 92/208/163 93/205/160 86/197/153
f 83/202/158 90/210/165 91/207/162 84/199/155
f 502/211/67 501/203/67 430/204/159 434/212/166
f 93/205/160 100/213/167 101/214/168 94/206/161
f 91/207/162 98/215/169 99/216/170 92/208/163
f 94/206/161 101/214/168 102/217/171 95/209/164
f 92/208/163 99/216/170 100/213/167 93/205/160
f 90/210/165 97/218/172 98/215/169 91/207/162
f 100/213/167 107/219/173 108/220/174 101/214/168
f 98/215/169 105/221/175 106/222/176 99/216/170
f 101/214/168 108/220/174 109/223/177 102/217/171
f 99/216/170 106/222/176 107/219/173 100/213/167
f 97/218/172 104/224/178 105/221/175 98/215/169
f 492/225/67 502/211/67 434/212/166 438/226/179
f 105/221/175 22/227/15 21/228/13 106/222/176
f 108/220/174 114/229/10 19/230/7 109/223/177
f 106/222/176 21/228/13 20/231/11 107/219/173
f 104/224/178 23/232/17 22/227/15 105/221/175
f 491/233/67 492/225/67 438/226/179 389/234/180
f 107/219/173 20/231/11 114/229/10 108/220/174
f 76/187/145 69/181/140 112/235/181 111/236/182 83/202/158
f 83/202/158 111/236/182 115/237/183 97/218/172 90/210/165
f 113/238/184 26/23/23 25/239/21
f 62/175/135 55/167/128 116/240/185 112/235/181 69/181/140
f 41/151/114 113/238/184 116/240/185 55/167/128 48/159/121
f 112/235/181 25/239/21 111/236/182
f 113/238/184 25/239/21 116/240/185
f 111/236/182 25/239/21 115/237/183
f 116/240/185 25/239/21 112/235/181
f 25/239/21 24/19/19 115/237/183
f 24/19/19 23/232/17 104/224/178 97/218/172 115/237/183
f 26/23/23 113/238/184 41/151/114 34/137/102 27/25/25
f 474/100/67 475/241/67 321/242/186 305/101/68
f 476/140/67 473/99/67 310/102/69 394/141/104
f 477/243/67 478/244/67 329/245/187 325/246/188
f 478/244/67 479/247/67 333/248/189 329/245/187
f 479/247/67 480/249/67 337/250/190 333/248/189
f 480/249/67 481/251/67 341/252/191 337/250/190
f 481/251/67 482/253/67 345/254/192 341/252/191
f 482/253/67 483/255/67 349/256/193 345/254/192
f 483/255/67 484/257/67 353/258/194 349/256/193
f 484/257/67 485/259/67 357/260/195 353/258/194
f 485/259/67 486/261/67 361/262/196 357/260/195
f 486/261/67 487/263/67 365/264/197 361/262/196
f 487/263/67 488/265/67 369/266/198 365/264/197
f 488/265/67 489/267/67 373/268/199 369/266/198
f 489/267/67 490/269/67 379/270/200 373/268/199
f 490/269/67 491/233/67 389/234/180 379/270/200
f 109/223/177 19/230/7 390/271/6 437/272/201
f 475/241/67 477/243/67 325/246/188 321/242/186
f 39/146/109 46/148/111 401/273/202 397/274/203
f 46/148/111 53/156/118 405/275/204 401/273/202
f 53/156/118 60/164/125 409/276/205 405/275/204
f 60/164/125 67/172/132 413/277/206 409/276/205
f 67/172/132 74/186/144 417/278/207 413/277/206
f 74/186/144 81/194/151 421/279/208 417/278/207
f 81/194/151 88/201/157 425/280/209 421/279/208
f 88/201/157 95/209/164 429/281/210 425/280/209
f 95/209/164 102/217/171 433/282/211 429/281/210
f 102/217/171 109/223/177 437/272/201 433/282/211
f 32/36/35 39/146/109 397/274/203 393/38/37
f 309/39/38 312/283/212 314/284/213 313/285/214
f 312/283/212 316/286/215 317/287/216 314/284/213
f 310/102/69 315/288/217 317/289/216 316/290/215
f 315/288/217 319/291/218 320/292/219 317/289/216
f 311/119/84 318/293/220 320/294/219 319/295/218
f 318/293/220 313/296/214 314/297/213 320/294/219
f 314/284/213 317/289/216 320/294/219
f 377/5/5 380/298/221 382/299/222 381/300/223
f 380/298/221 384/301/224 385/302/225 382/299/222
f 378/3/3 383/303/226 385/304/225 384/305/224
f 383/303/226 387/306/227 388/307/228 385/304/225
f 379/270/200 386/308/229 388/309/228 387/310/227
f 386/311/229 381/312/223 382/313/222 388/314/228
f 382/315/222 385/316/225 388/317/228
f 118/318/230 122/319/231 124/320/232 120/321/233
f 120/321/233 124/320/232 123/322/234 119/323/235
f 126/104/71 378/108/3 384/324/224 128/325/236
f 128/325/236 384/324/224 380/298/221 127/326/237
f 127/326/237 380/298/221 377/5/5 125/8/8
f 122/319/231 130/327/238 132/328/239 124/329/232
f 124/329/232 132/328/239 131/330/240 123/331/234
f 134/105/72 126/104/71 128/325/236 136/332/241
f 136/332/241 128/325/236 127/326/237 135/333/242
f 135/333/242 127/326/237 125/8/8 133/9/9
f 130/327/238 138/334/243 140/335/244 132/336/239
f 132/336/239 140/335/244 139/337/245 131/338/240
f 142/122/87 134/105/72 136/332/241 144/339/246
f 144/339/246 136/332/241 135/333/242 143/340/247
f 143/340/247 135/333/242 133/9/9 141/12/12
f 138/341/243 146/342/248 148/343/249 140/344/244
f 140/344/244 148/343/249 147/345/250 139/346/245
f 150/123/88 142/122/87 144/339/246 152/347/251
f 152/347/251 144/339/246 143/340/247 151/348/252
f 151/348/252 143/340/247 141/12/12 149/14/14
f 146/342/248 154/349/253 156/350/254 148/351/249
f 148/351/249 156/350/254 155/352/255 147/353/250
f 158/110/75 150/123/88 152/347/251 160/354/256
f 160/354/256 152/347/251 151/348/252 159/355/257
f 159/355/257 151/348/252 149/14/14 157/16/16
f 154/349/253 162/356/258 164/357/259 156/358/254
f 156/358/254 164/357/259 163/359/260 155/360/255
f 166/111/76 158/110/75 160/354/256 168/361/261
f 168/361/261 160/354/256 159/355/257 167/362/262
f 167/362/262 159/355/257 157/16/16 165/18/18
f 162/356/258 170/363/263 172/364/264 164/365/259
f 164/365/259 172/364/264 171/366/265 163/367/260
f 174/133/98 166/111/76 168/361/261 176/368/266
f 176/368/266 168/361/261 167/362/262 175/369/267
f 175/369/267 167/362/262 165/18/18 173/20/20
f 170/363/263 178/370/268 180/371/269 172/372/264
f 172/372/264 180/371/269 179/373/270 171/374/265
f 182/126/91 174/133/98 176/368/266 184/375/271
f 184/375/271 176/368/266 175/369/267 183/376/272
f 183/376/272 175/369/267 173/20/20 181/22/22
f 178/370/268 186/377/273 188/378/274 180/379/269
f 180/379/269 188/378/274 187/380/275 179/381/270
f 190/127/92 182/126/91 184/375/271 192/382/276
f 192/382/276 184/375/271 183/376/272 191/383/277
f 191/383/277 183/376/272 181/22/22 189/24/24
f 186/377/273 194/384/278 196/385/279 188/386/274
f 188/386/274 196/385/279 195/387/280 187/388/275
f 198/114/79 190/127/92 192/382/276 200/389/281
f 200/389/281 192/382/276 191/383/277 199/390/282
f 199/390/282 191/383/277 189/24/24 197/26/26
f 194/384/278 202/391/283 204/392/284 196/393/279
f 196/393/279 204/392/284 203/394/285 195/395/280
f 206/115/80 198/114/79 200/389/281 208/396/286
f 208/396/286 200/389/281 199/390/282 207/397/287
f 207/397/287 199/390/282 197/26/26 205/28/28
f 202/391/283 210/398/288 212/399/289 204/400/284
f 204/400/284 212/399/289 211/401/290 203/402/285
f 214/135/100 206/115/80 208/396/286 216/403/291
f 216/403/291 208/396/286 207/397/287 215/404/292
f 215/404/292 207/397/287 205/28/28 213/30/30
f 210/398/288 218/405/293 220/406/294 212/407/289
f 212/407/289 220/406/294 219/408/295 211/409/290
f 222/130/95 214/135/100 216/403/291 224/410/296
f 224/410/296 216/403/291 215/404/292 223/411/297
f 223/411/297 215/404/292 213/30/30 221/32/32
f 218/405/293 226/412/298 228/413/299 220/414/294
f 220/414/294 228/413/299 227/415/300 219/416/295
f 230/131/96 222/130/95 224/410/296 232/417/301
f 232/417/301 224/410/296 223/411/297 231/418/302
f 231/418/302 223/411/297 221/33/32 229/35/34
f 226/412/298 234/419/303 236/420/304 228/421/299
f 228/421/299 236/420/304 235/422/305 227/423/300
f 238/118/83 230/131/96 232/417/301 240/424/306
f 240/424/306 232/417/301 231/418/302 239/425/307
f 239/425/307 231/418/302 229/35/34 237/37/36
f 234/419/303 242/426/308 244/427/309 236/428/304
f 236/428/304 244/427/309 243/429/310 235/430/305
f 311/119/84 238/118/83 240/424/306 318/293/220
f 318/293/220 240/424/306 239/425/307 313/285/214
f 313/285/214 239/425/307 237/37/36 309/39/38
f 242/426/308 246/431/311 248/432/312 244/433/309
f 244/433/309 248/432/312 247/434/313 243/435/310
f 306/41/40 311/119/84 319/436/218 308/437/314
f 308/437/314 319/436/218 315/288/217 307/438/315
f 307/438/315 315/288/217 310/102/69 305/101/68
f 246/431/311 250/439/316 252/440/317 248/441/312
f 248/441/312 252/440/317 251/442/318 247/443/313
f 322/42/41 306/41/40 308/437/314 324/444/319
f 324/444/319 308/437/314 307/438/315 323/445/320
f 323/445/320 307/438/315 305/101/68 321/242/186
f 250/439/316 254/446/321 256/447/322 252/448/317
f 252/448/317 256/447/322 255/449/323 251/450/318
f 326/44/43 322/42/41 324/444/319 328/451/324
f 328/451/324 324/444/319 323/445/320 327/452/325
f 327/452/325 323/445/320 321/242/186 325/246/188
f 254/453/321 258/454/326 260/455/327 256/456/322
f 256/456/322 260/455/327 259/457/328 255/458/323
f 330/46/45 326/44/43 328/451/324 332/459/329
f 332/459/329 328/451/324 327/452/325 331/460/330
f 331/460/330 327/452/325 325/246/188 329/245/187
f 258/454/326 262/461/331 264/462/332 260/463/327
f 260/463/327 264/462/332 263/464/333 259/465/328
f 334/48/47 330/46/45 332/459/329 336/466/334
f 336/466/334 332/459/329 331/460/330 335/467/335
f 335/467/335 331/460/330 329/245/187 333/248/189
f 262/461/331 266/468/336 268/469/337 264/470/332
f 264/470/332 268/469/337 267/471/338 263/472/333
f 338/50/49 334/48/47 336/466/334 340/473/339
f 340/473/339 336/466/334 335/467/335 339/474/340
f 339/474/340 335/467/335 333/248/189 337/250/190
f 266/468/336 270/475/341 272/476/342 268/477/337
f 268/477/337 272/476/342 271/478/343 267/479/338
f 342/52/51 338/50/49 340/473/339 344/480/344
f 344/480/344 340/473/339 339/474/340 343/481/345
f 343/481/345 339/474/340 337/250/190 341/252/191
f 270/482/341 274/483/346 276/484/347 272/485/342
f 272/485/342 276/484/347 275/486/348 271/487/343
f 346/54/53 342/52/51 344/480/344 348/488/349
f 348/488/349 344/480/344 343/481/345 347/489/350
f 347/489/350 343/481/345 341/252/191 345/254/192
f 274/483/346 278/490/351 280/491/352 276/492/347
f 276/492/347 280/491/352 279/493/353 275/494/348
f 350/56/55 346/54/53 348/488/349 352/495/354
f 352/495/354 348/488/349 347/489/350 351/496/355
f 351/496/355 347/489/350 345/254/192 349/256/193
f 278/490/351 282/497/356 284/498/357 280/499/352
f 280/499/352 284/498/357 283/500/358 279/501/353
f 354/58/57 350/56/55 352/495/354 356/502/359
f 356/502/359 352/495/354 351/496/355 355/503/360
f 355/503/360 351/496/355 349/256/193 353/258/194
f 282/497/356 286/504/361 288/505/362 284/506/357
f 284/506/357 288/505/362 287/507/363 283/508/358
f 358/60/59 354/58/57 356/502/359 360/509/364
f 360/509/364 356/502/359 355/503/360 359/510/365
f 359/510/365 355/503/360 353/258/194 357/260/195
f 286/511/361 290/512/366 292/513/367 288/514/362
f 288/514/362 292/513/367 291/515/368 287/516/363
f 362/62/61 358/60/59 360/509/364 364/517/369
f 364/517/369 360/509/364 359/510/365 363/518/370
f 363/518/370 359/510/365 357/260/195 361/262/196
f 290/512/366 294/519/371 296/520/372 292/521/367
f 292/521/367 296/520/372 295/522/373 291/523/368
f 366/64/63 362/62/61 364/517/369 368/524/374
f 368/524/374 364/517/369 363/518/370 367/525/375
f 367/525/375 363/518/370 361/262/196 365/264/197
f 294/519/371 298/526/376 300/527/377 296/528/372
f 296/528/372 300/527/377 299/529/378 295/530/373
f 370/67/65 366/66/63 368/524/374 372/531/379
f 372/531/379 368/524/374 367/525/375 371/532/380
f 371/532/380 367/525/375 365/264/197 369/266/198
f 298/526/376 302/533/381 304/534/382 300/535/377
f 300/535/377 304/534/382 303/536/383 299/537/378
f 374/2/2 370/67/65 372/531/379 376/538/384
f 376/538/384 372/531/379 371/532/380 375/539/385
f 375/539/385 371/532/380 369/266/198 373/268/199
f 302/533/381 118/540/230 120/541/233 304/542/382
f 304/542/382 120/541/233 119/543/235 303/544/383
f 378/3/3 374/2/2 376/538/384 383/303/226
f 383/303/226 376/538/384 375/539/385 387/545/227
f 387/545/227 375/539/385 373/268/199 379/270/200
f 390/6/6 377/5/5 381/300/223 392/546/386
f 392/546/386 381/300/223 386/547/229 391/548/387
f 391/549/387 386/308/229 379/270/200 389/234/180
f 309/39/38 393/38/37 395/550/388 312/283/212
f 312/283/212 395/550/388 396/551/389 316/552/215
f 316/552/215 396/551/389 394/141/104 310/102/69
f 393/38/37 397/274/203 399/553/390 395/550/388
f 395/550/388 399/553/390 400/554/391 396/551/389
f 396/551/389 400/554/391 398/142/105 394/141/104
f 397/274/203 401/273/202 403/555/392 399/553/390
f 399/553/390 403/555/392 404/556/393 400/554/391
f 400/554/391 404/556/393 402/154/116 398/142/105
f 401/273/202 405/275/204 407/557/394 403/555/392
f 403/555/392 407/557/394 408/558/395 404/556/393
f 404/556/393 408/558/395 406/162/123 402/154/116
f 405/275/204 409/276/205 411/559/396 407/557/394
f 407/557/394 411/559/396 412/560/397 408/558/395
f 408/558/395 412/560/397 410/170/130 406/162/123
f 409/276/205 413/277/206 415/561/398 411/559/396
f 411/559/396 415/561/398 416/562/399 412/560/397
f 412/560/397 416/562/399 414/178/137 410/170/130
f 413/277/206 417/278/207 419/563/400 415/561/398
f 415/561/398 419/563/400 420/564/401 416/562/399
f 416/562/399 420/564/401 418/184/142 414/178/137
f 417/278/207 421/279/208 423/565/402 419/563/400
f 419/563/400 423/565/402 424/566/403 420/564/401
f 420/564/401 424/566/403 422/190/147 418/184/142
f 421/279/208 425/280/209 427/567/404 423/565/402
f 423/565/402 427/567/404 428/568/405 424/566/403
f 424/566/403 428/568/405 426/196/152 422/190/147
f 425/280/209 429/281/210 431/569/406 427/567/404
f 427/567/404 431/569/406 432/570/407 428/568/405
f 428/568/405 432/570/407 430/204/159 426/196/152
f 429/281/210 433/282/211 435/571/408 431/569/406
f 431/569/406 435/571/408 436/572/409 432/570/407
f 432/570/407 436/572/409 434/212/166 430/204/159
f 433/282/211 437/272/201 439/573/410 435/571/408
f 435/571/408 439/573/410 440/574/411 436/572/409
f 436/572/409 440/574/411 438/226/179 434/212/166
f 437/272/201 390/271/6 392/575/386 439/573/410
f 439/573/410 392/575/386 391/576/387 440/577/411
f 440/574/411 391/578/387 389/234/180 438/226/179
f 4/98/67 5/97/67 477/243/67 475/241/67
f 1/84/67 18/83/67 491/233/67 490/269/67
f 17/85/67 1/84/67 490/269/67 489/267/67
f 16/86/67 17/85/67 489/267/67 488/265/67
f 15/87/67 16/86/67 488/265/67 487/263/67
f 14/88/67 15/87/67 487/263/67 486/261/67
f 13/89/67 14/88/67 486/261/67 485/259/67
f 12/90/67 13/89/67 485/259/67 484/257/67
f 11/91/67 12/90/67 484/257/67 483/255/67
f 10/92/67 11/91/67 483/255/67 482/253/67
f 9/93/67 10/92/67 482/253/67 481/251/67
f 8/94/67 9/93/67 481/251/67 480/249/67
f 7/95/67 8/94/67 480/249/67 479/247/67
f 6/96/67 7/95/67 479/247/67 478/244/67
f 5/97/67 6/96/67 478/244/67 477/243/67
f 33/71/67 2/70/67 473/99/67 476/140/67
f 3/69/67 4/98/67 475/241/67 474/100/67
f 18/83/67 110/82/67 492/225/67 491/233/67
f 110/82/67 103/81/67 502/211/67 492/225/67
f 103/81/67 96/80/67 501/203/67 502/211/67
f 96/80/67 89/79/67 500/195/67 501/203/67
f 89/79/67 82/78/67 499/189/67 500/195/67
f 82/78/67 75/77/67 498/183/67 499/189/67
f 75/77/67 68/76/67 497/177/67 498/183/67
f 68/76/67 61/75/67 496/169/67 497/177/67
f 61/75/67 54/74/67 495/161/67 496/169/67
f 54/74/67 47/73/67 494/153/67 495/161/67
f 47/73/67 40/72/67 493/139/67 494/153/67
f 40/72/67 33/71/67 476/140/67 493/139/67
f 2/70/67 3/69/67 474/100/67 473/99/67
f 210/398/288 516/136/101 517/129/94 218/405/293
f 170/363/263 511/134/99 512/125/90 178/370/268
f 130/327/238 506/106/73 507/121/86 138/334/243
f 226/412/298 518/132/97 519/117/82 234/419/303
f 186/377/273 513/128/93 514/113/78 194/384/278
f 146/342/248 508/124/89 509/109/74 154/349/253
f 242/426/308 520/120/85 521/40/39 246/431/311
f 202/391/283 515/116/81 516/136/101 210/398/288
f 162/356/258 510/112/77 511/134/99 170/363/263
f 218/405/293 517/129/94 518/132/97 226/412/298
f 178/370/268 512/125/90 513/128/93 186/377/273
f 138/341/243 507/121/86 508/124/89 146/342/248
f 234/419/303 519/117/82 520/120/85 242/426/308
f 194/384/278 514/113/78 515/116/81 202/391/283
f 154/349/253 509/109/74 510/112/77 162/356/258
f 118/318/230 503/107/4 504/103/70 122/319/231
f 122/319/231 504/103/70 506/106/73 130/327/238
f 298/526/376 534/68/66 505/1/1 302/533/381
f 294/519/371 533/65/64 534/68/66 298/526/376
f 290/512/366 532/63/62 533/65/64 294/519/371
f 286/511/361 531/61/60 532/63/62 290/512/366
f 282/497/356 530/59/58 531/61/60 286/504/361
f 278/490/351 529/57/56 530/59/58 282/497/356
f 274/483/346 528/55/54 529/57/56 278/490/351
f 270/482/341 527/53/52 528/55/54 274/483/346
f 266/468/336 526/51/50 527/53/52 270/475/341
f 262/461/331 525/49/48 526/51/50 266/468/336
f 258/454/326 524/47/46 525/49/48 262/461/331
f 254/453/321 523/45/44 524/47/46 258/454/326
f 250/439/316 522/43/42 523/45/44 254/446/321
f 246/431/311 521/40/39 522/43/42 250/439/316
f 302/533/381 505/1/1 503/4/4 118/540/230
usemtl Matt_black
f 119/579/235 123/580/234 441/581/412 442/582/413
f 123/580/234 131/583/240 443/584/414 441/581/412
f 131/583/240 139/585/245 444/586/415 443/584/414
f 139/585/245 147/587/250 445/588/416 444/586/415
f 147/587/250 155/589/255 446/590/417 445/588/416
f 155/589/255 163/591/260 447/592/418 446/590/417
f 163/591/260 171/593/265 448/594/419 447/592/418
f 171/593/265 179/595/270 449/596/420 448/594/419
f 179/595/270 187/597/275 450/598/421 449/596/420
f 187/597/275 195/599/280 451/600/422 450/598/421
f 195/599/280 203/601/285 452/602/423 451/600/422
f 203/601/285 211/603/290 453/604/424 452/602/423
f 211/603/290 219/605/295 454/606/425 453/604/424
f 219/605/295 227/607/300 455/608/426 454/606/425
f 227/607/300 235/609/305 456/610/427 455/608/426
f 235/609/305 243/611/310 457/612/428 456/610/427
f 243/611/310 247/613/313 458/614/429 457/612/428
f 247/613/313 251/615/318 459/616/430 458/614/429
f 251/615/318 255/617/323 460/618/431 459/616/430
f 255/617/323 259/619/328 461/620/432 460/618/431
f 259/619/328 263/621/333 462/622/433 461/620/432
f 263/621/333 267/623/338 463/624/434 462/622/433
f 267/623/338 271/625/343 464/626/435 463/624/434
f 271/625/343 275/627/348 465/628/436 464/626/435
f 275/627/348 279/629/353 466/630/437 465/628/436
f 279/629/353 283/631/358 467/632/438 466/630/437
f 283/631/358 287/633/363 468/634/439 467/632/438
f 287/633/363 291/635/368 469/636/440 468/634/439
f 291/635/368 295/637/373 470/638/441 469/636/440
f 295/637/373 299/639/378 471/640/442 470/638/441
f 299/639/378 303/641/383 472/642/443 471/640/442
f 303/641/383 119/579/235 442/582/413 472/642/443
f 117/643/444 121/644/444 129/645/444 137/646/444 145/647/444 153/648/444 161/649/444 169/650/444 177/651/444 185/652/444 193/653/444 201/654/444 209/655/444 217/656/444 225/657/444 233/658/444 241/659/444 245/660/444 249/661/444 253/662/444 257/663/444 261/664/444 265/665/444 269/666/444 273/667/444 277/668/444 281/669/444 285/670/444 289/671/444 293/672/444 297/673/444 301/674/444
f 121/644/444 117/643/444 442/582/413 441/581/412
f 129/645/444 121/644/444 441/581/412 443/584/414
f 137/646/444 129/645/444 443/584/414 444/586/415
f 145/647/444 137/646/444 444/586/415 445/588/416
f 153/648/444 145/647/444 445/588/416 446/590/417
f 161/649/444 153/648/444 446/590/417 447/592/418
f 169/650/444 161/649/444 447/592/418 448/594/419
f 177/651/444 169/650/444 448/594/419 449/596/420
f 185/652/444 177/651/444 449/596/420 450/598/421
f 193/653/444 185/652/444 450/598/421 451/600/422
f 201/654/444 193/653/444 451/600/422 452/602/423
f 209/655/444 201/654/444 452/602/423 453/604/424
f 217/656/444 209/655/444 453/604/424 454/606/425
f 225/657/444 217/656/444 454/606/425 455/608/426
f 233/658/444 225/657/444 455/608/426 456/610/427
f 241/659/444 233/658/444 456/610/427 457/612/428
f 245/660/444 241/659/444 457/612/428 458/614/429
f 249/661/444 245/660/444 458/614/429 459/616/430
f 253/662/444 249/661/444 459/616/430 460/618/431
f 257/663/444 253/662/444 460/618/431 461/620/432
f 261/664/444 257/663/444 461/620/432 462/622/433
f 265/665/444 261/664/444 462/622/433 463/624/434
f 269/666/444 265/665/444 463/624/434 464/626/435
f 273/667/444 269/666/444 464/626/435 465/628/436
f 277/668/444 273/667/444 465/628/436 466/630/437
f 281/669/444 277/668/444 466/630/437 467/632/438
f 285/670/444 281/669/444 467/632/438 468/634/439
f 289/671/444 285/670/444 468/634/439 469/636/440
f 293/672/444 289/671/444 469/636/440 470/638/441
f 297/673/444 293/672/444 470/638/441 471/640/442
f 301/674/444 297/673/444 471/640/442 472/642/443
f 117/643/444 301/674/444 472/642/443 442/582/413
usemtl Aerator_Chrome
f 1297/675/445 783/676/446 536/677/447 957/678/448
f 783/676/446 784/679/449 538/680/450 536/677/447
f 784/679/449 797/681/451 539/682/452 538/680/450
f 797/681/451 796/683/453 540/684/454 539/682/452
f 796/683/453 785/685/455 542/686/456 540/684/454
f 785/685/455 786/687/457 544/688/458 542/686/456
f 786/687/457 787/689/459 546/690/460 544/688/458
f 787/689/459 788/691/85 548/692/461 546/690/460
f 788/691/85 789/693/462 550/694/463 548/692/461
f 789/693/462 790/695/464 552/696/465 550/694/463
f 790/695/464 795/697/466 553/698/467 552/696/465
f 795/697/466 794/699/468 554/700/469 553/698/467
f 794/699/468 791/701/470 556/702/471 554/700/469
f 791/701/470 793/703/472 557/704/473 556/702/471
f 793/703/472 792/705/474 558/706/475 557/704/473
f 792/705/474 1298/707/476 959/708/477 558/706/475
f 549/709/478 834/710/479 841/711/480 551/712/481
f 643/713/453 564/714/482 565/715/483 630/716/484
f 547/717/485 621/718/486 834/710/479 549/709/478
f 641/719/487 573/720/488 574/721/489 631/722/472
f 967/723/445 960/724/490 561/725/491 632/726/446
f 842/727/492 569/728/493 628/729/494 843/730/495
f 630/716/484 565/715/483 820/731/496 819/732/497
f 631/722/472 574/721/489 575/733/498 634/734/474
f 632/726/446 561/725/491 562/735/499 629/736/449
f 637/737/500 570/738/501 814/739/502 815/740/503
f 543/741/504 839/742/505 624/743/506 545/744/507
f 633/745/508 566/746/509 625/747/510 846/748/511
f 634/734/474 575/733/498 961/749/512 966/750/513
f 629/736/449 562/735/499 563/751/514 638/752/451
f 635/753/515 571/754/516 572/755/517 639/756/468
f 845/757/492 567/758/518 568/759/493 844/760/85
f 638/752/451 563/751/514 564/714/482 643/713/453
f 639/756/468 572/755/517 573/720/488 641/719/487
f 545/744/507 624/743/506 621/718/486 547/717/485
f 844/760/85 568/759/493 569/728/493 842/727/492
f 538/680/450 539/682/452 584/761/519 583/762/520
f 548/692/461 550/694/463 590/763/521 589/764/522
f 539/682/452 540/684/454 585/765/523 584/761/519
f 540/684/454 542/686/456 586/766/524 585/765/523
f 550/694/463 552/696/465 591/767/525 590/763/521
f 542/686/456 544/688/458 587/768/526 586/766/524
f 552/696/465 553/698/467 592/769/527 591/767/525
f 553/698/467 554/700/469 593/770/528 592/769/527
f 554/700/469 556/702/471 594/771/529 593/770/528
f 544/688/458 546/690/460 588/772/530 587/768/526
f 957/678/448 536/677/447 582/773/531 962/774/532
f 556/702/471 557/704/473 595/775/533 594/771/529
f 557/704/473 558/706/475 596/776/534 595/775/533
f 546/690/460 548/692/461 589/764/522 588/772/530
f 536/677/447 538/680/450 583/762/520 582/773/531
f 558/706/475 959/708/477 963/777/535 596/776/534
f 660/778/536 816/779/537 817/780/538 688/781/539
f 661/782/540 660/778/536 688/781/539 689/783/541
f 662/784/542 661/782/540 689/783/541 690/785/543
f 663/786/544 662/784/542 690/785/543 691/787/545
f 664/788/546 991/789/547 1004/790/548 676/791/549
f 665/792/550 663/786/544 691/787/545 692/793/551
f 666/794/552 664/788/546 676/791/549 677/795/553
f 987/796/554 665/792/550 692/793/551 1022/797/555
f 667/798/556 666/794/552 677/795/553 678/799/557
f 668/800/558 667/798/556 678/799/557 679/801/559
f 669/802/560 668/800/558 679/801/559 680/803/561
f 670/804/562 821/805/563 822/806/564 681/807/565
f 671/808/566 675/809/567 682/810/568 683/811/569
f 672/812/570 671/808/566 683/811/569 684/813/571
f 673/814/572 672/812/570 684/813/571 685/815/573
f 659/816/574 674/817/575 686/818/576 687/819/577
f 549/709/478 551/712/481 616/820/578 615/821/579
f 547/717/485 549/709/478 615/821/579 614/822/85
f 545/744/507 547/717/485 614/822/85 613/823/580
f 543/741/504 545/744/507 613/823/580 612/824/581
f 560/825/468 639/756/468 641/719/487 555/826/470
f 617/827/451 638/752/451 643/713/453 581/828/453
f 830/829/582 636/830/583 640/831/85 829/832/85
f 577/833/584 635/753/515 639/756/468 560/825/468
f 537/834/449 629/736/449 638/752/451 617/827/451
f 578/835/474 634/734/474 966/750/513 958/836/585
f 541/837/586 630/716/484 819/732/497 612/838/581
f 815/740/503 635/753/515 577/833/584 616/839/578
f 535/840/446 632/726/446 629/736/449 537/834/449
f 612/838/581 819/732/497 633/745/508 543/741/504
f 832/841/587 642/842/588 622/843/589 833/844/590
f 956/845/445 967/723/445 632/726/446 535/840/446
f 623/846/479 620/847/591 579/848/592
f 835/849/506 618/850/593 576/851/486
f 555/826/470 641/719/487 631/722/472 580/852/472
f 843/730/495 628/729/494 570/738/501 637/737/500
f 620/847/591 836/853/486 559/854/479 579/848/592
f 674/817/575 628/729/494 569/728/493 673/814/572
f 675/809/567 625/747/510 566/746/509 670/804/562
f 836/853/486 835/849/506 576/851/486 559/854/479
f 846/748/511 625/747/510 567/758/518 845/757/492
f 581/828/453 643/713/453 630/716/484 541/837/586
f 831/855/594 619/856/595 636/830/583 830/829/582
f 841/711/480 843/730/495 637/737/500 551/712/481
f 551/712/481 637/737/500 815/740/503 616/839/578
f 799/857/596 798/858/597 650/859/597 649/860/596
f 798/858/597 800/861/85 651/862/85 650/859/597
f 800/861/85 801/863/598 652/864/598 651/862/85
f 801/863/598 802/865/599 653/866/599 652/864/598
f 802/865/599 803/867/600 654/868/600 653/866/599
f 803/867/600 804/869/468 655/870/468 654/868/600
f 804/869/468 805/871/470 656/872/470 655/870/468
f 805/871/470 806/873/472 657/874/472 656/872/470
f 1317/875/445 807/876/446 644/877/446 983/878/601
f 806/873/472 808/879/474 658/880/474 657/874/472
f 807/876/446 809/881/449 645/882/449 644/877/446
f 808/879/474 1320/883/476 984/884/585 658/880/474
f 809/881/449 810/885/451 646/886/451 645/882/449
f 810/885/451 811/887/453 647/888/453 646/886/451
f 811/887/453 812/889/602 648/890/602 647/888/453
f 812/889/602 799/857/596 649/860/596 648/890/602
f 682/810/568 675/809/567 670/804/562 681/807/565
f 686/818/576 674/817/575 673/814/572 685/815/573
f 570/738/501 628/729/494 674/817/575 659/816/574
f 569/728/493 568/759/493 672/812/570 673/814/572
f 568/759/493 567/758/518 671/808/566 672/812/570
f 567/758/518 625/747/510 675/809/567 671/808/566
f 566/746/509 820/731/496 821/805/563 670/804/562
f 565/715/483 564/714/482 668/800/558 669/802/560
f 564/714/482 563/751/514 667/798/556 668/800/558
f 563/751/514 562/735/499 666/794/552 667/798/556
f 961/749/512 575/733/498 665/792/550 987/796/554
f 562/735/499 561/725/491 664/788/546 666/794/552
f 575/733/498 574/721/489 663/786/544 665/792/550
f 561/725/491 960/724/490 991/789/547 664/788/546
f 574/721/489 573/720/488 662/784/542 663/786/544
f 573/720/488 572/755/517 661/782/540 662/784/542
f 572/755/517 571/754/516 660/778/536 661/782/540
f 571/754/516 814/739/502 816/779/537 660/778/536
f 600/891/603 599/892/604 695/893/605 696/894/606
f 1042/895/486 710/896/486 676/791/549 1004/790/548
f 710/896/486 711/897/486 677/795/553 676/791/549
f 711/897/486 712/898/486 678/799/557 677/795/553
f 712/898/486 713/899/486 679/801/559 678/799/557
f 713/899/486 714/900/486 680/803/561 679/801/559
f 714/900/486 823/901/479 822/806/564 680/803/561
f 716/902/506 717/903/592 683/811/569 682/810/568
f 717/903/592 718/904/506 684/813/571 683/811/569
f 718/904/506 719/905/486 685/815/573 684/813/571
f 720/906/486 721/907/486 687/819/577 686/818/576
f 721/907/486 818/908/486 817/780/538 687/819/577
f 722/909/479 723/910/479 689/783/541 688/781/539
f 723/910/479 724/911/479 690/785/543 689/783/541
f 724/911/479 725/912/486 691/787/545 690/785/543
f 725/912/486 726/913/486 692/793/551 691/787/545
f 726/913/486 1060/914/486 1022/797/555 692/793/551
f 719/905/486 720/906/486 686/818/576 685/815/573
f 715/915/479 716/902/506 682/810/568 681/807/565
f 627/916/607 602/917/608 698/918/609 709/919/610
f 601/920/611 600/891/603 696/894/606 697/921/612
f 602/917/608 825/922/613 826/923/614 698/918/609
f 603/924/615 627/916/607 709/919/610 699/925/616
f 604/926/617 603/924/615 699/925/616 700/927/618
f 605/928/619 604/926/617 700/927/618 701/929/620
f 606/930/621 626/931/622 708/932/623 702/933/624
f 607/934/625 828/935/626 827/936/627 703/937/628
f 608/938/629 607/934/625 703/937/628 704/939/630
f 609/940/631 608/938/629 704/939/630 705/941/632
f 610/942/633 609/940/631 705/941/632 706/943/634
f 597/944/635 964/945/636 1040/946/476 693/947/637
f 611/948/638 610/942/633 706/943/634 707/949/639
f 598/950/640 597/944/635 693/947/637 694/951/641
f 965/952/642 611/948/638 707/949/639 1041/953/445
f 599/892/604 598/950/640 694/951/641 695/893/605
f 626/931/622 605/928/619 701/929/620 708/932/623
f 734/954/486 727/955/486 716/902/506 715/915/479
f 737/956/479 728/957/479 720/906/486 719/905/486
f 743/958/479 1079/959/479 1060/914/486 726/913/486
f 742/960/479 743/958/479 726/913/486 725/912/486
f 741/961/486 742/960/479 725/912/486 724/911/479
f 740/962/486 741/961/486 724/911/479 723/910/479
f 739/963/506 740/962/486 723/910/479 722/909/479
f 738/964/479 813/965/479 818/908/486 721/907/486
f 728/957/479 738/964/479 721/907/486 720/906/486
f 736/966/479 737/956/479 719/905/486 718/904/506
f 735/967/506 736/966/479 718/904/506 717/903/592
f 727/955/486 735/967/506 717/903/592 716/902/506
f 733/968/479 824/969/479 823/901/479 714/900/486
f 732/970/479 733/968/479 714/900/486 713/899/486
f 731/971/479 732/970/479 713/899/486 712/898/486
f 730/972/486 731/971/479 712/898/486 711/897/486
f 729/973/486 730/972/486 711/897/486 710/896/486
f 1061/974/486 729/973/486 710/896/486 1042/895/486
f 964/945/636 597/944/635 729/973/486 1061/974/486
f 597/944/635 598/950/640 730/972/486 729/973/486
f 598/950/640 599/892/604 731/971/479 730/972/486
f 599/892/604 600/891/603 732/970/479 731/971/479
f 600/891/603 601/920/611 733/968/479 732/970/479
f 601/920/611 825/922/613 824/969/479 733/968/479
f 627/916/607 603/924/615 735/967/506 727/955/486
f 603/924/615 604/926/617 736/966/479 735/967/506
f 604/926/617 605/928/619 737/956/479 736/966/479
f 626/931/622 606/930/621 738/964/479 728/957/479
f 606/930/621 828/935/626 813/965/479 738/964/479
f 607/934/625 608/938/629 740/962/486 739/963/506
f 608/938/629 609/940/631 741/961/486 740/962/486
f 609/940/631 610/942/633 742/960/479 741/961/486
f 610/942/633 611/948/638 743/958/479 742/960/479
f 611/948/638 965/952/642 1079/959/479 743/958/479
f 605/928/619 626/931/622 728/957/479 737/956/479
f 602/917/608 627/916/607 727/955/486 734/954/486
f 1082/975/643 1083/976/644 755/977/645 756/978/646
f 760/979/486 761/980/506 772/981/647 1201/982/648
f 761/980/506 762/983/479 1197/984/649 772/981/647
f 762/983/479 763/985/479 1194/986/650 1197/984/649
f 763/985/479 1164/987/479 1193/988/651 1194/986/650
f 1164/987/479 1163/989/479 780/990/652 1193/988/651
f 1171/991/486 758/992/479 1226/993/653 1230/994/654
f 758/992/479 759/995/479 1222/996/655 1226/993/653
f 759/995/479 1170/997/479 1218/998/656 1222/996/655
f 1168/999/479 1167/1000/479 767/1001/657 1212/1002/658
f 1167/1000/479 1166/1003/479 1206/1004/659 767/1001/657
f 1165/1005/506 760/979/486 1201/982/648 1202/1006/660
f 1163/989/479 1162/1007/479 1190/1008/661 780/990/652
f 1234/1009/662 764/1010/663 1119/1011/664 1120/1012/476
f 764/1010/663 1227/1013/665 1118/1014/666 1119/1011/664
f 1216/1015/667 766/1016/668 1114/1017/669 1115/1018/670
f 766/1016/668 1210/1019/671 1113/1020/672 1114/1017/669
f 1207/1021/673 1203/1022/674 749/1023/675 1112/1024/4
f 1203/1022/674 769/1025/676 750/1026/677 749/1023/675
f 769/1025/676 1199/1027/678 1111/1028/679 750/1026/677
f 1199/1027/678 774/1029/680 1110/1030/681 1111/1028/679
f 774/1029/680 1195/1031/682 1109/1032/683 1110/1030/681
f 1195/1031/682 777/1033/684 1108/1034/685 1109/1032/683
f 777/1033/684 781/1035/686 751/1036/687 1108/1034/685
f 781/1035/686 1189/1037/688 1107/1038/445 751/1036/687
f 1081/1039/689 1082/975/643 756/978/646 757/1040/488
f 747/1041/690 1081/1039/689 757/1040/488 1138/1042/489
f 744/1043/691 1091/1044/692 1146/1045/693 752/1046/491
f 748/1047/694 747/1041/690 1138/1042/489 1137/1048/498
f 745/1049/695 744/1043/691 752/1046/491 1145/1050/499
f 1080/1051/696 748/1047/694 1137/1048/498 1136/1052/512
f 1090/1053/697 745/1049/695 1145/1050/499 1144/1054/698
f 1089/1055/699 1090/1053/697 1144/1054/698 753/1056/482
f 746/1057/700 1089/1055/699 753/1056/482 1143/1058/701
f 1088/1059/702 746/1057/700 1143/1058/701 1142/1060/703
f 1085/1061/704 1086/1062/705 1140/1063/485 754/1064/706
f 1084/1065/707 1085/1061/704 754/1064/706 1139/1066/708
f 1083/976/644 1084/1065/707 1139/1066/708 755/977/645
f 748/1047/694 1080/1051/696 1162/1007/479 1163/989/479
f 747/1041/690 748/1047/694 1163/989/479 1164/987/479
f 1081/1039/689 747/1041/690 1164/987/479 763/985/479
f 1082/975/643 1081/1039/689 763/985/479 762/983/479
f 1083/976/644 1082/975/643 762/983/479 761/980/506
f 1084/1065/707 1083/976/644 761/980/506 760/979/486
f 1085/1061/704 1084/1065/707 760/979/486 1165/1005/506
f 746/1057/700 1088/1059/702 1168/999/479 1169/1067/479
f 1089/1055/699 746/1057/700 1169/1067/479 1170/997/479
f 1090/1053/697 1089/1055/699 1170/997/479 759/995/479
f 745/1049/695 1090/1053/697 759/995/479 758/992/479
f 744/1043/691 745/1049/695 758/992/479 1171/991/486
f 1091/1044/692 744/1043/691 1171/991/486 1172/1068/479
f 764/1010/663 1234/1009/662 1236/1069/709 1232/1070/710
f 1227/1013/665 764/1010/663 1232/1070/710 1229/1071/711
f 1216/1015/667 1219/1072/712 1221/1073/713 765/1074/714
f 765/1074/714 1221/1073/713 1220/1075/715 1217/1076/716
f 766/1016/668 1216/1015/667 765/1074/714 1214/1077/717
f 1214/1077/717 765/1074/714 1217/1076/716 1213/1078/718
f 1210/1019/671 766/1016/668 1214/1077/717 768/1079/719
f 768/1079/719 1214/1077/717 1213/1078/718 1211/1080/720
f 1211/1080/720 1213/1078/718 1212/1002/658 767/1001/657
f 1207/1021/673 1210/1019/671 768/1079/719 1209/1081/721
f 1209/1081/721 768/1079/719 1211/1080/720 1208/1082/722
f 1208/1082/722 1211/1080/720 767/1001/657 1206/1004/659
f 769/1025/676 1203/1022/674 1205/1083/723 771/1084/724
f 771/1084/724 1205/1083/723 1204/1085/725 770/1086/726
f 770/1086/726 1204/1085/725 1202/1006/660 1201/982/648
f 1199/1027/678 769/1025/676 771/1084/724 773/1087/727
f 773/1087/727 771/1084/724 770/1086/726 1200/1088/728
f 1200/1088/728 770/1086/726 1201/982/648 772/981/647
f 774/1029/680 1199/1027/678 773/1087/727 775/1089/729
f 775/1089/729 773/1087/727 1200/1088/728 1198/1090/730
f 1198/1090/730 1200/1088/728 772/981/647 1197/984/649
f 1195/1031/682 774/1029/680 775/1089/729 776/1091/731
f 776/1091/731 775/1089/729 1198/1090/730 1196/1092/732
f 777/1033/684 1195/1031/682 776/1091/731 779/1093/733
f 779/1093/733 776/1091/731 1196/1092/732 778/1094/734
f 778/1094/734 1196/1092/732 1194/986/650 1193/988/651
f 781/1035/686 777/1033/684 779/1093/733 1188/1095/735
f 1188/1095/735 779/1093/733 778/1094/734 782/1096/736
f 782/1096/736 778/1094/734 1193/988/651 780/990/652
f 1189/1037/688 781/1035/686 1188/1095/735 1191/1097/737
f 1191/1097/737 1188/1095/735 782/1096/736 1192/1098/738
f 1192/1098/738 782/1096/736 780/990/652 1190/1008/661
f 578/835/474 958/836/585 1298/707/476 792/705/474
f 580/852/472 578/835/474 792/705/474 793/703/472
f 555/826/470 580/852/472 793/703/472 791/701/470
f 560/825/468 555/826/470 791/701/470 794/699/468
f 577/833/584 560/825/468 794/699/468 795/697/466
f 616/820/578 577/833/584 795/697/466 790/695/464
f 615/821/579 616/820/578 790/695/464 789/693/462
f 614/822/85 615/821/579 789/693/462 788/691/85
f 613/823/580 614/822/85 788/691/85 787/689/459
f 612/824/581 613/823/580 787/689/459 786/687/457
f 541/837/586 612/824/581 786/687/457 785/685/455
f 581/828/453 541/837/586 785/685/455 796/683/453
f 617/827/451 581/828/453 796/683/453 797/681/451
f 537/834/449 617/827/451 797/681/451 784/679/449
f 535/840/446 537/834/449 784/679/449 783/676/446
f 956/845/445 535/840/446 783/676/446 1297/675/445
f 586/766/524 587/768/526 799/857/596 812/889/602
f 585/765/523 586/766/524 812/889/602 811/887/453
f 584/761/519 585/765/523 811/887/453 810/885/451
f 583/762/520 584/761/519 810/885/451 809/881/449
f 596/776/534 963/777/535 1320/883/476 808/879/474
f 582/773/531 583/762/520 809/881/449 807/876/446
f 595/775/533 596/776/534 808/879/474 806/873/472
f 962/774/532 582/773/531 807/876/446 1317/875/445
f 594/771/529 595/775/533 806/873/472 805/871/470
f 593/770/528 594/771/529 805/871/470 804/869/468
f 592/769/527 593/770/528 804/869/468 803/867/600
f 591/767/525 592/769/527 803/867/600 802/865/599
f 590/763/521 591/767/525 802/865/599 801/863/598
f 589/764/522 590/763/521 801/863/598 800/861/85
f 588/772/530 589/764/522 800/861/85 798/858/597
f 587/768/526 588/772/530 798/858/597 799/857/596
f 818/908/486 813/965/479 739/963/506 722/909/479
f 816/779/537 814/739/502 570/738/501 659/816/574
f 817/780/538 816/779/537 659/816/574 687/819/577
f 815/740/503 814/739/502 571/754/516 635/753/515
f 817/780/538 818/908/486 722/909/479 688/781/539
f 543/741/504 633/745/508 846/748/511 839/742/505
f 819/732/497 820/731/496 566/746/509 633/745/508
f 822/806/564 823/901/479 715/915/479 681/807/565
f 823/901/479 824/969/479 734/954/486 715/915/479
f 821/805/563 820/731/496 565/715/483 669/802/560
f 822/806/564 821/805/563 669/802/560 680/803/561
f 824/969/479 825/922/613 602/917/608 734/954/486
f 826/923/614 825/922/613 601/920/611 697/921/612
f 813/965/479 828/935/626 607/934/625 739/963/506
f 827/936/627 828/935/626 606/930/621 702/933/624
f 580/852/472 631/722/472 634/734/474 578/835/474
f 829/832/85 640/831/85 642/842/588 832/841/587
f 559/854/479 576/851/486 838/1099/739 837/1100/493
f 576/851/486 618/850/593 839/742/505 838/1099/739
f 579/848/592 559/854/479 837/1100/493 840/1101/740
f 623/846/479 579/848/592 840/1101/740 841/711/480
f 620/847/591 623/846/479 841/711/480 834/710/479
f 618/850/593 835/849/506 624/743/506 839/742/505
f 836/853/486 620/847/591 834/710/479 621/718/486
f 835/849/506 836/853/486 621/718/486 624/743/506
f 830/829/582 829/832/85 837/1100/493 838/1099/739
f 831/855/594 830/829/582 838/1099/739 839/742/505
f 829/832/85 832/841/587 840/1101/740 837/1100/493
f 832/841/587 833/844/590 841/711/480 840/1101/740
f 622/843/589 642/842/588 842/727/492 843/730/495
f 642/842/588 640/831/85 844/760/85 842/727/492
f 640/831/85 636/830/583 845/757/492 844/760/85
f 636/830/583 619/856/595 846/748/511 845/757/492
f 833/844/590 622/843/589 843/730/495 841/711/480
f 619/856/595 831/855/594 839/742/505 846/748/511
f 1297/675/445 957/678/448 848/1102/741 1299/1103/687
f 1299/1103/687 848/1102/741 850/1104/742 1300/1105/685
f 1300/1105/685 850/1104/742 851/1106/743 1313/1107/683
f 1313/1107/683 851/1106/743 852/1108/744 1312/1109/745
f 1312/1109/745 852/1108/744 854/1110/746 1301/1111/747
f 1301/1111/747 854/1110/746 856/1112/748 1302/1113/749
f 1302/1113/749 856/1112/748 858/1114/750 1303/1115/751
f 1303/1115/751 858/1114/750 860/1116/752 1304/1117/4
f 1304/1117/4 860/1116/752 862/1118/753 1305/1119/754
f 1305/1119/754 862/1118/753 864/1120/755 1306/1121/756
f 1306/1121/756 864/1120/755 865/1122/757 1311/1123/758
f 1311/1123/758 865/1122/757 866/1124/759 1310/1125/760
f 1310/1125/760 866/1124/759 868/1126/761 1307/1127/762
f 1307/1127/762 868/1126/761 869/1128/763 1309/1129/666
f 1309/1129/666 869/1128/763 870/1130/764 1308/1131/664
f 1308/1131/664 870/1130/764 959/708/477 1298/707/476
f 861/1132/765 863/1133/766 1359/1134/767 1352/1135/506
f 955/1136/681 942/1137/768 877/1138/769 876/1139/770
f 859/1140/771 861/1132/765 1352/1135/506 933/1141/506
f 953/1142/772 943/1143/666 886/1144/773 885/1145/774
f 967/723/445 944/1146/687 873/1147/775 960/724/490
f 1360/1148/776 1361/1149/777 940/1150/778 881/1151/779
f 942/1137/768 1337/1152/780 1338/1153/781 877/1138/769
f 943/1143/666 946/1154/664 887/1155/782 886/1144/773
f 944/1146/687 941/1156/685 874/1157/783 873/1147/775
f 949/1158/784 1333/1159/785 1332/1160/786 882/1161/787
f 855/1162/788 857/1163/789 936/1164/486 1357/1165/790
f 945/1166/791 1364/1167/792 937/1168/778 878/1169/793
f 946/1154/664 966/750/513 961/749/512 887/1155/782
f 941/1156/685 950/1170/683 875/1171/794 874/1157/783
f 947/1172/795 951/1173/760 884/1174/796 883/1175/797
f 1363/1176/776 1362/1177/4 880/1178/798 879/1179/799
f 950/1170/683 955/1136/681 876/1139/770 875/1171/794
f 951/1173/760 953/1142/772 885/1145/774 884/1174/796
f 857/1163/789 859/1140/771 933/1141/506 936/1164/486
f 1362/1177/4 1360/1148/776 881/1151/779 880/1178/798
f 850/1104/742 895/1180/800 896/1181/801 851/1106/743
f 860/1116/752 901/1182/802 902/1183/803 862/1118/753
f 851/1106/743 896/1181/801 897/1184/804 852/1108/744
f 852/1108/744 897/1184/804 898/1185/805 854/1110/746
f 862/1118/753 902/1183/803 903/1186/806 864/1120/755
f 854/1110/746 898/1185/805 899/1187/807 856/1112/748
f 864/1120/755 903/1186/806 904/1188/808 865/1122/757
f 865/1122/757 904/1188/808 905/1189/809 866/1124/759
f 866/1124/759 905/1189/809 906/1190/810 868/1126/761
f 856/1112/748 899/1187/807 900/1191/811 858/1114/750
f 957/678/448 962/774/532 894/1192/812 848/1102/741
f 868/1126/761 906/1190/810 907/1193/813 869/1128/763
f 869/1128/763 907/1193/813 908/1194/814 870/1130/764
f 858/1114/750 900/1191/811 901/1182/802 860/1116/752
f 848/1102/741 894/1192/812 895/1180/800 850/1104/742
f 870/1130/764 908/1194/814 963/777/535 959/708/477
f 986/1195/815 1017/1196/816 1335/1197/817 1334/1198/818
f 988/1199/819 1018/1200/820 1017/1196/816 986/1195/815
f 989/1201/821 1019/1202/822 1018/1200/820 988/1199/819
f 990/1203/823 1020/1204/824 1019/1202/822 989/1201/821
f 992/1205/825 1005/1206/826 1004/790/548 991/789/547
f 993/1207/827 1021/1208/828 1020/1204/824 990/1203/823
f 994/1209/829 1006/1210/830 1005/1206/826 992/1205/825
f 987/796/554 1022/797/555 1021/1208/828 993/1207/827
f 995/1211/831 1007/1212/832 1006/1210/830 994/1209/829
f 996/1213/833 1008/1214/834 1007/1212/832 995/1211/831
f 997/1215/835 1009/1216/836 1008/1214/834 996/1213/833
f 998/1217/837 1010/1218/838 1340/1219/839 1339/1220/840
f 999/1221/841 1012/1222/842 1011/1223/843 1003/1224/844
f 1000/1225/845 1013/1226/846 1012/1222/842 999/1221/841
f 1001/1227/847 1014/1228/848 1013/1226/846 1000/1225/845
f 985/1229/849 1016/1230/850 1015/1231/851 1002/1232/852
f 861/1132/765 927/1233/853 928/1234/854 863/1133/766
f 859/1140/771 926/1235/4 927/1233/853 861/1132/765
f 857/1163/789 925/1236/855 926/1235/4 859/1140/771
f 855/1162/788 924/1237/856 925/1236/855 857/1163/789
f 872/1238/760 867/1239/762 953/1142/772 951/1173/760
f 929/1240/683 893/1241/681 955/1136/681 950/1170/683
f 1348/1242/857 1347/1243/4 952/1244/4 948/1245/858
f 889/1246/859 872/1238/760 951/1173/760 947/1172/795
f 849/1247/685 929/1240/683 950/1170/683 941/1156/685
f 890/1248/664 958/836/585 966/750/513 946/1154/664
f 853/1249/860 924/1250/856 1337/1152/780 942/1137/768
f 1333/1159/785 928/1251/854 889/1246/859 947/1172/795
f 847/1252/687 849/1247/685 941/1156/685 944/1146/687
f 924/1250/856 855/1162/788 945/1166/791 1337/1152/780
f 1350/1253/861 1351/1254/862 934/1255/863 954/1256/864
f 956/845/445 847/1252/687 944/1146/687 967/723/445
f 935/1257/506 891/1258/479 932/1259/593
f 1353/1260/865 888/1261/506 930/1262/865
f 867/1239/762 892/1263/666 943/1143/666 953/1142/772
f 1361/1149/777 949/1158/784 882/1161/787 940/1150/778
f 932/1259/593 891/1258/479 871/1264/479 1354/1265/506
f 1002/1232/852 1001/1227/847 881/1151/779 940/1150/778
f 1003/1224/844 998/1217/837 878/1169/793 937/1168/778
f 1354/1265/506 871/1264/479 888/1261/506 1353/1260/865
f 1364/1167/792 1363/1176/776 879/1179/799 937/1168/778
f 893/1241/681 853/1249/860 942/1137/768 955/1136/681
f 1349/1266/866 1348/1242/857 948/1245/858 931/1267/867
f 1359/1134/767 863/1133/766 949/1158/784 1361/1149/777
f 863/1133/766 928/1251/854 1333/1159/785 949/1158/784
f 1315/1268/677 973/1269/677 974/1270/675 1314/1271/675
f 1314/1271/675 974/1270/675 975/1272/4 1316/1273/4
f 1316/1273/4 975/1272/4 976/1274/672 1318/1275/672
f 1318/1275/672 976/1274/672 977/1276/669 1319/1277/669
f 1319/1277/669 977/1276/669 978/1278/670 1321/1279/670
f 1321/1279/670 978/1278/670 979/1280/760 1322/1281/760
f 1322/1281/760 979/1280/760 980/1282/762 1323/1283/762
f 1323/1283/762 980/1282/762 981/1284/666 1324/1285/666
f 1317/875/445 983/878/601 968/1286/687 1325/1287/687
f 1324/1285/666 981/1284/666 982/1288/664 1326/1289/664
f 1325/1287/687 968/1286/687 969/1290/685 1327/1291/685
f 1326/1289/664 982/1288/664 984/884/585 1320/883/476
f 1327/1291/685 969/1290/685 970/1292/683 1328/1293/683
f 1328/1293/683 970/1292/683 971/1294/681 1329/1295/681
f 1329/1295/681 971/1294/681 972/1296/679 1330/1297/679
f 1330/1297/679 972/1296/679 973/1269/677 1315/1268/677
f 1011/1223/843 1010/1218/838 998/1217/837 1003/1224/844
f 1015/1231/851 1014/1228/848 1001/1227/847 1002/1232/852
f 882/1161/787 985/1229/849 1002/1232/852 940/1150/778
f 881/1151/779 1001/1227/847 1000/1225/845 880/1178/798
f 880/1178/798 1000/1225/845 999/1221/841 879/1179/799
f 879/1179/799 999/1221/841 1003/1224/844 937/1168/778
f 878/1169/793 998/1217/837 1339/1220/840 1338/1153/781
f 877/1138/769 997/1215/835 996/1213/833 876/1139/770
f 876/1139/770 996/1213/833 995/1211/831 875/1171/794
f 875/1171/794 995/1211/831 994/1209/829 874/1157/783
f 961/749/512 987/796/554 993/1207/827 887/1155/782
f 874/1157/783 994/1209/829 992/1205/825 873/1147/775
f 887/1155/782 993/1207/827 990/1203/823 886/1144/773
f 873/1147/775 992/1205/825 991/789/547 960/724/490
f 886/1144/773 990/1203/823 989/1201/821 885/1145/774
f 885/1145/774 989/1201/821 988/1199/819 884/1174/796
f 884/1174/796 988/1199/819 986/1195/815 883/1175/797
f 883/1175/797 986/1195/815 1334/1198/818 1332/1160/786
f 912/1298/868 1026/1299/869 1025/1300/870 911/1301/871
f 1042/895/486 1004/790/548 1005/1206/826 1043/1302/486
f 1043/1302/486 1005/1206/826 1006/1210/830 1044/1303/486
f 1044/1303/486 1006/1210/830 1007/1212/832 1045/1304/486
f 1045/1304/486 1007/1212/832 1008/1214/834 1046/1305/486
f 1046/1305/486 1008/1214/834 1009/1216/836 1047/1306/486
f 1047/1306/486 1009/1216/836 1340/1219/839 1341/1307/479
f 1049/1308/506 1011/1223/843 1012/1222/842 1050/1309/591
f 1050/1309/591 1012/1222/842 1013/1226/846 1051/1310/506
f 1051/1310/506 1013/1226/846 1014/1228/848 1052/1311/592
f 1053/1312/592 1015/1231/851 1016/1230/850 1054/1313/486
f 1054/1313/486 1016/1230/850 1335/1197/817 1336/1314/486
f 1055/1315/506 1017/1196/816 1018/1200/820 1056/1316/479
f 1056/1316/479 1018/1200/820 1019/1202/822 1057/1317/479
f 1057/1317/479 1019/1202/822 1020/1204/824 1058/1318/506
f 1058/1318/506 1020/1204/824 1021/1208/828 1059/1319/486
f 1059/1319/486 1021/1208/828 1022/797/555 1060/914/486
f 1052/1311/592 1014/1228/848 1015/1231/851 1053/1312/592
f 1048/1320/479 1010/1218/838 1011/1223/843 1049/1308/506
f 939/1321/872 1039/1322/873 1028/1323/874 914/1324/875
f 913/1325/876 1027/1326/877 1026/1299/869 912/1298/868
f 914/1324/875 1028/1323/874 1344/1327/878 1343/1328/879
f 915/1329/880 1029/1330/881 1039/1322/873 939/1321/872
f 916/1331/882 1030/1332/883 1029/1330/881 915/1329/880
f 917/1333/884 1031/1334/885 1030/1332/883 916/1331/882
f 918/1335/886 1032/1336/887 1038/1337/888 938/1338/889
f 919/1339/890 1033/1340/891 1345/1341/892 1346/1342/893
f 920/1343/894 1034/1344/895 1033/1340/891 919/1339/890
f 921/1345/896 1035/1346/897 1034/1344/895 920/1343/894
f 922/1347/898 1036/1348/899 1035/1346/897 921/1345/896
f 909/1349/900 1023/1350/901 1040/946/476 964/945/636
f 923/1351/902 1037/1352/903 1036/1348/899 922/1347/898
f 910/1353/904 1024/1354/905 1023/1350/901 909/1349/900
f 965/952/642 1041/953/445 1037/1352/903 923/1351/902
f 911/1301/871 1025/1300/870 1024/1354/905 910/1353/904
f 938/1338/889 1038/1337/888 1031/1334/885 917/1333/884
f 1069/1355/486 1048/1320/479 1049/1308/506 1062/1356/486
f 1072/1357/506 1052/1311/592 1053/1312/592 1063/1358/486
f 1078/1359/479 1059/1319/486 1060/914/486 1079/959/479
f 1077/1360/486 1058/1318/506 1059/1319/486 1078/1359/479
f 1076/1361/486 1057/1317/479 1058/1318/506 1077/1360/486
f 1075/1362/486 1056/1316/479 1057/1317/479 1076/1361/486
f 1074/1363/486 1055/1315/506 1056/1316/479 1075/1362/486
f 1073/1364/506 1054/1313/486 1336/1314/486 1331/1365/506
f 1063/1358/486 1053/1312/592 1054/1313/486 1073/1364/506
f 1071/1366/479 1051/1310/506 1052/1311/592 1072/1357/506
f 1070/1367/506 1050/1309/591 1051/1310/506 1071/1366/479
f 1062/1356/486 1049/1308/506 1050/1309/591 1070/1367/506
f 1068/1368/479 1047/1306/486 1341/1307/479 1342/1369/479
f 1067/1370/506 1046/1305/486 1047/1306/486 1068/1368/479
f 1066/1371/506 1045/1304/486 1046/1305/486 1067/1370/506
f 1065/1372/486 1044/1303/486 1045/1304/486 1066/1371/506
f 1064/1373/486 1043/1302/486 1044/1303/486 1065/1372/486
f 1061/974/486 1042/895/486 1043/1302/486 1064/1373/486
f 964/945/636 1061/974/486 1064/1373/486 909/1349/900
f 909/1349/900 1064/1373/486 1065/1372/486 910/1353/904
f 910/1353/904 1065/1372/486 1066/1371/506 911/1301/871
f 911/1301/871 1066/1371/506 1067/1370/506 912/1298/868
f 912/1298/868 1067/1370/506 1068/1368/479 913/1325/876
f 913/1325/876 1068/1368/479 1342/1369/479 1343/1328/879
f 939/1321/872 1062/1356/486 1070/1367/506 915/1329/880
f 915/1329/880 1070/1367/506 1071/1366/479 916/1331/882
f 916/1331/882 1071/1366/479 1072/1357/506 917/1333/884
f 938/1338/889 1063/1358/486 1073/1364/506 918/1335/886
f 918/1335/886 1073/1364/506 1331/1365/506 1346/1342/893
f 919/1339/890 1074/1363/486 1075/1362/486 920/1343/894
f 920/1343/894 1075/1362/486 1076/1361/486 921/1345/896
f 921/1345/896 1076/1361/486 1077/1360/486 922/1347/898
f 922/1347/898 1077/1360/486 1078/1359/479 923/1351/902
f 923/1351/902 1078/1359/479 1079/959/479 965/952/642
f 917/1333/884 1072/1357/506 1063/1358/486 938/1338/889
f 914/1324/875 1069/1355/486 1062/1356/486 939/1321/872
f 1103/1374/906 1158/1375/796 1157/1376/907 1102/1377/908
f 1182/1378/486 1273/1379/909 1277/1380/910 1183/1381/486
f 1183/1381/486 1277/1380/910 1281/1382/911 1184/1383/486
f 1184/1383/486 1281/1382/911 1285/1384/912 1185/1385/486
f 1171/991/486 1230/994/654 1233/1386/913 1172/1068/479
f 1185/1385/486 1285/1384/912 1289/1387/914 1186/1388/486
f 1172/1068/479 1233/1386/913 1237/1389/915 1173/1390/486
f 1186/1388/486 1289/1387/914 1293/1391/916 1187/1392/479
f 1173/1390/486 1237/1389/915 1241/1393/917 1174/1394/486
f 1174/1394/486 1241/1393/917 1245/1395/918 1175/1396/479
f 1175/1396/479 1245/1395/918 1249/1397/919 1176/1398/479
f 1176/1398/479 1249/1397/919 1253/1399/920 1177/1400/479
f 1165/1005/506 1202/1006/660 1206/1004/659 1166/1003/479
f 1177/1400/479 1253/1399/920 1257/1401/921 1178/1402/479
f 1178/1402/479 1257/1401/921 1261/1403/922 1179/1404/506
f 1179/1404/506 1261/1403/922 1265/1405/923 1180/1406/479
f 1168/999/479 1212/1002/658 1215/1407/924 1169/1067/479
f 1180/1406/479 1265/1405/923 1269/1408/925 1181/1409/486
f 1169/1067/479 1215/1407/924 1218/998/656 1170/997/479
f 1181/1409/486 1269/1408/925 1273/1379/909 1182/1378/486
f 1187/1392/479 1293/1391/916 1190/1008/661 1162/1007/479
f 1207/1021/673 1112/1024/4 1113/1020/672 1210/1019/671
f 1216/1015/667 1115/1018/670 1116/1410/760 1219/1072/712
f 1219/1072/712 1116/1410/760 1117/1411/762 1223/1412/926
f 1223/1412/926 1117/1411/762 1118/1014/666 1227/1013/665
f 1234/1009/662 1120/1012/476 1121/1413/474 1238/1414/927
f 1238/1414/927 1121/1413/474 1122/1415/472 1242/1416/928
f 1242/1416/928 1122/1415/472 1123/1417/470 1246/1418/929
f 1246/1418/929 1123/1417/470 1124/1419/468 1250/1420/930
f 1250/1420/930 1124/1419/468 1125/1421/600 1254/1422/931
f 1254/1422/931 1125/1421/600 1126/1423/599 1258/1424/932
f 1258/1424/932 1126/1423/599 1127/1425/598 1262/1426/933
f 1262/1426/933 1127/1425/598 1128/1427/85 1266/1428/934
f 1266/1428/934 1128/1427/85 1129/1429/597 1270/1430/935
f 1270/1430/935 1129/1429/597 1130/1431/596 1274/1432/936
f 1274/1432/936 1130/1431/596 1131/1433/602 1278/1434/937
f 1278/1434/937 1131/1433/602 1132/1435/453 1282/1436/938
f 1282/1436/938 1132/1435/453 1133/1437/451 1286/1438/939
f 1286/1438/939 1133/1437/451 1134/1439/449 1290/1440/940
f 1290/1440/940 1134/1439/449 1135/1441/446 1294/1442/941
f 1294/1442/941 1135/1441/446 1107/1038/445 1189/1037/688
f 1104/1443/942 1159/1444/774 1158/1375/796 1103/1374/906
f 1105/1445/943 1160/1446/773 1159/1444/774 1104/1443/942
f 1092/1447/944 1147/1448/775 1146/1045/693 1091/1044/692
f 1106/1449/945 1161/1450/782 1160/1446/773 1105/1445/943
f 1093/1451/946 1148/1452/783 1147/1448/775 1092/1447/944
f 1080/1051/696 1136/1052/512 1161/1450/782 1106/1449/945
f 1094/1453/947 1149/1454/948 1148/1452/783 1093/1451/946
f 1095/1455/949 1150/1456/770 1149/1454/948 1094/1453/947
f 1096/1457/950 1151/1458/951 1150/1456/770 1095/1455/949
f 1097/1459/952 1152/1460/953 1151/1458/951 1096/1457/950
f 1087/1461/954 1141/1462/955 1140/1063/485 1086/1062/705
f 1098/1463/956 1153/1464/957 1152/1460/953 1097/1459/952
f 1088/1059/702 1142/1060/703 1141/1462/955 1087/1461/954
f 1099/1465/958 1154/1466/771 1153/1464/957 1098/1463/956
f 1100/1467/959 1155/1468/960 1154/1466/771 1099/1465/958
f 1101/1469/961 1156/1470/962 1155/1468/960 1100/1467/959
f 1102/1377/908 1157/1376/907 1156/1470/962 1101/1469/961
f 1106/1449/945 1187/1392/479 1162/1007/479 1080/1051/696
f 1105/1445/943 1186/1388/486 1187/1392/479 1106/1449/945
f 1104/1443/942 1185/1385/486 1186/1388/486 1105/1445/943
f 1103/1374/906 1184/1383/486 1185/1385/486 1104/1443/942
f 1102/1377/908 1183/1381/486 1184/1383/486 1103/1374/906
f 1101/1469/961 1182/1378/486 1183/1381/486 1102/1377/908
f 1100/1467/959 1181/1409/486 1182/1378/486 1101/1469/961
f 1099/1465/958 1180/1406/479 1181/1409/486 1100/1467/959
f 1098/1463/956 1179/1404/506 1180/1406/479 1099/1465/958
f 1097/1459/952 1178/1402/479 1179/1404/506 1098/1463/956
f 1096/1457/950 1177/1400/479 1178/1402/479 1097/1459/952
f 1095/1455/949 1176/1398/479 1177/1400/479 1096/1457/950
f 1094/1453/947 1175/1396/479 1176/1398/479 1095/1455/949
f 1093/1451/946 1174/1394/486 1175/1396/479 1094/1453/947
f 1092/1447/944 1173/1390/486 1174/1394/486 1093/1451/946
f 1091/1044/692 1172/1068/479 1173/1390/486 1092/1447/944
f 1087/1461/954 1167/1000/479 1168/999/479 1088/1059/702
f 1086/1062/705 1166/1003/479 1167/1000/479 1087/1461/954
f 1085/1061/704 1165/1005/506 1166/1003/479 1086/1062/705
f 1198/1090/730 1197/984/649 1194/986/650 1196/1092/732
f 1207/1021/673 1209/1081/721 1205/1083/723 1203/1022/674
f 1209/1081/721 1208/1082/722 1204/1085/725 1205/1083/723
f 1208/1082/722 1206/1004/659 1202/1006/660 1204/1085/725
f 1217/1076/716 1215/1407/924 1212/1002/658 1213/1078/718
f 1220/1075/715 1218/998/656 1215/1407/924 1217/1076/716
f 1223/1412/926 1225/1471/963 1221/1073/713 1219/1072/712
f 1225/1471/963 1224/1472/964 1220/1075/715 1221/1073/713
f 1224/1472/964 1222/996/655 1218/998/656 1220/1075/715
f 1227/1013/665 1229/1071/711 1225/1471/963 1223/1412/926
f 1229/1071/711 1228/1473/965 1224/1472/964 1225/1471/963
f 1228/1473/965 1226/993/653 1222/996/655 1224/1472/964
f 1232/1070/710 1231/1474/966 1228/1473/965 1229/1071/711
f 1231/1474/966 1230/994/654 1226/993/653 1228/1473/965
f 1236/1069/709 1235/1475/967 1231/1474/966 1232/1070/710
f 1235/1475/967 1233/1386/913 1230/994/654 1231/1474/966
f 1238/1414/927 1240/1476/968 1236/1069/709 1234/1009/662
f 1240/1476/968 1239/1477/969 1235/1475/967 1236/1069/709
f 1239/1477/969 1237/1389/915 1233/1386/913 1235/1475/967
f 1242/1416/928 1244/1478/970 1240/1476/968 1238/1414/927
f 1244/1478/970 1243/1479/971 1239/1477/969 1240/1476/968
f 1243/1479/971 1241/1393/917 1237/1389/915 1239/1477/969
f 1246/1418/929 1248/1480/972 1244/1478/970 1242/1416/928
f 1248/1480/972 1247/1481/973 1243/1479/971 1244/1478/970
f 1247/1481/973 1245/1395/918 1241/1393/917 1243/1479/971
f 1250/1420/930 1252/1482/974 1248/1480/972 1246/1418/929
f 1252/1482/974 1251/1483/975 1247/1481/973 1248/1480/972
f 1251/1483/975 1249/1397/919 1245/1395/918 1247/1481/973
f 1254/1422/931 1256/1484/976 1252/1482/974 1250/1420/930
f 1256/1484/976 1255/1485/977 1251/1483/975 1252/1482/974
f 1255/1485/977 1253/1399/920 1249/1397/919 1251/1483/975
f 1258/1424/932 1260/1486/978 1256/1484/976 1254/1422/931
f 1260/1486/978 1259/1487/979 1255/1485/977 1256/1484/976
f 1259/1487/979 1257/1401/921 1253/1399/920 1255/1485/977
f 1262/1426/933 1264/1488/980 1260/1486/978 1258/1424/932
f 1264/1488/980 1263/1489/981 1259/1487/979 1260/1486/978
f 1263/1489/981 1261/1403/922 1257/1401/921 1259/1487/979
f 1266/1428/934 1268/1490/982 1264/1488/980 1262/1426/933
f 1268/1490/982 1267/1491/983 1263/1489/981 1264/1488/980
f 1267/1491/983 1265/1405/923 1261/1403/922 1263/1489/981
f 1270/1430/935 1272/1492/984 1268/1490/982 1266/1428/934
f 1272/1492/984 1271/1493/985 1267/1491/983 1268/1490/982
f 1271/1493/985 1269/1408/925 1265/1405/923 1267/1491/983
f 1274/1432/936 1276/1494/986 1272/1492/984 1270/1430/935
f 1276/1494/986 1275/1495/987 1271/1493/985 1272/1492/984
f 1275/1495/987 1273/1379/909 1269/1408/925 1271/1493/985
f 1278/1434/937 1280/1496/988 1276/1494/986 1274/1432/936
f 1280/1496/988 1279/1497/989 1275/1495/987 1276/1494/986
f 1279/1497/989 1277/1380/910 1273/1379/909 1275/1495/987
f 1282/1436/938 1284/1498/990 1280/1496/988 1278/1434/937
f 1284/1498/990 1283/1499/991 1279/1497/989 1280/1496/988
f 1283/1499/991 1281/1382/911 1277/1380/910 1279/1497/989
f 1286/1438/939 1288/1500/992 1284/1498/990 1282/1436/938
f 1288/1500/992 1287/1501/993 1283/1499/991 1284/1498/990
f 1287/1501/993 1285/1384/912 1281/1382/911 1283/1499/991
f 1290/1440/940 1292/1502/994 1288/1500/992 1286/1438/939
f 1292/1502/994 1291/1503/995 1287/1501/993 1288/1500/992
f 1291/1503/995 1289/1387/914 1285/1384/912 1287/1501/993
f 1294/1442/941 1296/1504/996 1292/1502/994 1290/1440/940
f 1296/1504/996 1295/1505/997 1291/1503/995 1292/1502/994
f 1295/1505/997 1293/1391/916 1289/1387/914 1291/1503/995
f 1189/1037/688 1191/1097/737 1296/1504/996 1294/1442/941
f 1191/1097/737 1192/1098/738 1295/1505/997 1296/1504/996
f 1192/1098/738 1190/1008/661 1293/1391/916 1295/1505/997
f 890/1248/664 1308/1131/664 1298/707/476 958/836/585
f 892/1263/666 1309/1129/666 1308/1131/664 890/1248/664
f 867/1239/762 1307/1127/762 1309/1129/666 892/1263/666
f 872/1238/760 1310/1125/760 1307/1127/762 867/1239/762
f 889/1246/859 1311/1123/758 1310/1125/760 872/1238/760
f 928/1234/854 1306/1121/756 1311/1123/758 889/1246/859
f 927/1233/853 1305/1119/754 1306/1121/756 928/1234/854
f 926/1235/4 1304/1117/4 1305/1119/754 927/1233/853
f 925/1236/855 1303/1115/751 1304/1117/4 926/1235/4
f 924/1237/856 1302/1113/749 1303/1115/751 925/1236/855
f 853/1249/860 1301/1111/747 1302/1113/749 924/1237/856
f 893/1241/681 1312/1109/745 1301/1111/747 853/1249/860
f 929/1240/683 1313/1107/683 1312/1109/745 893/1241/681
f 849/1247/685 1300/1105/685 1313/1107/683 929/1240/683
f 847/1252/687 1299/1103/687 1300/1105/685 849/1247/685
f 956/845/445 1297/675/445 1299/1103/687 847/1252/687
f 898/1185/805 1330/1297/679 1315/1268/677 899/1187/807
f 897/1184/804 1329/1295/681 1330/1297/679 898/1185/805
f 896/1181/801 1328/1293/683 1329/1295/681 897/1184/804
f 895/1180/800 1327/1291/685 1328/1293/683 896/1181/801
f 908/1194/814 1326/1289/664 1320/883/476 963/777/535
f 894/1192/812 1325/1287/687 1327/1291/685 895/1180/800
f 907/1193/813 1324/1285/666 1326/1289/664 908/1194/814
f 962/774/532 1317/875/445 1325/1287/687 894/1192/812
f 906/1190/810 1323/1283/762 1324/1285/666 907/1193/813
f 905/1189/809 1322/1281/760 1323/1283/762 906/1190/810
f 904/1188/808 1321/1279/670 1322/1281/760 905/1189/809
f 903/1186/806 1319/1277/669 1321/1279/670 904/1188/808
f 902/1183/803 1318/1275/672 1319/1277/669 903/1186/806
f 901/1182/802 1316/1273/4 1318/1275/672 902/1183/803
f 900/1191/811 1314/1271/675 1316/1273/4 901/1182/802
f 899/1187/807 1315/1268/677 1314/1271/675 900/1191/811
f 1336/1314/486 1055/1315/506 1074/1363/486 1331/1365/506
f 1334/1198/818 985/1229/849 882/1161/787 1332/1160/786
f 1335/1197/817 1016/1230/850 985/1229/849 1334/1198/818
f 1333/1159/785 947/1172/795 883/1175/797 1332/1160/786
f 1335/1197/817 1017/1196/816 1055/1315/506 1336/1314/486
f 855/1162/788 1357/1165/790 1364/1167/792 945/1166/791
f 1337/1152/780 945/1166/791 878/1169/793 1338/1153/781
f 1340/1219/839 1010/1218/838 1048/1320/479 1341/1307/479
f 1341/1307/479 1048/1320/479 1069/1355/486 1342/1369/479
f 1339/1220/840 997/1215/835 877/1138/769 1338/1153/781
f 1340/1219/839 1009/1216/836 997/1215/835 1339/1220/840
f 1342/1369/479 1069/1355/486 914/1324/875 1343/1328/879
f 1344/1327/878 1027/1326/877 913/1325/876 1343/1328/879
f 1331/1365/506 1074/1363/486 919/1339/890 1346/1342/893
f 1345/1341/892 1032/1336/887 918/1335/886 1346/1342/893
f 892/1263/666 890/1248/664 946/1154/664 943/1143/666
f 1347/1243/4 1350/1253/861 954/1256/864 952/1244/4
f 871/1264/479 1355/1506/798 1356/1507/998 888/1261/506
f 888/1261/506 1356/1507/998 1357/1165/790 930/1262/865
f 891/1258/479 1358/1508/999 1355/1506/798 871/1264/479
f 935/1257/506 1359/1134/767 1358/1508/999 891/1258/479
f 932/1259/593 1352/1135/506 1359/1134/767 935/1257/506
f 930/1262/865 1357/1165/790 936/1164/486 1353/1260/865
f 1354/1265/506 933/1141/506 1352/1135/506 932/1259/593
f 1353/1260/865 936/1164/486 933/1141/506 1354/1265/506
f 1348/1242/857 1356/1507/998 1355/1506/798 1347/1243/4
f 1349/1266/866 1357/1165/790 1356/1507/998 1348/1242/857
f 1347/1243/4 1355/1506/798 1358/1508/999 1350/1253/861
f 1350/1253/861 1358/1508/999 1359/1134/767 1351/1254/862
f 934/1255/863 1361/1149/777 1360/1148/776 954/1256/864
f 954/1256/864 1360/1148/776 1362/1177/4 952/1244/4
f 952/1244/4 1362/1177/4 1363/1176/776 948/1245/858
f 948/1245/858 1363/1176/776 1364/1167/792 931/1267/867
f 1351/1254/862 1359/1134/767 1361/1149/777 934/1255/863
f 931/1267/867 1364/1167/792 1357/1165/790 1349/1266/866
f 1368/1509/1000 1369/1510/1000 1371/1511/1001 1370/1512/1000
f 1370/1513/1000 1371/1514/1001 1373/1515/1000 2379/1516/1002 2382/1517/1003
f 1376/1518/1004 2400/1519/1005 2401/1520/1006 2403/1521/1006 1375/1522/486 1374/1523/486
f 1378/1524/479 1379/1525/479 1380/1526/479 1377/1527/479
f 1374/1528/486 1375/1529/486 1379/1525/479 1378/1524/479
f 1381/1530/479 1382/1531/479 1384/1532/479 1383/1533/479
f 1377/1534/479 1380/1535/479 1382/1531/479 1381/1530/479
f 1386/1536/479 1387/1537/479 1385/1538/479 1388/1539/479
f 1383/1540/479 1384/1541/479 1387/1537/479 1386/1536/479
f 1390/1542/479 1391/1543/479 2370/1544/1007 2368/1545/1008 1389/1546/760
f 1388/1547/479 1385/1548/479 1391/1543/479 1390/1542/479
f 1389/1549/760 2368/1550/1008 2364/1551/1009 2365/1552/1009
f 1395/1553/1010 1396/1554/1010 1394/1555/1000 1393/1556/1001
f 1398/1557/1000 1399/1558/1000 1400/1559/1000 1397/1560/1000
f 1393/1561/1001 1394/1562/1000 1399/1558/1000 1398/1557/1000
f 1401/1563/1010 1402/1564/1010 1404/1565/1010 1403/1566/1010
f 1397/1567/1000 1400/1568/1000 1402/1564/1010 1401/1563/1010
f 1406/1569/1001 1407/1570/1001 1405/1571/1000 1408/1572/1000
f 1403/1573/1010 1404/1574/1010 1407/1570/1001 1406/1569/1001
f 1410/1575/1000 1411/1576/1000 1412/1577/1010 1409/1578/1010
f 1408/1579/1000 1405/1580/1000 1411/1576/1000 1410/1575/1000
f 1413/1581/1010 1414/1582/1011 2357/1583/1009 2356/1584/1009 2361/1585/1009
f 1409/1586/1010 1412/1587/1010 1414/1582/1011 1413/1581/1010
f 1415/1588/1012 2416/1589/1013 2418/1590/1007 1417/1591/506 1416/1592/506
f 1420/1593/486 1421/1594/486 1419/1595/506 1418/1596/506
f 1416/1597/506 1417/1598/506 1421/1594/486 1420/1593/486
f 1423/1599/479 1424/1600/479 1425/1601/479 1422/1602/479
f 1418/1603/506 1419/1604/506 1424/1600/479 1423/1599/479
f 1426/1605/479 1427/1606/479 1429/1607/479 1428/1608/479
f 1422/1609/479 1425/1610/479 1427/1606/479 1426/1605/479
f 1431/1611/479 1432/1612/506 1430/1613/479 1433/1614/479
f 1428/1615/479 1429/1616/479 1432/1612/506 1431/1611/479
f 1435/1617/479 1436/1618/479 1437/1619/479 1434/1620/479
f 1433/1621/479 1430/1622/479 1436/1618/479 1435/1617/479
f 1439/1623/479 1440/1624/479 1438/1625/506 1441/1626/506
f 1434/1627/479 1437/1628/479 1440/1624/479 1439/1623/479
f 1441/1629/506 1438/1630/506 2359/1631/1014 2358/1632/1014
f 1442/1633/1000 1443/1634/1000 1445/1635/1010 1444/1636/1010
f 1448/1637/1000 1449/1638/1001 1447/1639/1000 1446/1640/1000
f 1444/1641/1010 1445/1642/1010 1449/1638/1001 1448/1637/1000
f 1451/1643/1000 1452/1644/1000 1453/1645/1010 1450/1646/1010
f 1446/1647/1000 1447/1648/1000 1452/1644/1000 1451/1643/1000
f 1454/1649/1010 1455/1650/1010 1457/1651/1001 1456/1652/1000
f 1450/1653/1010 1453/1654/1010 1455/1650/1010 1454/1649/1010
f 1459/1655/1000 1460/1656/1000 1458/1657/1000 1461/1658/1000
f 1456/1659/1000 1457/1660/1001 1460/1656/1000 1459/1655/1000
f 1463/1661/1001 1464/1662/1010 1465/1663/1010 1462/1664/1010
f 1461/1665/1000 1458/1666/1000 1464/1662/1010 1463/1661/1001
f 1467/1667/1010 1468/1668/1010 1466/1669/1000 1469/1670/1000
f 1462/1671/1010 1465/1672/1010 1468/1668/1010 1467/1667/1010
f 1469/1673/1000 1466/1674/1000 1470/1675/1015 2349/1676/1016 2351/1677/1003
f 1473/1678/486 1474/1679/506 1476/1680/479 1475/1681/479
f 1471/1682/1017 1472/1683/479 1474/1679/506 1473/1678/486
f 1479/1684/479 1480/1685/479 1478/1686/479 1477/1687/479
f 1475/1688/479 1476/1689/479 1480/1685/479 1479/1684/479
f 1482/1690/506 1483/1691/506 1484/1692/479 1481/1693/479
f 1477/1694/479 1478/1695/479 1483/1691/506 1482/1690/506
f 1485/1696/479 1486/1697/479 1488/1698/506 1487/1699/506
f 1481/1700/479 1484/1701/479 1486/1697/479 1485/1696/479
f 1490/1702/479 1491/1703/479 1489/1704/479 1492/1705/479
f 1487/1706/506 1488/1707/506 1491/1703/479 1490/1702/479
f 1494/1708/486 1495/1709/486 1496/1710/486 1493/1711/506
f 1492/1712/479 1489/1713/479 1495/1709/486 1494/1708/486
f 1498/1714/486 1499/1715/506 1497/1716/486 1500/1717/486
f 1493/1718/506 1496/1719/486 1499/1715/506 1498/1714/486
f 1501/1720/1018 1502/1721/506 2352/1722/1006 2344/1723/1006 2343/1724/1006
f 1500/1725/486 1497/1726/486 1502/1721/506 1501/1720/1018
f 1505/1727/1000 1506/1728/1000 1508/1729/1000 1507/1730/1000
f 1503/1731/1000 1504/1732/1000 1506/1728/1000 1505/1727/1000
f 1511/1733/1000 1512/1734/1000 1510/1735/1000 1509/1736/1000
f 1507/1737/1000 1508/1738/1000 1512/1734/1000 1511/1733/1000
f 1514/1739/1001 1515/1740/1001 1516/1741/1001 1513/1742/1000
f 1509/1743/1000 1510/1744/1000 1515/1740/1001 1514/1739/1001
f 1517/1745/1001 1518/1746/1000 1520/1747/1001 1519/1748/1010
f 1513/1749/1000 1516/1750/1001 1518/1746/1000 1517/1745/1001
f 1522/1751/1001 1523/1752/1000 1521/1753/1010 1524/1754/1010
f 1519/1755/1010 1520/1756/1001 1523/1752/1000 1522/1751/1001
f 1526/1757/1010 1527/1758/1010 1528/1759/1000 1525/1760/1000
f 1524/1761/1010 1521/1762/1010 1527/1758/1010 1526/1757/1010
f 1530/1763/1001 1531/1764/1001 1529/1765/1001 1532/1766/1010
f 1525/1767/1000 1528/1768/1000 1531/1764/1001 1530/1763/1001
f 1533/1769/1001 1534/1770/1000 2347/1771/1009 2346/1772/1009
f 1532/1773/1010 1529/1774/1001 1534/1770/1000 1533/1769/1001
f 1537/1775/479 1538/1776/479 1540/1777/479 1539/1778/479
f 1535/1779/479 1536/1780/479 1538/1776/479 1537/1775/479
f 1543/1781/479 1544/1782/479 1542/1783/479 1541/1784/479
f 1539/1785/479 1540/1786/479 1544/1782/479 1543/1781/479
f 1546/1787/479 1547/1788/479 1548/1789/506 1545/1790/479
f 1541/1791/479 1542/1792/479 1547/1788/479 1546/1787/479
f 1549/1793/479 1550/1794/479 1552/1795/479 1551/1796/479
f 1545/1797/479 1548/1798/506 1550/1794/479 1549/1793/479
f 1554/1799/479 1555/1800/479 1553/1801/479 1556/1802/479
f 1551/1803/479 1552/1804/479 1555/1800/479 1554/1799/479
f 1558/1805/479 1559/1806/479 1560/1807/479 1557/1808/479
f 1556/1809/479 1553/1810/479 1559/1806/479 1558/1805/479
f 1562/1811/479 1563/1812/506 1561/1813/506 1564/1814/479
f 1557/1815/479 1560/1816/479 1563/1812/506 1562/1811/479
f 1565/1817/479 1566/1818/506 2331/1819/1006 2332/1820/1006
f 1564/1821/479 1561/1822/506 1566/1818/506 1565/1817/479
f 1569/1823/1001 1570/1824/1001 1572/1825/1000 1571/1826/1000
f 1567/1827/1010 1568/1828/1019 1570/1824/1001 1569/1823/1001
f 1575/1829/1000 1576/1830/1000 1574/1831/1000 1573/1832/1001
f 1571/1833/1000 1572/1834/1000 1576/1830/1000 1575/1829/1000
f 1578/1835/1000 1579/1836/1000 1580/1837/1010 1577/1838/1001
f 1573/1839/1001 1574/1840/1000 1579/1836/1000 1578/1835/1000
f 1581/1841/1010 1582/1842/1010 1584/1843/1000 1583/1844/1000
f 1577/1845/1001 1580/1846/1010 1582/1842/1010 1581/1841/1010
f 1586/1847/1000 1587/1848/1000 1585/1849/1000 1588/1850/1000
f 1583/1851/1000 1584/1852/1000 1587/1848/1000 1586/1847/1000
f 1590/1853/1000 1591/1854/1000 1592/1855/1000 1589/1856/1001
f 1588/1857/1000 1585/1858/1000 1591/1854/1000 1590/1853/1000
f 1594/1859/1000 1595/1860/1001 1593/1861/1000 1596/1862/1000
f 1589/1863/1001 1592/1864/1000 1595/1860/1001 1594/1859/1000
f 1598/1865/1000 1599/1866/1000 1597/1867/1020 1600/1868/1021
f 1596/1869/1000 1593/1870/1000 1599/1866/1000 1598/1865/1000
f 1600/1871/1021 1597/1872/1020 2334/1873/1022 2325/1874/1022 2326/1875/1022
f 1603/1876/479 1604/1877/479 1606/1878/479 1605/1879/479
f 1601/1880/506 1602/1881/506 1604/1877/479 1603/1876/479
f 1609/1882/479 1610/1883/479 1608/1884/479 1607/1885/479
f 1605/1886/479 1606/1887/479 1610/1883/479 1609/1882/479
f 1612/1888/479 1613/1889/479 1614/1890/479 1611/1891/506
f 1607/1892/479 1608/1893/479 1613/1889/479 1612/1888/479
f 1615/1894/479 1616/1895/479 1618/1896/479 1617/1897/506
f 1611/1898/506 1614/1899/479 1616/1895/479 1615/1894/479
f 1620/1900/506 1621/1901/506 1619/1902/506 1622/1903/506
f 1617/1904/506 1618/1905/479 1621/1901/506 1620/1900/506
f 1624/1906/486 1625/1907/486 1626/1908/486 1623/1909/486
f 1622/1910/506 1619/1911/506 1625/1907/486 1624/1906/486
f 1628/1912/479 1629/1913/479 1627/1914/479 1630/1915/479
f 1623/1916/486 1626/1917/486 1629/1913/479 1628/1912/479
f 1631/1918/479 1632/1919/479 2335/1920/1007 2342/1921/1007
f 1630/1922/479 1627/1923/479 1632/1919/479 1631/1918/479
f 1635/1924/1001 1636/1925/1001 1638/1926/1001 1637/1927/1000
f 1633/1928/1001 1634/1929/1001 1636/1925/1001 1635/1924/1001
f 1641/1930/1000 1642/1931/1000 1640/1932/1001 1639/1933/1000
f 1637/1934/1000 1638/1935/1001 1642/1931/1000 1641/1930/1000
f 1644/1936/1001 1645/1937/1010 1646/1938/1000 1643/1939/1001
f 1639/1940/1000 1640/1941/1001 1645/1937/1010 1644/1936/1001
f 1647/1942/1001 1648/1943/1000 1650/1944/1000 1649/1945/1000
f 1643/1946/1001 1646/1947/1000 1648/1943/1000 1647/1942/1001
f 1652/1948/1000 1653/1949/1000 1651/1950/1001 1654/1951/1000
f 1649/1952/1000 1650/1953/1000 1653/1949/1000 1652/1948/1000
f 1656/1954/1010 1657/1955/1010 1658/1956/1010 1655/1957/1010
f 1654/1958/1000 1651/1959/1001 1657/1955/1010 1656/1954/1010
f 1660/1960/1001 1661/1961/1001 1659/1962/1000 1662/1963/1001
f 1655/1964/1010 1658/1965/1010 1661/1961/1001 1660/1960/1001
f 1663/1966/1001 1664/1967/1010 2339/1968/1009 2340/1969/1009
f 1662/1970/1001 1659/1971/1000 1664/1967/1010 1663/1966/1001
f 1667/1972/479 1668/1973/479 1670/1974/506 1669/1975/506
f 1665/1976/479 1666/1977/479 1668/1973/479 1667/1972/479
f 1673/1978/506 1674/1979/506 1672/1980/479 1671/1981/479
f 1669/1982/506 1670/1983/506 1674/1979/506 1673/1978/506
f 1676/1984/506 1677/1985/486 1678/1986/506 1675/1987/479
f 1671/1988/479 1672/1989/479 1677/1985/486 1676/1984/506
f 1679/1990/479 1680/1991/479 1682/1992/506 1681/1993/506
f 1675/1994/479 1678/1995/506 1680/1991/479 1679/1990/479
f 1684/1996/506 1685/1997/479 1683/1998/479 1686/1999/479
f 1681/2000/506 1682/2001/506 1685/1997/479 1684/1996/506
f 1688/2002/506 1689/2003/479 1690/2004/479 1687/2005/479
f 1686/2006/479 1683/2007/479 1689/2003/479 1688/2002/506
f 1692/2008/506 1693/2009/479 1691/2010/506 1694/2011/506
f 1687/2012/479 1690/2013/479 1693/2009/479 1692/2008/506
f 1695/2014/479 1696/2015/479 2313/2016/1007 2312/2017/1007
f 1694/2018/506 1691/2019/506 1696/2015/479 1695/2014/479
f 1697/2020/1010 1698/2021/1001 1700/2022/1001 1699/2023/1001
f 1703/2024/1000 1704/2025/1000 1702/2026/1001 1701/2027/1001
f 1699/2028/1001 1700/2029/1001 1704/2025/1000 1703/2024/1000
f 1706/2030/1010 1707/2031/1010 1708/2032/1000 1705/2033/1001
f 1701/2034/1001 1702/2035/1001 1707/2031/1010 1706/2030/1010
f 1709/2036/1000 1710/2037/1000 1712/2038/1000 1711/2039/1001
f 1705/2040/1001 1708/2041/1000 1710/2037/1000 1709/2036/1000
f 1714/2042/1001 1715/2043/1001 1713/2044/1000 1716/2045/1000
f 1711/2046/1001 1712/2047/1000 1715/2043/1001 1714/2042/1001
f 1718/2048/1000 1719/2049/1000 1720/2050/1000 1717/2051/1000
f 1716/2052/1000 1713/2053/1000 1719/2049/1000 1718/2048/1000
f 1722/2054/1000 1723/2055/1000 1721/2056/1023 1724/2057/1000
f 1717/2058/1000 1720/2059/1000 1723/2055/1000 1722/2054/1000
f 1725/2060/1010 2318/2061/1024 2314/2062/1025
f 1724/2063/1000 1721/2064/1023 2319/2065/1003 2318/2061/1024 1725/2060/1010
f 1731/2066/506 1732/2067/506 1730/2068/506 1729/2069/506
f 1727/2070/1026 1728/2071/479 1732/2067/506 1731/2066/506
f 1734/2072/479 1735/2073/479 1736/2074/506 1733/2075/479
f 1729/2076/506 1730/2077/506 1735/2073/479 1734/2072/479
f 1737/2078/486 1738/2079/486 1740/2080/486 1739/2081/486
f 1733/2082/479 1736/2083/506 1738/2079/486 1737/2078/486
f 1742/2084/486 1743/2085/486 1741/2086/486 1744/2087/486
f 1739/2088/486 1740/2089/486 1743/2085/486 1742/2084/486
f 1746/2090/486 1747/2091/486 1748/2092/486 1745/2093/506
f 1744/2094/486 1741/2095/486 1747/2091/486 1746/2090/486
f 1750/2096/486 1751/2097/486 1749/2098/486 1752/2099/1027
f 1745/2100/506 1748/2101/486 1751/2097/486 1750/2096/486
f 1752/2102/1027 1749/2103/486 2305/2104/1028 2306/2105/1028 2307/2106/1028
f 1757/2107/1000 1758/2108/1000 1756/2109/1010 1755/2110/1001
f 1753/2111/1000 1754/2112/1029 1758/2108/1000 1757/2107/1000
f 1760/2113/1010 1761/2114/1001 1762/2115/1000 1759/2116/1000
f 1755/2117/1001 1756/2118/1010 1761/2114/1001 1760/2113/1010
f 1763/2119/1000 1764/2120/1001 1766/2121/1010 1765/2122/1010
f 1759/2123/1000 1762/2124/1000 1764/2120/1001 1763/2119/1000
f 1768/2125/1010 1769/2126/1010 1767/2127/1010 1770/2128/1010
f 1765/2129/1010 1766/2130/1010 1769/2126/1010 1768/2125/1010
f 1772/2131/1000 1773/2132/1001 1774/2133/1000 1771/2134/1000
f 1770/2135/1010 1767/2136/1010 1773/2132/1001 1772/2131/1000
f 1775/2137/1000 1776/2138/1030 2294/2139/1009 2293/2140/1009 2304/2141/1009
f 1771/2142/1000 1774/2143/1000 1776/2138/1030 1775/2137/1000
f 1781/2144/479 1782/2145/479 1783/2146/479 1780/2147/479
f 1777/2148/1031 1778/2149/506 1782/2145/479 1781/2144/479
f 1784/2150/506 1785/2151/506 1787/2152/486 1786/2153/486
f 1780/2154/479 1783/2155/479 1785/2151/506 1784/2150/506
f 1789/2156/486 1790/2157/486 1788/2158/486 1791/2159/486
f 1786/2160/486 1787/2161/486 1790/2157/486 1789/2156/486
f 1793/2162/479 1794/2163/479 1795/2164/479 1792/2165/1032
f 1791/2166/486 1788/2167/486 1794/2163/479 1793/2162/479
f 1792/2168/1032 1795/2169/479 2291/2170/1028 2279/2171/1028 2280/2172/1028
f 1797/2173/1010 2258/2174/1033 2257/2175/1025 1798/2176/1030 1796/2177/1000
f 1799/2178/1000 1800/2179/1000 1802/2180/1010 1801/2181/1010
f 1796/2182/1000 1798/2183/1030 1800/2179/1000 1799/2178/1000
f 1803/2184/1010 1804/2185/1034 2264/2186/1025 2262/2187/1033 1805/2188/1010
f 1801/2189/1010 1802/2190/1010 1804/2185/1034 1803/2184/1010
f 1805/2191/1010 2262/2192/1033 2267/2193/1035 2281/2194/1035
f 1809/2195/479 1810/2196/479 1812/2197/479 1811/2198/479
f 1806/2199/1036 1808/2200/479 1810/2196/479 1809/2195/479
f 1814/2201/506 1815/2202/506 1813/2203/506 1816/2204/506
f 1811/2205/479 1812/2206/479 1815/2202/506 1814/2201/506
f 1817/2207/1037 1818/2208/479 2309/2209/1038 2310/2210/1038 2322/2211/1038
f 1816/2212/506 1813/2213/506 1818/2208/479 1817/2207/1037
f 1821/2214/1010 2415/2215/1039 2414/2216/1040 1820/2217/1041 1819/2218/1010
f 1823/2219/1010 1824/2220/1010 1825/2221/1000 1822/2222/1000
f 1819/2223/1010 1820/2224/1041 1824/2220/1010 1823/2219/1010
f 1826/2225/1001 1827/2226/1000 1829/2227/1000 1828/2228/1000
f 1822/2229/1000 1825/2230/1000 1827/2226/1000 1826/2225/1001
f 1831/2231/1000 1832/2232/1000 1830/2233/1001 1833/2234/1001
f 1828/2235/1000 1829/2236/1000 1832/2232/1000 1831/2231/1000
f 1835/2237/1000 1836/2238/1001 1837/2239/1042 1834/2240/1001
f 1833/2241/1001 1830/2242/1001 1836/2238/1001 1835/2237/1000
f 1838/2243/1000 2295/2244/1043 2296/2245/1044
f 1834/2246/1001 1837/2247/1042 2299/2248/1045 2295/2244/1043 1838/2243/1000
f 1842/2249/1046 1843/2250/479 1841/2251/479 1840/2252/479
f 1845/2253/506 1846/2254/479 1847/2255/506 1844/2256/479
f 1840/2257/479 1841/2258/479 1846/2254/479 1845/2253/506
f 1848/2259/506 1849/2260/479 1851/2261/479 1850/2262/479
f 1844/2263/479 1847/2264/506 1849/2260/479 1848/2259/506
f 1853/2265/506 1854/2266/479 1852/2267/486 1855/2268/486
f 1850/2269/479 1851/2270/479 1854/2266/479 1853/2265/506
f 1857/2271/506 1858/2272/479 1859/2273/479 1856/2274/479
f 1855/2275/486 1852/2276/486 1858/2272/479 1857/2271/506
f 1861/2277/479 1862/2278/479 1860/2279/479 1863/2280/479
f 1856/2281/479 1859/2282/479 1862/2278/479 1861/2277/479
f 1863/2283/479 1860/2284/479 2284/2285/1047 2283/2286/1047
f 1868/2287/1000 1869/2288/1000 1867/2289/1000 1866/2290/1000
f 1864/2291/1000 1865/2292/1048 1869/2288/1000 1868/2287/1000
f 1871/2293/1000 1872/2294/1000 1873/2295/1000 1870/2296/1000
f 1866/2297/1000 1867/2298/1000 1872/2294/1000 1871/2293/1000
f 1874/2299/1000 1875/2300/1000 1877/2301/1001 1876/2302/1010
f 1870/2303/1000 1873/2304/1000 1875/2300/1000 1874/2299/1000
f 1879/2305/1010 1880/2306/1010 1878/2307/1000 1881/2308/1000
f 1876/2309/1010 1877/2310/1001 1880/2306/1010 1879/2305/1010
f 1883/2311/1000 1884/2312/1000 1885/2313/1001 1882/2314/1000
f 1881/2315/1000 1878/2316/1000 1884/2312/1000 1883/2311/1000
f 1887/2317/1010 1888/2318/1010 1886/2319/1049 1889/2320/1010
f 1882/2321/1000 1885/2322/1001 1888/2318/1010 1887/2317/1010
f 1890/2323/1000 2287/2324/1050 2272/2325/1044 2273/2326/1044
f 1889/2327/1010 1886/2328/1049 2288/2329/1045 2287/2324/1050 1890/2323/1000
f 1891/2330/479 1892/2331/479 1894/2332/479 1893/2333/479
f 1897/2334/479 1898/2335/479 1896/2336/479 1895/2337/479
f 1893/2338/479 1894/2339/479 1898/2335/479 1897/2334/479
f 1900/2340/479 1901/2341/479 1902/2342/506 1899/2343/506
f 1895/2344/479 1896/2345/479 1901/2341/479 1900/2340/479
f 1903/2346/506 1904/2347/506 1906/2348/506 1905/2349/479
f 1899/2350/506 1902/2351/506 1904/2347/506 1903/2346/506
f 1908/2352/486 1909/2353/486 1907/2354/506 1910/2355/486
f 1905/2356/479 1906/2357/506 1909/2353/486 1908/2352/486
f 1912/2358/486 1913/2359/506 1914/2360/486 1911/2361/506
f 1910/2362/486 1907/2363/506 1913/2359/506 1912/2358/486
f 1916/2364/479 1917/2365/479 1915/2366/479 1918/2367/479
f 1911/2368/506 1914/2369/486 1917/2365/479 1916/2364/479
f 1919/2370/506 1920/2371/506 2270/2372/1051 2271/2373/1051
f 1918/2374/479 1915/2375/479 1920/2371/506 1919/2370/506
f 1921/2376/1010 1922/2377/1010 1924/2378/1010 1923/2379/1010
f 1927/2380/1010 1928/2381/1010 1926/2382/1000 1925/2383/1001
f 1923/2384/1010 1924/2385/1010 1928/2381/1010 1927/2380/1010
f 1930/2386/1010 1931/2387/1001 1932/2388/1000 1929/2389/1000
f 1925/2390/1001 1926/2391/1000 1931/2387/1001 1930/2386/1010
f 1933/2392/1000 1934/2393/1000 1936/2394/1001 1935/2395/1000
f 1929/2396/1000 1932/2397/1000 1934/2393/1000 1933/2392/1000
f 1938/2398/1000 1939/2399/1001 1937/2400/1001 1940/2401/1010
f 1935/2402/1000 1936/2403/1001 1939/2399/1001 1938/2398/1000
f 1942/2404/1010 1943/2405/1001 1944/2406/1010 1941/2407/1001
f 1940/2408/1010 1937/2409/1001 1943/2405/1001 1942/2404/1010
f 1946/2410/1001 1947/2411/1010 1945/2412/1001 1948/2413/1001
f 1941/2414/1001 1944/2415/1010 1947/2411/1010 1946/2410/1001
f 1950/2416/1001 1951/2417/1001 1949/2418/1000 1952/2419/1000
f 1948/2420/1001 1945/2421/1001 1951/2417/1001 1950/2416/1001
f 1952/2422/1000 1949/2423/1000 2260/2424/1045 2259/2425/1045
f 1955/2426/506 1956/2427/486 1958/2428/506 1957/2429/479
f 1953/2430/1052 1954/2431/479 1956/2427/486 1955/2426/506
f 1961/2432/479 1962/2433/479 1960/2434/479 1959/2435/479
f 1957/2436/479 1958/2437/506 1962/2433/479 1961/2432/479
f 1964/2438/486 1965/2439/486 1966/2440/506 1963/2441/486
f 1959/2442/479 1960/2443/479 1965/2439/486 1964/2438/486
f 1967/2444/479 1968/2445/479 1970/2446/479 1969/2447/479
f 1963/2448/486 1966/2449/506 1968/2445/479 1967/2444/479
f 1972/2450/479 1973/2451/479 1971/2452/506 1974/2453/479
f 1969/2454/479 1970/2455/479 1973/2451/479 1972/2450/479
f 1976/2456/479 1977/2457/479 1978/2458/479 1975/2459/479
f 1974/2460/479 1971/2461/506 1977/2457/479 1976/2456/479
f 1980/2462/479 1981/2463/479 1979/2464/479 1982/2465/479
f 1975/2466/479 1978/2467/479 1981/2463/479 1980/2462/479
f 1984/2468/479 1985/2469/506 1983/2470/479 1986/2471/1053
f 1982/2472/479 1979/2473/479 1985/2469/506 1984/2468/479
f 1986/2474/1053 1983/2475/479 2255/2476/1054 2254/2477/1054 2256/2478/1054
f 1989/2479/1010 1990/2480/1010 1992/2481/1001 1991/2482/1000
f 1987/2483/1010 1988/2484/1010 1990/2480/1010 1989/2479/1010
f 1995/2485/1000 1996/2486/1001 1994/2487/1010 1993/2488/1001
f 1991/2489/1000 1992/2490/1001 1996/2486/1001 1995/2485/1000
f 1998/2491/1000 1999/2492/1000 2000/2493/1000 1997/2494/1000
f 1993/2495/1001 1994/2496/1010 1999/2492/1000 1998/2491/1000
f 2001/2497/1000 2002/2498/1000 2004/2499/1010 2003/2500/1001
f 1997/2501/1000 2000/2502/1000 2002/2498/1000 2001/2497/1000
f 2006/2503/1001 2007/2504/1010 2005/2505/1000 2008/2506/1000
f 2003/2507/1001 2004/2508/1010 2007/2504/1010 2006/2503/1001
f 2010/2509/1000 2011/2510/1000 2012/2511/1000 2009/2512/1000
f 2008/2513/1000 2005/2514/1000 2011/2510/1000 2010/2509/1000
f 2014/2515/1001 2015/2516/1001 2013/2517/1000 2016/2518/1000
f 2009/2519/1000 2012/2520/1000 2015/2516/1001 2014/2515/1001
f 2018/2521/1000 2019/2522/1000 2017/2523/1000 2020/2524/1000
f 2016/2525/1000 2013/2526/1000 2019/2522/1000 2018/2521/1000
f 2020/2527/1000 2017/2528/1000 2253/2529/1055 2252/2530/1055
f 2023/2531/486 2024/2532/506 2026/2533/486 2025/2534/506
f 2021/2535/486 2022/2536/506 2024/2532/506 2023/2531/486
f 2029/2537/506 2030/2538/506 2028/2539/486 2027/2540/506
f 2025/2541/506 2026/2542/486 2030/2538/506 2029/2537/506
f 2032/2543/479 2033/2544/479 2034/2545/479 2031/2546/479
f 2027/2547/506 2028/2548/486 2033/2544/479 2032/2543/479
f 2035/2549/479 2036/2550/479 2038/2551/479 2037/2552/479
f 2031/2553/479 2034/2554/479 2036/2550/479 2035/2549/479
f 2040/2555/479 2041/2556/479 2039/2557/479 2042/2558/479
f 2037/2559/479 2038/2560/479 2041/2556/479 2040/2555/479
f 2044/2561/479 2045/2562/479 2046/2563/479 2043/2564/479
f 2042/2565/479 2039/2566/479 2045/2562/479 2044/2561/479
f 2048/2567/486 2049/2568/506 2047/2569/486 2050/2570/486
f 2043/2571/479 2046/2572/479 2049/2568/506 2048/2567/486
f 2052/2573/486 2053/2574/486 2051/2575/486 2054/2576/486
f 2050/2577/486 2047/2578/486 2053/2574/486 2052/2573/486
f 2054/2579/486 2051/2580/486 2250/2581/1047 2251/2582/1047
f 2057/2583/1000 2058/2584/1000 2060/2585/1001 2059/2586/1010
f 2055/2587/1010 2056/2588/1010 2058/2584/1000 2057/2583/1000
f 2063/2589/1001 2064/2590/1001 2062/2591/1001 2061/2592/1001
f 2059/2593/1010 2060/2594/1001 2064/2590/1001 2063/2589/1001
f 2066/2595/1000 2067/2596/1001 2068/2597/1001 2065/2598/1001
f 2061/2599/1001 2062/2600/1001 2067/2596/1001 2066/2595/1000
f 2069/2601/1001 2070/2602/1000 2072/2603/1000 2071/2604/1000
f 2065/2605/1001 2068/2606/1001 2070/2602/1000 2069/2601/1001
f 2074/2607/1010 2075/2608/1010 2073/2609/1010 2076/2610/1010
f 2071/2611/1000 2072/2612/1000 2075/2608/1010 2074/2607/1010
f 2078/2613/1000 2079/2614/1001 2080/2615/1000 2077/2616/1001
f 2076/2617/1010 2073/2618/1010 2079/2614/1001 2078/2613/1000
f 2082/2619/1001 2083/2620/1001 2081/2621/1010 2084/2622/1001
f 2077/2623/1001 2080/2624/1000 2083/2620/1001 2082/2619/1001
f 2086/2625/1010 2087/2626/1001 2085/2627/1010 2088/2628/1010
f 2084/2629/1001 2081/2630/1010 2087/2626/1001 2086/2625/1010
f 2088/2631/1010 2085/2632/1010 2249/2633/1045 2248/2634/1045
f 2089/2635/479 2090/2636/479 2092/2637/479 2091/2638/479
f 2095/2639/479 2096/2640/479 2094/2641/479 2093/2642/479
f 2091/2643/479 2092/2644/479 2096/2640/479 2095/2639/479
f 2098/2645/486 2099/2646/486 2100/2647/486 2097/2648/486
f 2093/2649/479 2094/2650/479 2099/2646/486 2098/2645/486
f 2101/2651/479 2102/2652/479 2104/2653/479 2103/2654/479
f 2097/2655/486 2100/2656/486 2102/2652/479 2101/2651/479
f 2106/2657/506 2107/2658/506 2105/2659/479 2108/2660/506
f 2103/2661/479 2104/2662/479 2107/2658/506 2106/2657/506
f 2110/2663/479 2111/2664/506 2112/2665/479 2109/2666/479
f 2108/2667/506 2105/2668/479 2111/2664/506 2110/2663/479
f 2114/2669/479 2115/2670/479 2113/2671/479 2116/2672/479
f 2109/2673/479 2112/2674/479 2115/2670/479 2114/2669/479
f 2118/2675/506 2119/2676/506 2117/2677/486 2120/2678/486
f 2116/2679/479 2113/2680/479 2119/2676/506 2118/2675/506
f 2120/2681/486 2117/2682/486 2268/2683/1047 2263/2684/1047
f 2121/2685/1000 2122/2686/1056 2124/2687/1001 2123/2688/1001
f 2127/2689/1010 2128/2690/1010 2126/2691/1010 2125/2692/1010
f 2123/2693/1001 2124/2694/1001 2128/2690/1010 2127/2689/1010
f 2130/2695/1010 2131/2696/1010 2132/2697/1001 2129/2698/1001
f 2125/2699/1010 2126/2700/1010 2131/2696/1010 2130/2695/1010
f 2133/2701/1000 2134/2702/1000 2136/2703/1000 2135/2704/1000
f 2129/2705/1001 2132/2706/1001 2134/2702/1000 2133/2701/1000
f 2138/2707/1001 2139/2708/1000 2137/2709/1000 2140/2710/1000
f 2135/2711/1000 2136/2712/1000 2139/2708/1000 2138/2707/1001
f 2142/2713/1000 2143/2714/1000 2144/2715/1001 2141/2716/1001
f 2140/2717/1000 2137/2718/1000 2143/2714/1000 2142/2713/1000
f 2146/2719/1010 2147/2720/1010 2145/2721/1001 2148/2722/1001
f 2141/2723/1001 2144/2724/1001 2147/2720/1010 2146/2719/1010
f 2149/2725/1001 2150/2726/1057 2266/2727/1044 2265/2728/1044 2282/2729/1044
f 2148/2730/1001 2145/2731/1001 2150/2726/1057 2149/2725/1001
f 2151/2732/486 2366/2733/1058 2367/2734/1038 2153/2735/486 2152/2736/486
f 2156/2737/479 2157/2738/479 2155/2739/479 2154/2740/479
f 2152/2741/486 2153/2742/486 2157/2738/479 2156/2737/479
f 2159/2743/506 2160/2744/506 2161/2745/486 2158/2746/486
f 2154/2747/479 2155/2748/479 2160/2744/506 2159/2743/506
f 2162/2749/486 2163/2750/486 2165/2751/506 2164/2752/479
f 2158/2753/486 2161/2754/486 2163/2750/486 2162/2749/486
f 2167/2755/479 2168/2756/479 2166/2757/479 2169/2758/479
f 2164/2759/479 2165/2760/506 2168/2756/479 2167/2755/479
f 2171/2761/479 2172/2762/479 2173/2763/479 2170/2764/479
f 2169/2765/479 2166/2766/479 2172/2762/479 2171/2761/479
f 2175/2767/479 2176/2768/479 2174/2769/479 2177/2770/479
f 2170/2771/479 2173/2772/479 2176/2768/479 2175/2767/479
f 2178/2773/479 2179/2774/479 2278/2775/1051 2277/2776/1051
f 2177/2777/479 2174/2778/479 2179/2774/479 2178/2773/479
f 2184/2779/1000 2185/2780/1000 2183/2781/1010 2182/2782/1010
f 2180/2783/1000 2181/2784/1000 2185/2780/1000 2184/2779/1000
f 2187/2785/1010 2188/2786/1010 2189/2787/1001 2186/2788/1001
f 2182/2789/1010 2183/2790/1010 2188/2786/1010 2187/2785/1010
f 2190/2791/1001 2191/2792/1010 2193/2793/1000 2192/2794/1000
f 2186/2795/1001 2189/2796/1001 2191/2792/1010 2190/2791/1001
f 2195/2797/1000 2196/2798/1000 2194/2799/1010 2197/2800/1001
f 2192/2801/1000 2193/2802/1000 2196/2798/1000 2195/2797/1000
f 2199/2803/1001 2200/2804/1001 2201/2805/1001 2198/2806/1001
f 2197/2807/1001 2194/2808/1010 2200/2804/1001 2199/2803/1001
f 2203/2809/1000 2204/2810/1001 2202/2811/1010 2205/2812/1010
f 2198/2813/1001 2201/2814/1001 2204/2810/1001 2203/2809/1000
f 2205/2815/1010 2202/2816/1010 2290/2817/1045 2292/2818/1045
f 2208/2819/479 2209/2820/479 2207/2821/479 2206/2822/479
f 2211/2823/479 2212/2824/479 2213/2825/479 2210/2826/479
f 2206/2827/479 2207/2828/479 2212/2824/479 2211/2823/479
f 2214/2829/506 2215/2830/506 2217/2831/506 2216/2832/506
f 2210/2833/479 2213/2834/479 2215/2830/506 2214/2829/506
f 2219/2835/479 2220/2836/506 2218/2837/506 2221/2838/479
f 2216/2839/506 2217/2840/506 2220/2836/506 2219/2835/479
f 2223/2841/479 2224/2842/479 2225/2843/479 2222/2844/479
f 2221/2845/479 2218/2846/506 2224/2842/479 2223/2841/479
f 2226/2847/479 2227/2848/479 2303/2849/1051 2302/2850/1051
f 2222/2851/479 2225/2852/479 2227/2848/479 2226/2847/479
f 2230/2853/1000 2231/2854/1000 2232/2855/1001 2229/2856/1001
f 2233/2857/1000 2234/2858/1000 2236/2859/1000 2235/2860/1000
f 2229/2861/1001 2232/2862/1001 2234/2858/1000 2233/2857/1000
f 2238/2863/1000 2239/2864/1000 2237/2865/1000 2240/2866/1000
f 2235/2867/1000 2236/2868/1000 2239/2864/1000 2238/2863/1000
f 2241/2869/1000 2242/2870/1000 2243/2871/1000 2316/2872/1059 2315/2873/1044
f 2240/2874/1000 2237/2875/1000 2242/2870/1000 2241/2869/1000
f 2244/2876/486 2330/2877/1060 2329/2878/1038 2328/2879/1061 2245/2880/486
f 2246/2881/486 2341/2882/1061 2338/2883/1051 2337/2884/1062 2247/2885/1063
f 2245/2886/486 2328/2887/1061 2327/2888/1047 2341/2882/1061 2246/2881/486
f 2247/2889/1063 2337/2890/1062 2336/2891/1064
f 2412/2892/1003 2413/2893/1003 1443/1634/1000 1442/1633/1000
f 2423/2894/1003 2422/2895/1065 1392/2896/453 1396/1554/1010 1395/1553/1010
f 2398/2897/1066 2397/2898/1066 2400/1519/1005 1376/1518/1004
f 2391/2899/1003 2386/2900/1003 2385/2901/1003 2405/2902/1067 1367/2903/1000 1369/1510/1000 1368/1509/1000
f 2435/2904/1068 2408/2905/1047 2409/2906/1047 1807/2907/486
f 2406/2908/1069 2387/2909/1069 2388/2910/1069 1954/2911/479 1953/2912/1052
f 2384/2913/1038 2383/2914/1038 2022/2915/506 2021/2916/486
f 2399/2917/1044 2396/2918/1044 2395/2919/1044 2394/2920/1044 1865/2921/1048 1864/2922/1000
f 2297/2923/1070 2300/2924/1014 1726/2925/479
f 2433/2926/1007 2432/2927/1007 1536/2928/479 1535/2929/479
f 2431/2930/1009 2428/2931/1009 2429/2932/1009 1568/2933/1019 1567/2934/1010
f 2298/2935/1007 2297/2923/1070 1726/2925/479 1728/2936/479 1727/2937/1026
f 2405/2938/1067 2393/2939/1009 1367/2940/1000
f 2308/2941/1035 2311/2942/1035 1698/2021/1001 1697/2020/1010
f 2355/2943/1054 2360/2944/1054 2209/2820/479 2208/2819/479
f 2389/2945/1044 2390/2946/1044 1988/2947/1010 1987/2948/1010
f 2345/2949/1047 2333/2950/1047 2330/2877/1060 2244/2876/486
f 2275/2951/1007 2274/2952/1071 1779/2953/486 1778/2954/506 1777/2955/1031
f 2362/2956/1044 2363/2957/1044 2181/2958/1000 2180/2959/1000
f 2378/2960/1072 2374/2961/1009 2379/1516/1002 1373/1515/1000 1372/2962/1073
f 2424/2963/1074 2426/2964/1038 1839/2965/486
f 2404/2966/1047 2402/2967/1047 1892/2331/479 1891/2330/479
f 2422/2968/1065 2419/2969/1014 2420/2970/1014 1392/2971/453
f 2417/2972/1075 2416/1589/1013 1415/1588/1012
f 2317/2973/1045 2316/2974/1059 2243/2975/1000
f 2353/2976/1045 2348/2977/1076 2228/2978/1021 2231/2854/1000 2230/2853/1000
f 2301/2979/1009 2285/2980/1009 2286/2981/1009 1754/2982/1029 1753/2983/1000
f 2373/2984/1047 2376/2985/1047 2090/2636/479 2089/2635/479
f 2321/2986/1009 2320/2987/1009 1634/2988/1001 1633/2989/1001
f 2354/2990/1077 2349/1676/1016 1470/1675/1015
f 2371/2991/1055 2372/2992/1055 2375/2993/1055 2122/2686/1056 2121/2685/1000
f 2369/2994/1054 2366/2733/1058 2151/2732/486
f 2438/2995/1006 2410/2996/1006 2411/2997/1006 1472/2998/479 1471/2999/1017
f 2437/3000/1009 2434/3001/1009 1504/3002/1000 1503/3003/1000
f 2377/3004/1007 2378/3005/1072 1372/3006/1073
f 2324/3007/1007 2323/3008/1007 1666/3009/479 1665/3010/479
f 2430/3011/1006 2427/3012/1006 1602/3013/506 1601/3014/506
f 2381/3015/1040 2380/3016/1040 2056/3017/1010 2055/3018/1010
f 2274/2952/1071 2276/3019/1028 2289/3020/1028 1779/2953/486
f 2348/3021/1076 2350/3022/1078 2228/3023/1021
f 2421/3024/1045 2415/2215/1039 1821/2214/1010
f 2425/3025/1047 2424/3026/1074 1839/3027/486 1843/2250/479 1842/2249/1046
f 2407/3028/1045 2392/3029/1045 1922/2377/1010 1921/2376/1010
f 2436/3030/1038 2435/2904/1068 1807/2907/486 1808/3031/479 1806/3032/1036
f 2269/3033/1003 2261/3034/1003 2258/2174/1033 1797/2173/1010
usemtl Aerator_Grey
f 1137/1048/498 1138/1042/489 757/1040/488 756/978/646 755/977/645 1139/1066/708 754/1064/706 1140/1063/485 1141/1462/955 1142/1060/703 1143/1058/701 753/1056/482 1144/1054/698 1145/1050/499 752/1046/491 1146/1045/693 1147/1448/775 1148/1452/783 1149/1454/948 1150/1456/770 1151/1458/951 1152/1460/953 1153/1464/957 1154/1466/771 1155/1468/960 1156/1470/962 1157/1376/907 1158/1375/796 1159/1444/774 1160/1446/773 1161/1450/782 1136/1052/512
usemtl Sensor
f 2472/3035/1079 2642/3036/1080 2475/3037/1081 2474/3038/1082
f 2449/3039/1083 2453/3040/1084 2451/3041/1085 2447/3042/1086
f 2490/3043/1087 2535/3044/1088 2533/3045/1089 2488/3046/1090
f 2447/3042/1086 2451/3041/1085 2452/3047/1091 2448/3048/1092
f 2534/3049/1093 2538/3050/1094 2540/3051/1095 2536/3052/1096
f 2452/3047/1091 2456/3053/1097 2458/3054/1098 2454/3055/1099
f 2493/3056/1100 2600/3057/1101 2596/3058/1102 2492/3059/1103
f 2451/3041/1085 2455/3060/1104 2456/3053/1097 2452/3047/1091
f 2494/3061/1105 2604/3062/1106 2600/3057/1101 2493/3056/1100
f 2453/3040/1084 2457/3063/1107 2455/3060/1104 2451/3041/1085
f 2495/3064/1108 2608/3065/1109 2604/3062/1106 2494/3061/1105
f 2456/3053/1097 2460/3066/1110 2462/3067/1111 2458/3054/1098
f 2496/3068/1112 2612/3069/1113 2608/3065/1109 2495/3064/1108
f 2455/3060/1104 2459/3070/1114 2460/3066/1110 2456/3053/1097
f 2474/3038/1082 2510/3071/1115 2502/3072/1116 2472/3035/1079
f 2497/3073/1117 2616/3074/1118 2612/3069/1113 2496/3068/1112
f 2460/3066/1110 2481/3075/1119 2483/3076/1120 2462/3067/1111
f 2473/3077/1121 2505/3078/1122 2628/3079/1123 2500/3080/1124
f 2498/3081/1125 2620/3082/1126 2616/3074/1118 2497/3073/1117
f 2461/3083/1127 2482/3084/1128 2480/3085/1129 2459/3070/1114
f 2476/3086/1130 2518/3087/1131 2514/3088/1132 2475/3037/1081
f 2499/3089/1133 2624/3090/1134 2620/3082/1126 2498/3081/1125
f 2480/3085/1129 2598/3091/1135 2597/3092/1136 2481/3075/1119
f 2477/3093/1137 2522/3094/1138 2518/3087/1131 2476/3086/1130
f 2500/3080/1124 2628/3079/1123 2624/3090/1134 2499/3089/1133
f 2484/3095/1139 2488/3046/1090 2489/3096/1140 2485/3097/1141
f 2478/3098/1142 2526/3099/1143 2522/3094/1138 2477/3093/1137
f 2486/3100/1144 2490/3043/1087 2488/3046/1090 2484/3095/1139
f 2479/3101/1145 2530/3102/1146 2526/3099/1143 2478/3098/1142
f 2475/3037/1081 2514/3088/1132 2510/3071/1115 2474/3038/1082
f 2489/3096/1140 2534/3049/1093 2536/3052/1096 2491/3103/1147
f 2569/3104/1148 2486/3100/1144 2530/3102/1146 2479/3101/1145
f 2482/3084/1128 2596/3058/1102 2598/3091/1135 2480/3085/1129
f 2488/3046/1090 2533/3045/1089 2534/3049/1093 2489/3096/1140
f 2440/3105/1149 2506/3106/1150 2501/3107/1151 2439/3108/1152
f 2439/3108/1152 2501/3107/1151 2509/3109/1153 2441/3110/1154
f 2441/3110/1154 2509/3109/1153 2513/3111/1155 2442/3112/1156
f 2442/3112/1156 2513/3111/1155 2517/3113/1157 2443/3114/1158
f 2443/3114/1158 2517/3113/1157 2521/3115/1159 2444/3116/1160
f 2444/3116/1160 2521/3115/1159 2525/3117/1161 2445/3118/1162
f 2445/3118/1162 2525/3117/1161 2529/3119/1163 2446/3120/1164
f 2446/3120/1164 2529/3119/1163 2487/3121/1165 2586/3122/67
f 2565/3123/1166 2683/3124/1167 2684/3125/1168 2566/3126/1169
f 2566/3126/1169 2684/3125/1168 2685/3127/1170 2567/3128/1171
f 2567/3128/1171 2685/3127/1170 2682/3129/1172 2568/3130/1173
f 2568/3130/1173 2682/3129/1172 2649/3131/1174 2492/3059/1103
f 2577/3132/1175 2576/3133/1176 2556/3134/1177 2559/3135/1178
f 2553/3136/1179 2663/3137/1180 2661/3138/1181 2555/3139/1182
f 2554/3140/1183 2664/3141/1184 2663/3137/1180 2553/3136/1179
f 2556/3134/1177 2662/3142/1185 2664/3141/1184 2554/3140/1183
f 2664/3141/1184 2660/3143/1186 2659/3144/1187 2663/3137/1180
f 2662/3142/1185 2658/3145/1188 2660/3143/1186 2664/3141/1184
f 2659/3144/1187 2655/3146/1189 2653/3147/1190 2657/3148/1191
f 2660/3143/1186 2656/3149/1192 2655/3146/1189 2659/3144/1187
f 2658/3145/1188 2654/3150/1193 2656/3149/1192 2660/3143/1186
f 2655/3146/1189 2448/3048/1092 2450/3151/1194 2653/3147/1190
f 2656/3149/1192 2447/3042/1086 2448/3048/1092 2655/3146/1189
f 2654/3150/1193 2449/3039/1083 2447/3042/1086 2656/3149/1192
f 2463/3152/444 2595/3153/1195 2599/3154/1196 2464/3155/1197
f 2464/3155/1197 2599/3154/1196 2603/3156/1198 2465/3157/1199
f 2465/3157/1199 2603/3156/1198 2607/3158/1200 2466/3159/1201
f 2466/3159/1201 2607/3158/1200 2611/3160/1202 2467/3161/1203
f 2467/3161/1203 2611/3160/1202 2615/3162/1204 2468/3163/1205
f 2468/3163/1205 2615/3162/1204 2619/3164/1206 2469/3165/1207
f 2469/3165/1207 2619/3164/1206 2623/3166/1208 2470/3167/1209
f 2470/3167/1209 2623/3166/1208 2627/3168/1210 2471/3169/1211
f 2471/3169/1211 2627/3168/1210 2506/3106/1150 2440/3105/1149
f 2663/3137/1180 2659/3144/1187 2657/3148/1191 2661/3138/1181
f 2502/3072/1116 2504/3170/1212 2507/3171/1213 2505/3078/1122
f 2504/3170/1212 2503/3172/1214 2508/3173/1215 2507/3171/1213
f 2503/3172/1214 2501/3107/1151 2506/3106/1150 2508/3173/1215
f 2510/3071/1115 2512/3174/1216 2504/3170/1212 2502/3072/1116
f 2512/3174/1216 2511/3175/1217 2503/3172/1214 2504/3170/1212
f 2511/3175/1217 2509/3109/1153 2501/3107/1151 2503/3172/1214
f 2514/3088/1132 2516/3176/1218 2512/3174/1216 2510/3071/1115
f 2516/3176/1218 2515/3177/1219 2511/3175/1217 2512/3174/1216
f 2515/3177/1219 2513/3111/1155 2509/3109/1153 2511/3175/1217
f 2518/3087/1131 2520/3178/1220 2516/3176/1218 2514/3088/1132
f 2520/3178/1220 2519/3179/1221 2515/3177/1219 2516/3176/1218
f 2519/3179/1221 2517/3113/1157 2513/3111/1155 2515/3177/1219
f 2522/3094/1138 2524/3180/1222 2520/3178/1220 2518/3087/1131
f 2524/3180/1222 2523/3181/1223 2519/3179/1221 2520/3178/1220
f 2523/3181/1223 2521/3115/1159 2517/3113/1157 2519/3179/1221
f 2526/3099/1143 2528/3182/1224 2524/3180/1222 2522/3094/1138
f 2528/3182/1224 2527/3183/1225 2523/3181/1223 2524/3180/1222
f 2527/3183/1225 2525/3117/1161 2521/3115/1159 2523/3181/1223
f 2530/3102/1146 2532/3184/1226 2528/3182/1224 2526/3099/1143
f 2532/3184/1226 2531/3185/1227 2527/3183/1225 2528/3182/1224
f 2531/3185/1227 2529/3119/1163 2525/3117/1161 2527/3183/1225
f 2486/3100/1144 2484/3095/1139 2532/3184/1226 2530/3102/1146
f 2484/3095/1139 2485/3097/1141 2531/3185/1227 2532/3184/1226
f 2485/3097/1141 2487/3121/1165 2529/3119/1163 2531/3185/1227
f 2537/3186/1228 2541/3187/1229 2542/3188/1230 2538/3050/1094
f 2542/3188/1230 2546/3189/1231 2548/3190/1232 2544/3191/1233
f 2535/3044/1088 2539/3192/1234 2537/3186/1228 2533/3045/1089
f 2538/3050/1094 2542/3188/1230 2544/3191/1233 2540/3051/1095
f 2539/3192/1234 2543/3193/1235 2541/3187/1229 2537/3186/1228
f 2533/3045/1089 2537/3186/1228 2538/3050/1094 2534/3049/1093
f 2543/3193/1235 2547/3194/1236 2545/3195/1237 2541/3187/1229
f 2546/3189/1231 2550/3196/1238 2552/3197/1239 2548/3190/1232
f 2541/3187/1229 2545/3195/1237 2546/3189/1231 2542/3188/1230
f 2547/3194/1236 2551/3198/1240 2549/3199/1241 2545/3195/1237
f 2550/3196/1238 2558/3200/1242 2560/3201/1243 2552/3197/1239
f 2545/3195/1237 2549/3199/1241 2550/3196/1238 2546/3189/1231
f 2551/3198/1240 2559/3135/1178 2557/3202/1244 2549/3199/1241
f 2558/3200/1242 2553/3136/1179 2555/3139/1182 2560/3201/1243
f 2549/3199/1241 2557/3202/1244 2558/3200/1242 2550/3196/1238
f 2559/3135/1178 2556/3134/1177 2554/3140/1183 2557/3202/1244
f 2578/3203/1245 2593/3204/1246 2555/3139/1182 2661/3138/1181
f 2557/3202/1244 2554/3140/1183 2553/3136/1179 2558/3200/1242
f 2580/3205/1247 2579/3206/1248 2657/3148/1191 2653/3147/1190
f 2581/3207/1249 2580/3205/1247 2653/3147/1190 2450/3151/1194
f 2579/3206/1248 2578/3203/1245 2661/3138/1181 2657/3148/1191
f 2583/3208/1250 2582/3209/1251 2454/3055/1099 2458/3054/1098
f 2584/3210/1252 2583/3208/1250 2458/3054/1098 2462/3067/1111
f 2582/3209/1251 2581/3207/1249 2450/3151/1194 2454/3055/1099
f 2591/3211/1253 2590/3212/1254 2544/3191/1233 2548/3190/1232
f 2594/3213/1255 2592/3214/1256 2552/3197/1239 2560/3201/1243
f 2589/3215/1257 2588/3216/1258 2536/3052/1096 2540/3051/1095
f 2590/3212/1254 2589/3215/1257 2540/3051/1095 2544/3191/1233
f 2592/3214/1256 2591/3211/1253 2548/3190/1232 2552/3197/1239
f 2588/3216/1258 2587/3217/1259 2491/3103/1147 2536/3052/1096
f 2569/3104/1148 2570/3218/1260 2490/3043/1087 2486/3100/1144
f 2574/3219/1261 2575/3220/1262 2551/3198/1240 2547/3194/1236
f 2593/3204/1246 2594/3213/1255 2560/3201/1243 2555/3139/1182
f 2571/3221/1263 2572/3222/1264 2539/3192/1234 2535/3044/1088
f 2561/3223/1265 2562/3224/1266 2658/3145/1188 2662/3142/1185
f 2570/3218/1260 2571/3221/1263 2535/3044/1088 2490/3043/1087
f 2562/3224/1266 2563/3225/1267 2654/3150/1193 2658/3145/1188
f 2573/3226/1268 2574/3219/1261 2547/3194/1236 2543/3193/1235
f 2572/3222/1264 2573/3226/1268 2543/3193/1235 2539/3192/1234
f 2576/3133/1176 2561/3223/1265 2662/3142/1185 2556/3134/1177
f 2564/3227/1269 2565/3123/1166 2453/3040/1084 2449/3039/1083
f 2563/3225/1267 2564/3227/1269 2449/3039/1083 2654/3150/1193
f 2565/3123/1166 2566/3126/1169 2457/3063/1107 2453/3040/1084
f 2566/3126/1169 2567/3128/1171 2461/3083/1127 2457/3063/1107
f 2575/3220/1262 2577/3132/1175 2559/3135/1178 2551/3198/1240
f 2568/3130/1173 2492/3059/1103 2596/3058/1102 2482/3084/1128
f 2577/3132/1175 2575/3220/1262 2574/3219/1261 2677/3228/1270
f 2567/3128/1171 2568/3130/1173 2482/3084/1128 2461/3083/1127
f 2600/3057/1101 2602/3229/1271 2598/3091/1135 2596/3058/1102
f 2602/3229/1271 2601/3230/1272 2597/3092/1136 2598/3091/1135
f 2601/3230/1272 2599/3154/1196 2595/3153/1195 2597/3092/1136
f 2604/3062/1106 2606/3231/1273 2602/3229/1271 2600/3057/1101
f 2606/3231/1273 2605/3232/1274 2601/3230/1272 2602/3229/1271
f 2605/3232/1274 2603/3156/1198 2599/3154/1196 2601/3230/1272
f 2608/3065/1109 2610/3233/1275 2606/3231/1273 2604/3062/1106
f 2610/3233/1275 2609/3234/1276 2605/3232/1274 2606/3231/1273
f 2609/3234/1276 2607/3158/1200 2603/3156/1198 2605/3232/1274
f 2612/3069/1113 2614/3235/1277 2610/3233/1275 2608/3065/1109
f 2614/3235/1277 2613/3236/1278 2609/3234/1276 2610/3233/1275
f 2613/3236/1278 2611/3160/1202 2607/3158/1200 2609/3234/1276
f 2616/3074/1118 2618/3237/1279 2614/3235/1277 2612/3069/1113
f 2618/3237/1279 2617/3238/1280 2613/3236/1278 2614/3235/1277
f 2617/3238/1280 2615/3162/1204 2611/3160/1202 2613/3236/1278
f 2620/3082/1126 2622/3239/1281 2618/3237/1279 2616/3074/1118
f 2622/3239/1281 2621/3240/1282 2617/3238/1280 2618/3237/1279
f 2621/3240/1282 2619/3164/1206 2615/3162/1204 2617/3238/1280
f 2624/3090/1134 2626/3241/1283 2622/3239/1281 2620/3082/1126
f 2626/3241/1283 2625/3242/1284 2621/3240/1282 2622/3239/1281
f 2625/3242/1284 2623/3166/1208 2619/3164/1206 2621/3240/1282
f 2628/3079/1123 2630/3243/1285 2626/3241/1283 2624/3090/1134
f 2630/3243/1285 2629/3244/1286 2625/3242/1284 2626/3241/1283
f 2629/3244/1286 2627/3168/1210 2623/3166/1208 2625/3242/1284
f 2505/3078/1122 2507/3171/1213 2630/3243/1285 2628/3079/1123
f 2507/3171/1213 2508/3173/1215 2629/3244/1286 2630/3243/1285
f 2508/3173/1215 2506/3106/1150 2627/3168/1210 2629/3244/1286
f 2463/3152/444 2585/3245/1287 2483/3076/1120 2595/3153/1195
f 2587/3217/1259 2586/3122/67 2487/3121/1165 2491/3103/1147
f 2585/3245/1287 2584/3210/1252 2462/3067/1111 2483/3076/1120
f 2472/3035/1079 2502/3072/1116 2505/3078/1122 2473/3077/1121
f 2564/3227/1269 2686/3246/1288 2683/3124/1167 2565/3123/1166
f 2481/3075/1119 2597/3092/1136 2595/3153/1195 2483/3076/1120
f 2493/3056/1100 2492/3059/1103 2649/3131/1174 2647/3247/1289
f 2494/3061/1105 2493/3056/1100 2647/3247/1289 2651/3248/1290
f 2495/3064/1108 2494/3061/1105 2651/3248/1290 2650/3249/1291
f 2496/3068/1112 2495/3064/1108 2650/3249/1291 2648/3250/1292
f 2497/3073/1117 2496/3068/1112 2648/3250/1292 2652/3251/1293
f 2634/3252/1294 2644/3253/1295 2646/3254/1296 2633/3255/1297
f 2457/3063/1107 2461/3083/1127 2459/3070/1114 2455/3060/1104
f 2633/3255/1297 2646/3254/1296 2643/3256/1298 2632/3257/1299
f 2667/3258/1300 2676/3259/1301 2645/3260/1302 2631/3261/1303
f 2473/3077/1121 2500/3080/1124 2641/3262/1304 2635/3263/1305
f 2632/3257/1299 2643/3256/1298 2642/3036/1080 2635/3263/1305
f 2631/3261/1303 2645/3260/1302 2644/3253/1295 2634/3252/1294
f 2640/3264/1306 2634/3252/1294 2633/3255/1297 2639/3265/1307
f 2500/3080/1124 2499/3089/1133 2652/3251/1293 2641/3262/1304
f 2459/3070/1114 2480/3085/1129 2481/3075/1119 2460/3066/1110
f 2639/3265/1307 2633/3255/1297 2632/3257/1299 2637/3266/1308
f 2638/3267/1309 2667/3258/1300 2631/3261/1303 2636/3268/1310
f 2637/3266/1308 2632/3257/1299 2635/3263/1305 2641/3262/1304
f 2636/3268/1310 2631/3261/1303 2634/3252/1294 2640/3264/1306
f 2448/3048/1092 2452/3047/1091 2454/3055/1099 2450/3151/1194
f 2643/3256/1298 2476/3086/1130 2475/3037/1081 2642/3036/1080
f 2646/3254/1296 2477/3093/1137 2476/3086/1130 2643/3256/1298
f 2642/3036/1080 2472/3035/1079 2473/3077/1121 2635/3263/1305
f 2645/3260/1302 2479/3101/1145 2478/3098/1142 2644/3253/1295
f 2676/3259/1301 2569/3104/1148 2479/3101/1145 2645/3260/1302
f 2644/3253/1295 2478/3098/1142 2477/3093/1137 2646/3254/1296
f 2651/3248/1290 2640/3264/1306 2639/3265/1307 2650/3249/1291
f 2485/3097/1141 2489/3096/1140 2491/3103/1147 2487/3121/1165
f 2499/3089/1133 2498/3081/1125 2497/3073/1117 2652/3251/1293
f 2650/3249/1291 2639/3265/1307 2637/3266/1308 2648/3250/1292
f 2649/3131/1174 2638/3267/1309 2636/3268/1310 2647/3247/1289
f 2648/3250/1292 2637/3266/1308 2641/3262/1304 2652/3251/1293
f 2647/3247/1289 2636/3268/1310 2640/3264/1306 2651/3248/1290
f 2669/3269/1311 2668/3270/1312 2681/3271/1313 2679/3272/1314
f 2668/3270/1312 2666/3273/1315 2678/3274/1316 2681/3271/1313
f 2667/3258/1300 2665/3275/1317 2680/3276/1318 2676/3259/1301
f 2576/3133/1176 2670/3277/1319 2675/3278/1320 2561/3223/1265
f 2666/3273/1315 2670/3277/1319 2677/3228/1270 2678/3274/1316
f 2665/3275/1317 2669/3269/1311 2679/3272/1314 2680/3276/1318
f 2674/3279/1321 2673/3280/1322 2668/3270/1312 2669/3269/1311
f 2561/3223/1265 2675/3278/1320 2686/3246/1288 2562/3224/1266
f 2673/3280/1322 2672/3281/1323 2666/3273/1315 2668/3270/1312
f 2638/3267/1309 2671/3282/1324 2665/3275/1317 2667/3258/1300
f 2672/3281/1323 2675/3278/1320 2670/3277/1319 2666/3273/1315
f 2671/3282/1324 2674/3279/1321 2669/3269/1311 2665/3275/1317
f 2678/3274/1316 2677/3228/1270 2574/3219/1261 2573/3226/1268
f 2681/3271/1313 2678/3274/1316 2573/3226/1268 2572/3222/1264
f 2677/3228/1270 2670/3277/1319 2576/3133/1176 2577/3132/1175
f 2680/3276/1318 2679/3272/1314 2571/3221/1263 2570/3218/1260
f 2676/3259/1301 2680/3276/1318 2570/3218/1260 2569/3104/1148
f 2679/3272/1314 2681/3271/1313 2572/3222/1264 2571/3221/1263
f 2685/3127/1170 2684/3125/1168 2673/3280/1322 2674/3279/1321
f 2562/3224/1266 2686/3246/1288 2564/3227/1269 2563/3225/1267
f 2684/3125/1168 2683/3124/1167 2672/3281/1323 2673/3280/1322
f 2649/3131/1174 2682/3129/1172 2671/3282/1324 2638/3267/1309
f 2683/3124/1167 2686/3246/1288 2675/3278/1320 2672/3281/1323
f 2682/3129/1172 2685/3127/1170 2674/3279/1321 2671/3282/1324
l 2426 2395
l 2425 2419
l 2263 2264
l 2268 2267
l 2402 1366
l 2404 2401
l 2389 1365
l 2390 2386
